omega,gamma,beta,t
0,0.0832354,5.798e-06,1.9578e+06
0,0.0832354,5.98992e-06,1.92845e+06
0,0.0832354,6.18184e-06,1.85725e+06
0,0.0832354,6.37376e-06,1.82238e+06
0,0.0832354,6.56567e-06,1.75986e+06
0,0.0832354,6.75759e-06,1.72495e+06
0,0.0832354,6.94951e-06,1.63986e+06
0,0.0832354,7.14143e-06,1.64937e+06
0,0.0832354,7.33335e-06,1.58598e+06
0,0.0832354,7.52527e-06,1.54053e+06
0,0.0832354,7.71718e-06,1.52774e+06
0,0.0832354,7.9091e-06,1.46001e+06
0,0.0832354,8.10102e-06,1.47209e+06
0,0.0832354,8.29294e-06,1.41296e+06
0,0.0832354,8.48486e-06,1.38259e+06
0,0.0832354,8.67678e-06,1.33383e+06
0,0.0832354,8.86869e-06,1.32063e+06
0,0.0832354,9.06061e-06,1.29755e+06
0,0.0832354,9.25253e-06,1.27529e+06
0,0.0832354,9.44445e-06,1.22707e+06
0,0.0832354,9.63637e-06,1.22844e+06
0,0.0832354,9.82829e-06,1.19075e+06
0,0.0832354,1.00202e-05,1.19826e+06
0,0.0832354,1.02121e-05,1.1747e+06
0,0.0832354,1.0404e-05,1.10394e+06
0,0.0832354,1.0596e-05,1.09362e+06
0,0.0832354,1.07879e-05,1.10594e+06
0,0.0832354,1.09798e-05,1.09535e+06
0,0.0832354,1.11717e-05,1.07162e+06
0,0.0832354,1.13636e-05,1.05945e+06
0,0.0832354,1.15556e-05,1.02412e+06
0,0.0832354,1.17475e-05,1.01215e+06
0,0.0832354,1.19394e-05,1.00492e+06
0,0.0832354,1.21313e-05,986585
0,0.0832354,1.23232e-05,968564
0,0.0832354,1.25151e-05,941195
0,0.0832354,1.27071e-05,936661
0,0.0832354,1.2899e-05,911023
0,0.0832354,1.30909e-05,916678
0,0.0832354,1.32828e-05,910874
0,0.0832354,1.34747e-05,886293
0,0.0832354,1.36667e-05,889697
0,0.0832354,1.38586e-05,880956
0,0.0832354,1.40505e-05,865529
0,0.0832354,1.42424e-05,859415
0,0.0832354,1.44343e-05,837906
0,0.0832354,1.46262e-05,834443
0,0.0832354,1.48182e-05,811848
0,0.0832354,1.50101e-05,827634
0,0.0832354,1.5202e-05,786624
0,0.0861646,5.798e-06,1.96576e+06
0,0.0861646,5.98992e-06,1.92632e+06
0,0.0861646,6.18184e-06,1.85366e+06
0,0.0861646,6.37376e-06,1.8305e+06
0,0.0861646,6.56567e-06,1.782e+06
0,0.0861646,6.75759e-06,1.68622e+06
0,0.0861646,6.94951e-06,1.67555e+06
0,0.0861646,7.14143e-06,1.62068e+06
0,0.0861646,7.33335e-06,1.57702e+06
0,0.0861646,7.52527e-06,1.57474e+06
0,0.0861646,7.71718e-06,1.55955e+06
0,0.0861646,7.9091e-06,1.48376e+06
0,0.0861646,8.10102e-06,1.43434e+06
0,0.0861646,8.29294e-06,1.41868e+06
0,0.0861646,8.48486e-06,1.39991e+06
0,0.0861646,8.67678e-06,1.37676e+06
0,0.0861646,8.86869e-06,1.34014e+06
0,0.0861646,9.06061e-06,1.31904e+06
0,0.0861646,9.25253e-06,1.2518e+06
0,0.0861646,9.44445e-06,1.23763e+06
0,0.0861646,9.63637e-06,1.20412e+06
0,0.0861646,9.82829e-06,1.19922e+06
0,0.0861646,1.00202e-05,1.1801e+06
0,0.0861646,1.02121e-05,1.1616e+06
0,0.0861646,1.0404e-05,1.14922e+06
0,0.0861646,1.0596e-05,1.11976e+06
0,0.0861646,1.07879e-05,1.11551e+06
0,0.0861646,1.09798e-05,1.082e+06
0,0.0861646,1.11717e-05,1.09084e+06
0,0.0861646,1.13636e-05,1.07221e+06
0,0.0861646,1.15556e-05,1.06062e+06
0,0.0861646,1.17475e-05,1.04872e+06
0,0.0861646,1.19394e-05,1.0267e+06
0,0.0861646,1.21313e-05,989424
0,0.0861646,1.23232e-05,981270
0,0.0861646,1.25151e-05,979758
0,0.0861646,1.27071e-05,950262
0,0.0861646,1.2899e-05,931038
0,0.0861646,1.30909e-05,930299
0,0.0861646,1.32828e-05,918447
0,0.0861646,1.34747e-05,928474
0,0.0861646,1.36667e-05,903192
0,0.0861646,1.38586e-05,894649
0,0.0861646,1.40505e-05,877982
0,0.0861646,1.42424e-05,850563
0,0.0861646,1.44343e-05,852423
0,0.0861646,1.46262e-05,851882
0,0.0861646,1.48182e-05,837671
0,0.0861646,1.50101e-05,824654
0,0.0861646,1.5202e-05,797451
0,0.0890937,5.798e-06,1.97436e+06
0,0.0890937,5.98992e-06,1.91961e+06
0,0.0890937,6.18184e-06,1.87057e+06
0,0.0890937,6.37376e-06,1.81791e+06
0,0.0890937,6.56567e-06,1.76099e+06
0,0.0890937,6.75759e-06,1.74141e+06
0,0.0890937,6.94951e-06,1.68904e+06
0,0.0890937,7.14143e-06,1.63562e+06
0,0.0890937,7.33335e-06,1.60484e+06
0,0.0890937,7.52527e-06,1.57096e+06
0,0.0890937,7.71718e-06,1.52282e+06
0,0.0890937,7.9091e-06,1.49687e+06
0,0.0890937,8.10102e-06,1.46743e+06
0,0.0890937,8.29294e-06,1.44805e+06
0,0.0890937,8.48486e-06,1.38558e+06
0,0.0890937,8.67678e-06,1.35856e+06
0,0.0890937,8.86869e-06,1.34384e+06
0,0.0890937,9.06061e-06,1.3153e+06
0,0.0890937,9.25253e-06,1.2926e+06
0,0.0890937,9.44445e-06,1.26882e+06
0,0.0890937,9.63637e-06,1.24053e+06
0,0.0890937,9.82829e-06,1.21897e+06
0,0.0890937,1.00202e-05,1.2184e+06
0,0.0890937,1.02121e-05,1.18568e+06
0,0.0890937,1.0404e-05,1.1545e+06
0,0.0890937,1.0596e-05,1.14411e+06
0,0.0890937,1.07879e-05,1.11454e+06
0,0.0890937,1.09798e-05,1.08425e+06
0,0.0890937,1.11717e-05,1.0864e+06
0,0.0890937,1.13636e-05,1.0623e+06
0,0.0890937,1.15556e-05,1.05918e+06
0,0.0890937,1.17475e-05,1.02118e+06
0,0.0890937,1.19394e-05,1.04062e+06
0,0.0890937,1.21313e-05,1.01229e+06
0,0.0890937,1.23232e-05,1.0073e+06
0,0.0890937,1.25151e-05,981571
0,0.0890937,1.27071e-05,947900
0,0.0890937,1.2899e-05,953562
0,0.0890937,1.30909e-05,951628
0,0.0890937,1.32828e-05,920343
0,0.0890937,1.34747e-05,896378
0,0.0890937,1.36667e-05,889845
0,0.0890937,1.38586e-05,880070
0,0.0890937,1.40505e-05,899149
0,0.0890937,1.42424e-05,849097
0,0.0890937,1.44343e-05,852240
0,0.0890937,1.46262e-05,847597
0,0.0890937,1.48182e-05,853612
0,0.0890937,1.50101e-05,831286
0,0.0890937,1.5202e-05,834778
0,0.0920229,5.798e-06,1.97541e+06
0,0.0920229,5.98992e-06,1.91785e+06
0,0.0920229,6.18184e-06,1.84773e+06
0,0.0920229,6.37376e-06,1.83145e+06
0,0.0920229,6.56567e-06,1.79184e+06
0,0.0920229,6.75759e-06,1.74316e+06
0,0.0920229,6.94951e-06,1.66896e+06
0,0.0920229,7.14143e-06,1.63327e+06
0,0.0920229,7.33335e-06,1.60264e+06
0,0.0920229,7.52527e-06,1.56328e+06
0,0.0920229,7.71718e-06,1.54502e+06
0,0.0920229,7.9091e-06,1.50117e+06
0,0.0920229,8.10102e-06,1.48093e+06
0,0.0920229,8.29294e-06,1.42212e+06
0,0.0920229,8.48486e-06,1.40613e+06
0,0.0920229,8.67678e-06,1.37198e+06
0,0.0920229,8.86869e-06,1.36128e+06
0,0.0920229,9.06061e-06,1.32491e+06
0,0.0920229,9.25253e-06,1.28587e+06
0,0.0920229,9.44445e-06,1.29074e+06
0,0.0920229,9.63637e-06,1.23855e+06
0,0.0920229,9.82829e-06,1.23654e+06
0,0.0920229,1.00202e-05,1.21941e+06
0,0.0920229,1.02121e-05,1.1745e+06
0,0.0920229,1.0404e-05,1.16558e+06
0,0.0920229,1.0596e-05,1.16494e+06
0,0.0920229,1.07879e-05,1.11506e+06
0,0.0920229,1.09798e-05,1.10902e+06
0,0.0920229,1.11717e-05,1.07785e+06
0,0.0920229,1.13636e-05,1.05053e+06
0,0.0920229,1.15556e-05,1.08172e+06
0,0.0920229,1.17475e-05,1.03685e+06
0,0.0920229,1.19394e-05,1.01845e+06
0,0.0920229,1.21313e-05,1.00633e+06
0,0.0920229,1.23232e-05,984465
0,0.0920229,1.25151e-05,978056
0,0.0920229,1.27071e-05,964973
0,0.0920229,1.2899e-05,958693
0,0.0920229,1.30909e-05,924528
0,0.0920229,1.32828e-05,938528
0,0.0920229,1.34747e-05,914223
0,0.0920229,1.36667e-05,893977
0,0.0920229,1.38586e-05,913196
0,0.0920229,1.40505e-05,862799
0,0.0920229,1.42424e-05,891803
0,0.0920229,1.44343e-05,857639
0,0.0920229,1.46262e-05,855153
0,0.0920229,1.48182e-05,842541
0,0.0920229,1.50101e-05,854328
0,0.0920229,1.5202e-05,818122
0,0.0949521,5.798e-06,2.00737e+06
0,0.0949521,5.98992e-06,1.93619e+06
0,0.0949521,6.18184e-06,1.88608e+06
0,0.0949521,6.37376e-06,1.82855e+06
0,0.0949521,6.56567e-06,1.78283e+06
0,0.0949521,6.75759e-06,1.71493e+06
0,0.0949521,6.94951e-06,1.72186e+06
0,0.0949521,7.14143e-06,1.65332e+06
0,0.0949521,7.33335e-06,1.60363e+06
0,0.0949521,7.52527e-06,1.58435e+06
0,0.0949521,7.71718e-06,1.55135e+06
0,0.0949521,7.9091e-06,1.5108e+06
0,0.0949521,8.10102e-06,1.4647e+06
0,0.0949521,8.29294e-06,1.45039e+06
0,0.0949521,8.48486e-06,1.41405e+06
0,0.0949521,8.67678e-06,1.38544e+06
0,0.0949521,8.86869e-06,1.34724e+06
0,0.0949521,9.06061e-06,1.32492e+06
0,0.0949521,9.25253e-06,1.31096e+06
0,0.0949521,9.44445e-06,1.28805e+06
0,0.0949521,9.63637e-06,1.25139e+06
0,0.0949521,9.82829e-06,1.23556e+06
0,0.0949521,1.00202e-05,1.20292e+06
0,0.0949521,1.02121e-05,1.20455e+06
0,0.0949521,1.0404e-05,1.19167e+06
0,0.0949521,1.0596e-05,1.15031e+06
0,0.0949521,1.07879e-05,1.1345e+06
0,0.0949521,1.09798e-05,1.11848e+06
0,0.0949521,1.11717e-05,1.09905e+06
0,0.0949521,1.13636e-05,1.10201e+06
0,0.0949521,1.15556e-05,1.062e+06
0,0.0949521,1.17475e-05,1.03397e+06
0,0.0949521,1.19394e-05,1.02648e+06
0,0.0949521,1.21313e-05,1.01199e+06
0,0.0949521,1.23232e-05,1.0014e+06
0,0.0949521,1.25151e-05,984453
0,0.0949521,1.27071e-05,970124
0,0.0949521,1.2899e-05,968539
0,0.0949521,1.30909e-05,943869
0,0.0949521,1.32828e-05,931926
0,0.0949521,1.34747e-05,929496
0,0.0949521,1.36667e-05,930072
0,0.0949521,1.38586e-05,915007
0,0.0949521,1.40505e-05,909546
0,0.0949521,1.42424e-05,865507
0,0.0949521,1.44343e-05,862544
0,0.0949521,1.46262e-05,844359
0,0.0949521,1.48182e-05,853376
0,0.0949521,1.50101e-05,853966
0,0.0949521,1.5202e-05,824900
0,0.0978812,5.798e-06,1.98273e+06
0,0.0978812,5.98992e-06,1.94837e+06
0,0.0978812,6.18184e-06,1.88697e+06
0,0.0978812,6.37376e-06,1.83731e+06
0,0.0978812,6.56567e-06,1.78463e+06
0,0.0978812,6.75759e-06,1.74258e+06
0,0.0978812,6.94951e-06,1.69596e+06
0,0.0978812,7.14143e-06,1.66699e+06
0,0.0978812,7.33335e-06,1.62987e+06
0,0.0978812,7.52527e-06,1.56962e+06
0,0.0978812,7.71718e-06,1.53685e+06
0,0.0978812,7.9091e-06,1.49941e+06
0,0.0978812,8.10102e-06,1.5116e+06
0,0.0978812,8.29294e-06,1.43912e+06
0,0.0978812,8.48486e-06,1.39204e+06
0,0.0978812,8.67678e-06,1.38829e+06
0,0.0978812,8.86869e-06,1.35185e+06
0,0.0978812,9.06061e-06,1.35374e+06
0,0.0978812,9.25253e-06,1.3057e+06
0,0.0978812,9.44445e-06,1.30626e+06
0,0.0978812,9.63637e-06,1.24598e+06
0,0.0978812,9.82829e-06,1.24608e+06
0,0.0978812,1.00202e-05,1.21167e+06
0,0.0978812,1.02121e-05,1.19393e+06
0,0.0978812,1.0404e-05,1.17379e+06
0,0.0978812,1.0596e-05,1.1639e+06
0,0.0978812,1.07879e-05,1.16011e+06
0,0.0978812,1.09798e-05,1.14224e+06
0,0.0978812,1.11717e-05,1.11095e+06
0,0.0978812,1.13636e-05,1.11061e+06
0,0.0978812,1.15556e-05,1.08744e+06
0,0.0978812,1.17475e-05,1.04756e+06
0,0.0978812,1.19394e-05,1.03498e+06
0,0.0978812,1.21313e-05,1.01477e+06
0,0.0978812,1.23232e-05,1.00604e+06
0,0.0978812,1.25151e-05,966832
0,0.0978812,1.27071e-05,985005
0,0.0978812,1.2899e-05,966992
0,0.0978812,1.30909e-05,928123
0,0.0978812,1.32828e-05,943323
0,0.0978812,1.34747e-05,926115
0,0.0978812,1.36667e-05,921892
0,0.0978812,1.38586e-05,894327
0,0.0978812,1.40505e-05,895925
0,0.0978812,1.42424e-05,895837
0,0.0978812,1.44343e-05,873657
0,0.0978812,1.46262e-05,866396
0,0.0978812,1.48182e-05,863605
0,0.0978812,1.50101e-05,833781
0,0.0978812,1.5202e-05,849831
0,0.10081,5.798e-06,2.00932e+06
0,0.10081,5.98992e-06,1.95219e+06
0,0.10081,6.18184e-06,1.87506e+06
0,0.10081,6.37376e-06,1.82871e+06
0,0.10081,6.56567e-06,1.7895e+06
0,0.10081,6.75759e-06,1.75082e+06
0,0.10081,6.94951e-06,1.69661e+06
0,0.10081,7.14143e-06,1.66991e+06
0,0.10081,7.33335e-06,1.61126e+06
0,0.10081,7.52527e-06,1.56915e+06
0,0.10081,7.71718e-06,1.53847e+06
0,0.10081,7.9091e-06,1.5193e+06
0,0.10081,8.10102e-06,1.47863e+06
0,0.10081,8.29294e-06,1.45669e+06
0,0.10081,8.48486e-06,1.42189e+06
0,0.10081,8.67678e-06,1.38604e+06
0,0.10081,8.86869e-06,1.37685e+06
0,0.10081,9.06061e-06,1.32177e+06
0,0.10081,9.25253e-06,1.29598e+06
0,0.10081,9.44445e-06,1.30222e+06
0,0.10081,9.63637e-06,1.26189e+06
0,0.10081,9.82829e-06,1.25098e+06
0,0.10081,1.00202e-05,1.22037e+06
0,0.10081,1.02121e-05,1.20426e+06
0,0.10081,1.0404e-05,1.18032e+06
0,0.10081,1.0596e-05,1.17938e+06
0,0.10081,1.07879e-05,1.13244e+06
0,0.10081,1.09798e-05,1.13742e+06
0,0.10081,1.11717e-05,1.09531e+06
0,0.10081,1.13636e-05,1.08291e+06
0,0.10081,1.15556e-05,1.05074e+06
0,0.10081,1.17475e-05,1.06819e+06
0,0.10081,1.19394e-05,1.01266e+06
0,0.10081,1.21313e-05,1.04707e+06
0,0.10081,1.23232e-05,1.02302e+06
0,0.10081,1.25151e-05,985616
0,0.10081,1.27071e-05,990102
0,0.10081,1.2899e-05,971066
0,0.10081,1.30909e-05,954395
0,0.10081,1.32828e-05,938470
0,0.10081,1.34747e-05,930448
0,0.10081,1.36667e-05,942524
0,0.10081,1.38586e-05,921373
0,0.10081,1.40505e-05,916903
0,0.10081,1.42424e-05,893777
0,0.10081,1.44343e-05,875021
0,0.10081,1.46262e-05,883553
0,0.10081,1.48182e-05,881306
0,0.10081,1.50101e-05,857470
0,0.10081,1.5202e-05,842788
0,0.10374,5.798e-06,2.01628e+06
0,0.10374,5.98992e-06,1.95399e+06
0,0.10374,6.18184e-06,1.87678e+06
0,0.10374,6.37376e-06,1.80624e+06
0,0.10374,6.56567e-06,1.80838e+06
0,0.10374,6.75759e-06,1.74174e+06
0,0.10374,6.94951e-06,1.72391e+06
0,0.10374,7.14143e-06,1.67555e+06
0,0.10374,7.33335e-06,1.62876e+06
0,0.10374,7.52527e-06,1.58676e+06
0,0.10374,7.71718e-06,1.54072e+06
0,0.10374,7.9091e-06,1.52324e+06
0,0.10374,8.10102e-06,1.48411e+06
0,0.10374,8.29294e-06,1.46637e+06
0,0.10374,8.48486e-06,1.41785e+06
0,0.10374,8.67678e-06,1.39992e+06
0,0.10374,8.86869e-06,1.38071e+06
0,0.10374,9.06061e-06,1.36353e+06
0,0.10374,9.25253e-06,1.31816e+06
0,0.10374,9.44445e-06,1.29767e+06
0,0.10374,9.63637e-06,1.28948e+06
0,0.10374,9.82829e-06,1.2455e+06
0,0.10374,1.00202e-05,1.23746e+06
0,0.10374,1.02121e-05,1.21311e+06
0,0.10374,1.0404e-05,1.17815e+06
0,0.10374,1.0596e-05,1.16412e+06
0,0.10374,1.07879e-05,1.16087e+06
0,0.10374,1.09798e-05,1.1477e+06
0,0.10374,1.11717e-05,1.10125e+06
0,0.10374,1.13636e-05,1.14089e+06
0,0.10374,1.15556e-05,1.10784e+06
0,0.10374,1.17475e-05,1.05789e+06
0,0.10374,1.19394e-05,1.04956e+06
0,0.10374,1.21313e-05,1.03728e+06
0,0.10374,1.23232e-05,1.02582e+06
0,0.10374,1.25151e-05,1.03463e+06
0,0.10374,1.27071e-05,986201
0,0.10374,1.2899e-05,994325
0,0.10374,1.30909e-05,974039
0,0.10374,1.32828e-05,959149
0,0.10374,1.34747e-05,938515
0,0.10374,1.36667e-05,932826
0,0.10374,1.38586e-05,935478
0,0.10374,1.40505e-05,919652
0,0.10374,1.42424e-05,885365
0,0.10374,1.44343e-05,888949
0,0.10374,1.46262e-05,883690
0,0.10374,1.48182e-05,859270
0,0.10374,1.50101e-05,873578
0,0.10374,1.5202e-05,834502
0,0.106669,5.798e-06,1.97527e+06
0,0.106669,5.98992e-06,1.95241e+06
0,0.106669,6.18184e-06,1.8658e+06
0,0.106669,6.37376e-06,1.83386e+06
0,0.106669,6.56567e-06,1.76838e+06
0,0.106669,6.75759e-06,1.75694e+06
0,0.106669,6.94951e-06,1.6897e+06
0,0.106669,7.14143e-06,1.66275e+06
0,0.106669,7.33335e-06,1.63695e+06
0,0.106669,7.52527e-06,1.59871e+06
0,0.106669,7.71718e-06,1.53195e+06
0,0.106669,7.9091e-06,1.52121e+06
0,0.106669,8.10102e-06,1.49974e+06
0,0.106669,8.29294e-06,1.44442e+06
0,0.106669,8.48486e-06,1.46525e+06
0,0.106669,8.67678e-06,1.4286e+06
0,0.106669,8.86869e-06,1.37725e+06
0,0.106669,9.06061e-06,1.35288e+06
0,0.106669,9.25253e-06,1.33695e+06
0,0.106669,9.44445e-06,1.2931e+06
0,0.106669,9.63637e-06,1.27516e+06
0,0.106669,9.82829e-06,1.25591e+06
0,0.106669,1.00202e-05,1.24014e+06
0,0.106669,1.02121e-05,1.2169e+06
0,0.106669,1.0404e-05,1.18938e+06
0,0.106669,1.0596e-05,1.18311e+06
0,0.106669,1.07879e-05,1.15032e+06
0,0.106669,1.09798e-05,1.14918e+06
0,0.106669,1.11717e-05,1.12462e+06
0,0.106669,1.13636e-05,1.08765e+06
0,0.106669,1.15556e-05,1.09735e+06
0,0.106669,1.17475e-05,1.06462e+06
0,0.106669,1.19394e-05,1.05743e+06
0,0.106669,1.21313e-05,1.0366e+06
0,0.106669,1.23232e-05,1.02677e+06
0,0.106669,1.25151e-05,992825
0,0.106669,1.27071e-05,1.00856e+06
0,0.106669,1.2899e-05,971227
0,0.106669,1.30909e-05,975208
0,0.106669,1.32828e-05,971990
0,0.106669,1.34747e-05,938370
0,0.106669,1.36667e-05,928930
0,0.106669,1.38586e-05,923800
0,0.106669,1.40505e-05,888916
0,0.106669,1.42424e-05,898605
0,0.106669,1.44343e-05,893102
0,0.106669,1.46262e-05,897777
0,0.106669,1.48182e-05,862960
0,0.106669,1.50101e-05,877153
0,0.106669,1.5202e-05,849702
0,0.109598,5.798e-06,2.01139e+06
0,0.109598,5.98992e-06,1.92108e+06
0,0.109598,6.18184e-06,1.88772e+06
0,0.109598,6.37376e-06,1.83491e+06
0,0.109598,6.56567e-06,1.79545e+06
0,0.109598,6.75759e-06,1.77131e+06
0,0.109598,6.94951e-06,1.69631e+06
0,0.109598,7.14143e-06,1.64804e+06
0,0.109598,7.33335e-06,1.62298e+06
0,0.109598,7.52527e-06,1.58792e+06
0,0.109598,7.71718e-06,1.55208e+06
0,0.109598,7.9091e-06,1.52623e+06
0,0.109598,8.10102e-06,1.4871e+06
0,0.109598,8.29294e-06,1.46492e+06
0,0.109598,8.48486e-06,1.44284e+06
0,0.109598,8.67678e-06,1.38471e+06
0,0.109598,8.86869e-06,1.38674e+06
0,0.109598,9.06061e-06,1.36249e+06
0,0.109598,9.25253e-06,1.31571e+06
0,0.109598,9.44445e-06,1.29572e+06
0,0.109598,9.63637e-06,1.29186e+06
0,0.109598,9.82829e-06,1.26304e+06
0,0.109598,1.00202e-05,1.23489e+06
0,0.109598,1.02121e-05,1.20637e+06
0,0.109598,1.0404e-05,1.19818e+06
0,0.109598,1.0596e-05,1.18471e+06
0,0.109598,1.07879e-05,1.17552e+06
0,0.109598,1.09798e-05,1.13748e+06
0,0.109598,1.11717e-05,1.12589e+06
0,0.109598,1.13636e-05,1.09178e+06
0,0.109598,1.15556e-05,1.10373e+06
0,0.109598,1.17475e-05,1.07798e+06
0,0.109598,1.19394e-05,1.05622e+06
0,0.109598,1.21313e-05,1.0538e+06
0,0.109598,1.23232e-05,1.0268e+06
0,0.109598,1.25151e-05,1.02455e+06
0,0.109598,1.27071e-05,1.00793e+06
0,0.109598,1.2899e-05,991115
0,0.109598,1.30909e-05,962211
0,0.109598,1.32828e-05,968388
0,0.109598,1.34747e-05,971237
0,0.109598,1.36667e-05,946863
0,0.109598,1.38586e-05,903227
0,0.109598,1.40505e-05,909142
0,0.109598,1.42424e-05,923573
0,0.109598,1.44343e-05,897729
0,0.109598,1.46262e-05,884189
0,0.109598,1.48182e-05,874466
0,0.109598,1.50101e-05,870517
0,0.109598,1.5202e-05,883199
0,0.112527,5.798e-06,1.98939e+06
0,0.112527,5.98992e-06,1.9724e+06
0,0.112527,6.18184e-06,1.8953e+06
0,0.112527,6.37376e-06,1.8435e+06
0,0.112527,6.56567e-06,1.80514e+06
0,0.112527,6.75759e-06,1.75815e+06
0,0.112527,6.94951e-06,1.69648e+06
0,0.112527,7.14143e-06,1.65669e+06
0,0.112527,7.33335e-06,1.63688e+06
0,0.112527,7.52527e-06,1.60326e+06
0,0.112527,7.71718e-06,1.5651e+06
0,0.112527,7.9091e-06,1.5255e+06
0,0.112527,8.10102e-06,1.48393e+06
0,0.112527,8.29294e-06,1.48081e+06
0,0.112527,8.48486e-06,1.42497e+06
0,0.112527,8.67678e-06,1.41118e+06
0,0.112527,8.86869e-06,1.39109e+06
0,0.112527,9.06061e-06,1.3497e+06
0,0.112527,9.25253e-06,1.35083e+06
0,0.112527,9.44445e-06,1.3134e+06
0,0.112527,9.63637e-06,1.28109e+06
0,0.112527,9.82829e-06,1.25357e+06
0,0.112527,1.00202e-05,1.23419e+06
0,0.112527,1.02121e-05,1.22873e+06
0,0.112527,1.0404e-05,1.20704e+06
0,0.112527,1.0596e-05,1.18566e+06
0,0.112527,1.07879e-05,1.1603e+06
0,0.112527,1.09798e-05,1.14421e+06
0,0.112527,1.11717e-05,1.12181e+06
0,0.112527,1.13636e-05,1.10694e+06
0,0.112527,1.15556e-05,1.10325e+06
0,0.112527,1.17475e-05,1.10225e+06
0,0.112527,1.19394e-05,1.06688e+06
0,0.112527,1.21313e-05,1.04289e+06
0,0.112527,1.23232e-05,1.02903e+06
0,0.112527,1.25151e-05,1.03186e+06
0,0.112527,1.27071e-05,1.01254e+06
0,0.112527,1.2899e-05,1.02064e+06
0,0.112527,1.30909e-05,970719
0,0.112527,1.32828e-05,1.00284e+06
0,0.112527,1.34747e-05,965206
0,0.112527,1.36667e-05,937738
0,0.112527,1.38586e-05,934457
0,0.112527,1.40505e-05,947340
0,0.112527,1.42424e-05,947030
0,0.112527,1.44343e-05,915657
0,0.112527,1.46262e-05,895452
0,0.112527,1.48182e-05,872440
0,0.112527,1.50101e-05,862109
0,0.112527,1.5202e-05,865783
0,0.115456,5.798e-06,1.98724e+06
0,0.115456,5.98992e-06,1.93996e+06
0,0.115456,6.18184e-06,1.8818e+06
0,0.115456,6.37376e-06,1.82816e+06
0,0.115456,6.56567e-06,1.78468e+06
0,0.115456,6.75759e-06,1.72536e+06
0,0.115456,6.94951e-06,1.69634e+06
0,0.115456,7.14143e-06,1.68376e+06
0,0.115456,7.33335e-06,1.6217e+06
0,0.115456,7.52527e-06,1.61042e+06
0,0.115456,7.71718e-06,1.54541e+06
0,0.115456,7.9091e-06,1.53866e+06
0,0.115456,8.10102e-06,1.49207e+06
0,0.115456,8.29294e-06,1.46593e+06
0,0.115456,8.48486e-06,1.43489e+06
0,0.115456,8.67678e-06,1.41552e+06
0,0.115456,8.86869e-06,1.37957e+06
0,0.115456,9.06061e-06,1.34807e+06
0,0.115456,9.25253e-06,1.33597e+06
0,0.115456,9.44445e-06,1.31626e+06
0,0.115456,9.63637e-06,1.27678e+06
0,0.115456,9.82829e-06,1.27476e+06
0,0.115456,1.00202e-05,1.24492e+06
0,0.115456,1.02121e-05,1.22084e+06
0,0.115456,1.0404e-05,1.20285e+06
0,0.115456,1.0596e-05,1.20523e+06
0,0.115456,1.07879e-05,1.16591e+06
0,0.115456,1.09798e-05,1.14958e+06
0,0.115456,1.11717e-05,1.13495e+06
0,0.115456,1.13636e-05,1.10061e+06
0,0.115456,1.15556e-05,1.08712e+06
0,0.115456,1.17475e-05,1.05592e+06
0,0.115456,1.19394e-05,1.05555e+06
0,0.115456,1.21313e-05,1.04917e+06
0,0.115456,1.23232e-05,1.04304e+06
0,0.115456,1.25151e-05,1.03256e+06
0,0.115456,1.27071e-05,1.01479e+06
0,0.115456,1.2899e-05,1.0062e+06
0,0.115456,1.30909e-05,973978
0,0.115456,1.32828e-05,973976
0,0.115456,1.34747e-05,959653
0,0.115456,1.36667e-05,946904
0,0.115456,1.38586e-05,920685
0,0.115456,1.40505e-05,954067
0,0.115456,1.42424e-05,927675
0,0.115456,1.44343e-05,915793
0,0.115456,1.46262e-05,908683
0,0.115456,1.48182e-05,877940
0,0.115456,1.50101e-05,871253
0,0.115456,1.5202e-05,881357
0,0.118385,5.798e-06,1.99323e+06
0,0.118385,5.98992e-06,1.97462e+06
0,0.118385,6.18184e-06,1.89771e+06
0,0.118385,6.37376e-06,1.83631e+06
0,0.118385,6.56567e-06,1.81807e+06
0,0.118385,6.75759e-06,1.75186e+06
0,0.118385,6.94951e-06,1.69441e+06
0,0.118385,7.14143e-06,1.66468e+06
0,0.118385,7.33335e-06,1.63803e+06
0,0.118385,7.52527e-06,1.58579e+06
0,0.118385,7.71718e-06,1.56849e+06
0,0.118385,7.9091e-06,1.49931e+06
0,0.118385,8.10102e-06,1.50549e+06
0,0.118385,8.29294e-06,1.46086e+06
0,0.118385,8.48486e-06,1.43228e+06
0,0.118385,8.67678e-06,1.40813e+06
0,0.118385,8.86869e-06,1.34837e+06
0,0.118385,9.06061e-06,1.35848e+06
0,0.118385,9.25253e-06,1.35219e+06
0,0.118385,9.44445e-06,1.32028e+06
0,0.118385,9.63637e-06,1.28428e+06
0,0.118385,9.82829e-06,1.25878e+06
0,0.118385,1.00202e-05,1.25686e+06
0,0.118385,1.02121e-05,1.22134e+06
0,0.118385,1.0404e-05,1.20578e+06
0,0.118385,1.0596e-05,1.20187e+06
0,0.118385,1.07879e-05,1.16379e+06
0,0.118385,1.09798e-05,1.13857e+06
0,0.118385,1.11717e-05,1.13693e+06
0,0.118385,1.13636e-05,1.13002e+06
0,0.118385,1.15556e-05,1.10935e+06
0,0.118385,1.17475e-05,1.10593e+06
0,0.118385,1.19394e-05,1.08256e+06
0,0.118385,1.21313e-05,1.06827e+06
0,0.118385,1.23232e-05,1.04829e+06
0,0.118385,1.25151e-05,1.01843e+06
0,0.118385,1.27071e-05,1.0377e+06
0,0.118385,1.2899e-05,997913
0,0.118385,1.30909e-05,1.00594e+06
0,0.118385,1.32828e-05,991477
0,0.118385,1.34747e-05,964356
0,0.118385,1.36667e-05,954895
0,0.118385,1.38586e-05,939593
0,0.118385,1.40505e-05,923129
0,0.118385,1.42424e-05,918193
0,0.118385,1.44343e-05,909615
0,0.118385,1.46262e-05,910244
0,0.118385,1.48182e-05,908703
0,0.118385,1.50101e-05,876755
0,0.118385,1.5202e-05,872770
0,0.121315,5.798e-06,2.0166e+06
0,0.121315,5.98992e-06,1.96056e+06
0,0.121315,6.18184e-06,1.91338e+06
0,0.121315,6.37376e-06,1.84572e+06
0,0.121315,6.56567e-06,1.80458e+06
0,0.121315,6.75759e-06,1.73521e+06
0,0.121315,6.94951e-06,1.69408e+06
0,0.121315,7.14143e-06,1.67588e+06
0,0.121315,7.33335e-06,1.62764e+06
0,0.121315,7.52527e-06,1.58542e+06
0,0.121315,7.71718e-06,1.5838e+06
0,0.121315,7.9091e-06,1.53199e+06
0,0.121315,8.10102e-06,1.50306e+06
0,0.121315,8.29294e-06,1.48096e+06
0,0.121315,8.48486e-06,1.43657e+06
0,0.121315,8.67678e-06,1.43823e+06
0,0.121315,8.86869e-06,1.38056e+06
0,0.121315,9.06061e-06,1.35806e+06
0,0.121315,9.25253e-06,1.3417e+06
0,0.121315,9.44445e-06,1.31129e+06
0,0.121315,9.63637e-06,1.29153e+06
0,0.121315,9.82829e-06,1.27391e+06
0,0.121315,1.00202e-05,1.26905e+06
0,0.121315,1.02121e-05,1.22922e+06
0,0.121315,1.0404e-05,1.21845e+06
0,0.121315,1.0596e-05,1.18293e+06
0,0.121315,1.07879e-05,1.18401e+06
0,0.121315,1.09798e-05,1.14953e+06
0,0.121315,1.11717e-05,1.13083e+06
0,0.121315,1.13636e-05,1.12034e+06
0,0.121315,1.15556e-05,1.14071e+06
0,0.121315,1.17475e-05,1.10447e+06
0,0.121315,1.19394e-05,1.10759e+06
0,0.121315,1.21313e-05,1.05933e+06
0,0.121315,1.23232e-05,1.05202e+06
0,0.121315,1.25151e-05,1.06658e+06
0,0.121315,1.27071e-05,1.02526e+06
0,0.121315,1.2899e-05,1.02684e+06
0,0.121315,1.30909e-05,1.01715e+06
0,0.121315,1.32828e-05,990529
0,0.121315,1.34747e-05,959294
0,0.121315,1.36667e-05,951544
0,0.121315,1.38586e-05,949908
0,0.121315,1.40505e-05,948461
0,0.121315,1.42424e-05,926717
0,0.121315,1.44343e-05,914748
0,0.121315,1.46262e-05,879742
0,0.121315,1.48182e-05,910285
0,0.121315,1.50101e-05,877663
0,0.121315,1.5202e-05,881571
0,0.124244,5.798e-06,1.99102e+06
0,0.124244,5.98992e-06,1.94612e+06
0,0.124244,6.18184e-06,1.88775e+06
0,0.124244,6.37376e-06,1.8381e+06
0,0.124244,6.56567e-06,1.79048e+06
0,0.124244,6.75759e-06,1.76204e+06
0,0.124244,6.94951e-06,1.70698e+06
0,0.124244,7.14143e-06,1.66803e+06
0,0.124244,7.33335e-06,1.63279e+06
0,0.124244,7.52527e-06,1.60232e+06
0,0.124244,7.71718e-06,1.55001e+06
0,0.124244,7.9091e-06,1.52725e+06
0,0.124244,8.10102e-06,1.50208e+06
0,0.124244,8.29294e-06,1.46693e+06
0,0.124244,8.48486e-06,1.45047e+06
0,0.124244,8.67678e-06,1.42847e+06
0,0.124244,8.86869e-06,1.37245e+06
0,0.124244,9.06061e-06,1.36605e+06
0,0.124244,9.25253e-06,1.34297e+06
0,0.124244,9.44445e-06,1.31637e+06
0,0.124244,9.63637e-06,1.30916e+06
0,0.124244,9.82829e-06,1.25078e+06
0,0.124244,1.00202e-05,1.24659e+06
0,0.124244,1.02121e-05,1.23944e+06
0,0.124244,1.0404e-05,1.21984e+06
0,0.124244,1.0596e-05,1.20739e+06
0,0.124244,1.07879e-05,1.16556e+06
0,0.124244,1.09798e-05,1.16599e+06
0,0.124244,1.11717e-05,1.13882e+06
0,0.124244,1.13636e-05,1.14163e+06
0,0.124244,1.15556e-05,1.12044e+06
0,0.124244,1.17475e-05,1.09243e+06
0,0.124244,1.19394e-05,1.08266e+06
0,0.124244,1.21313e-05,1.06155e+06
0,0.124244,1.23232e-05,1.05772e+06
0,0.124244,1.25151e-05,1.04804e+06
0,0.124244,1.27071e-05,1.05616e+06
0,0.124244,1.2899e-05,997716
0,0.124244,1.30909e-05,1.00348e+06
0,0.124244,1.32828e-05,1.02687e+06
0,0.124244,1.34747e-05,969184
0,0.124244,1.36667e-05,943194
0,0.124244,1.38586e-05,967277
0,0.124244,1.40505e-05,945652
0,0.124244,1.42424e-05,931908
0,0.124244,1.44343e-05,912869
0,0.124244,1.46262e-05,918168
0,0.124244,1.48182e-05,886224
0,0.124244,1.50101e-05,886552
0,0.124244,1.5202e-05,885407
0,0.127173,5.798e-06,2.00208e+06
0,0.127173,5.98992e-06,1.94543e+06
0,0.127173,6.18184e-06,1.89822e+06
0,0.127173,6.37376e-06,1.82876e+06
0,0.127173,6.56567e-06,1.78905e+06
0,0.127173,6.75759e-06,1.75346e+06
0,0.127173,6.94951e-06,1.6998e+06
0,0.127173,7.14143e-06,1.68016e+06
0,0.127173,7.33335e-06,1.64678e+06
0,0.127173,7.52527e-06,1.59388e+06
0,0.127173,7.71718e-06,1.56517e+06
0,0.127173,7.9091e-06,1.53776e+06
0,0.127173,8.10102e-06,1.49915e+06
0,0.127173,8.29294e-06,1.47108e+06
0,0.127173,8.48486e-06,1.44603e+06
0,0.127173,8.67678e-06,1.40092e+06
0,0.127173,8.86869e-06,1.3876e+06
0,0.127173,9.06061e-06,1.34899e+06
0,0.127173,9.25253e-06,1.34919e+06
0,0.127173,9.44445e-06,1.32357e+06
0,0.127173,9.63637e-06,1.31744e+06
0,0.127173,9.82829e-06,1.30083e+06
0,0.127173,1.00202e-05,1.23728e+06
0,0.127173,1.02121e-05,1.23289e+06
0,0.127173,1.0404e-05,1.21681e+06
0,0.127173,1.0596e-05,1.22211e+06
0,0.127173,1.07879e-05,1.18798e+06
0,0.127173,1.09798e-05,1.18902e+06
0,0.127173,1.11717e-05,1.14428e+06
0,0.127173,1.13636e-05,1.13157e+06
0,0.127173,1.15556e-05,1.12194e+06
0,0.127173,1.17475e-05,1.08404e+06
0,0.127173,1.19394e-05,1.06516e+06
0,0.127173,1.21313e-05,1.06657e+06
0,0.127173,1.23232e-05,1.06141e+06
0,0.127173,1.25151e-05,1.03741e+06
0,0.127173,1.27071e-05,1.03744e+06
0,0.127173,1.2899e-05,1.01137e+06
0,0.127173,1.30909e-05,1.0063e+06
0,0.127173,1.32828e-05,1.00251e+06
0,0.127173,1.34747e-05,986265
0,0.127173,1.36667e-05,955518
0,0.127173,1.38586e-05,965283
0,0.127173,1.40505e-05,966432
0,0.127173,1.42424e-05,928644
0,0.127173,1.44343e-05,938362
0,0.127173,1.46262e-05,917248
0,0.127173,1.48182e-05,919868
0,0.127173,1.50101e-05,913397
0,0.127173,1.5202e-05,866970
0,0.130102,5.798e-06,1.99742e+06
0,0.130102,5.98992e-06,1.9596e+06
0,0.130102,6.18184e-06,1.91562e+06
0,0.130102,6.37376e-06,1.83231e+06
0,0.130102,6.56567e-06,1.79476e+06
0,0.130102,6.75759e-06,1.76732e+06
0,0.130102,6.94951e-06,1.71401e+06
0,0.130102,7.14143e-06,1.66913e+06
0,0.130102,7.33335e-06,1.64161e+06
0,0.130102,7.52527e-06,1.59828e+06
0,0.130102,7.71718e-06,1.5707e+06
0,0.130102,7.9091e-06,1.53305e+06
0,0.130102,8.10102e-06,1.5041e+06
0,0.130102,8.29294e-06,1.46119e+06
0,0.130102,8.48486e-06,1.46989e+06
0,0.130102,8.67678e-06,1.41242e+06
0,0.130102,8.86869e-06,1.39813e+06
0,0.130102,9.06061e-06,1.37086e+06
0,0.130102,9.25253e-06,1.3166e+06
0,0.130102,9.44445e-06,1.32456e+06
0,0.130102,9.63637e-06,1.30896e+06
0,0.130102,9.82829e-06,1.28676e+06
0,0.130102,1.00202e-05,1.23895e+06
0,0.130102,1.02121e-05,1.24992e+06
0,0.130102,1.0404e-05,1.24357e+06
0,0.130102,1.0596e-05,1.22745e+06
0,0.130102,1.07879e-05,1.17728e+06
0,0.130102,1.09798e-05,1.15869e+06
0,0.130102,1.11717e-05,1.15552e+06
0,0.130102,1.13636e-05,1.14369e+06
0,0.130102,1.15556e-05,1.10876e+06
0,0.130102,1.17475e-05,1.10411e+06
0,0.130102,1.19394e-05,1.09641e+06
0,0.130102,1.21313e-05,1.05496e+06
0,0.130102,1.23232e-05,1.08597e+06
0,0.130102,1.25151e-05,1.04253e+06
0,0.130102,1.27071e-05,1.02597e+06
0,0.130102,1.2899e-05,1.02976e+06
0,0.130102,1.30909e-05,998628
0,0.130102,1.32828e-05,984181
0,0.130102,1.34747e-05,962914
0,0.130102,1.36667e-05,976225
0,0.130102,1.38586e-05,975488
0,0.130102,1.40505e-05,947954
0,0.130102,1.42424e-05,942644
0,0.130102,1.44343e-05,952375
0,0.130102,1.46262e-05,908105
0,0.130102,1.48182e-05,906828
0,0.130102,1.50101e-05,926882
0,0.130102,1.5202e-05,909548
0,0.133031,5.798e-06,2.00937e+06
0,0.133031,5.98992e-06,1.9536e+06
0,0.133031,6.18184e-06,1.91322e+06
0,0.133031,6.37376e-06,1.83804e+06
0,0.133031,6.56567e-06,1.77759e+06
0,0.133031,6.75759e-06,1.78504e+06
0,0.133031,6.94951e-06,1.70653e+06
0,0.133031,7.14143e-06,1.66521e+06
0,0.133031,7.33335e-06,1.63064e+06
0,0.133031,7.52527e-06,1.60483e+06
0,0.133031,7.71718e-06,1.55907e+06
0,0.133031,7.9091e-06,1.54149e+06
0,0.133031,8.10102e-06,1.49446e+06
0,0.133031,8.29294e-06,1.49318e+06
0,0.133031,8.48486e-06,1.45781e+06
0,0.133031,8.67678e-06,1.41674e+06
0,0.133031,8.86869e-06,1.40433e+06
0,0.133031,9.06061e-06,1.34619e+06
0,0.133031,9.25253e-06,1.33797e+06
0,0.133031,9.44445e-06,1.34939e+06
0,0.133031,9.63637e-06,1.30989e+06
0,0.133031,9.82829e-06,1.29058e+06
0,0.133031,1.00202e-05,1.26465e+06
0,0.133031,1.02121e-05,1.23748e+06
0,0.133031,1.0404e-05,1.21773e+06
0,0.133031,1.0596e-05,1.20847e+06
0,0.133031,1.07879e-05,1.1942e+06
0,0.133031,1.09798e-05,1.16067e+06
0,0.133031,1.11717e-05,1.1549e+06
0,0.133031,1.13636e-05,1.15703e+06
0,0.133031,1.15556e-05,1.11987e+06
0,0.133031,1.17475e-05,1.114e+06
0,0.133031,1.19394e-05,1.11002e+06
0,0.133031,1.21313e-05,1.07947e+06
0,0.133031,1.23232e-05,1.04776e+06
0,0.133031,1.25151e-05,1.06698e+06
0,0.133031,1.27071e-05,1.021e+06
0,0.133031,1.2899e-05,1.02281e+06
0,0.133031,1.30909e-05,1.01347e+06
0,0.133031,1.32828e-05,1.02638e+06
0,0.133031,1.34747e-05,992905
0,0.133031,1.36667e-05,967249
0,0.133031,1.38586e-05,960704
0,0.133031,1.40505e-05,964248
0,0.133031,1.42424e-05,942347
0,0.133031,1.44343e-05,918461
0,0.133031,1.46262e-05,935956
0,0.133031,1.48182e-05,944075
0,0.133031,1.50101e-05,903145
0,0.133031,1.5202e-05,882094
0,0.13596,5.798e-06,2.00723e+06
0,0.13596,5.98992e-06,1.96844e+06
0,0.13596,6.18184e-06,1.90447e+06
0,0.13596,6.37376e-06,1.82534e+06
0,0.13596,6.56567e-06,1.82131e+06
0,0.13596,6.75759e-06,1.74946e+06
0,0.13596,6.94951e-06,1.71033e+06
0,0.13596,7.14143e-06,1.67351e+06
0,0.13596,7.33335e-06,1.63454e+06
0,0.13596,7.52527e-06,1.61913e+06
0,0.13596,7.71718e-06,1.55549e+06
0,0.13596,7.9091e-06,1.53101e+06
0,0.13596,8.10102e-06,1.4945e+06
0,0.13596,8.29294e-06,1.47042e+06
0,0.13596,8.48486e-06,1.45999e+06
0,0.13596,8.67678e-06,1.41856e+06
0,0.13596,8.86869e-06,1.39998e+06
0,0.13596,9.06061e-06,1.3779e+06
0,0.13596,9.25253e-06,1.33298e+06
0,0.13596,9.44445e-06,1.30463e+06
0,0.13596,9.63637e-06,1.30162e+06
0,0.13596,9.82829e-06,1.29525e+06
0,0.13596,1.00202e-05,1.24679e+06
0,0.13596,1.02121e-05,1.2439e+06
0,0.13596,1.0404e-05,1.23691e+06
0,0.13596,1.0596e-05,1.21361e+06
0,0.13596,1.07879e-05,1.17855e+06
0,0.13596,1.09798e-05,1.16895e+06
0,0.13596,1.11717e-05,1.16762e+06
0,0.13596,1.13636e-05,1.11468e+06
0,0.13596,1.15556e-05,1.12796e+06
0,0.13596,1.17475e-05,1.11931e+06
0,0.13596,1.19394e-05,1.07516e+06
0,0.13596,1.21313e-05,1.07816e+06
0,0.13596,1.23232e-05,1.09678e+06
0,0.13596,1.25151e-05,1.0469e+06
0,0.13596,1.27071e-05,1.0302e+06
0,0.13596,1.2899e-05,1.03602e+06
0,0.13596,1.30909e-05,1.01668e+06
0,0.13596,1.32828e-05,1.01738e+06
0,0.13596,1.34747e-05,992920
0,0.13596,1.36667e-05,972814
0,0.13596,1.38586e-05,946313
0,0.13596,1.40505e-05,971927
0,0.13596,1.42424e-05,953997
0,0.13596,1.44343e-05,947857
0,0.13596,1.46262e-05,950922
0,0.13596,1.48182e-05,920306
0,0.13596,1.50101e-05,895009
0,0.13596,1.5202e-05,896022
0,0.13889,5.798e-06,2.01046e+06
0,0.13889,5.98992e-06,1.96276e+06
0,0.13889,6.18184e-06,1.93136e+06
0,0.13889,6.37376e-06,1.86475e+06
0,0.13889,6.56567e-06,1.82112e+06
0,0.13889,6.75759e-06,1.76072e+06
0,0.13889,6.94951e-06,1.72788e+06
0,0.13889,7.14143e-06,1.67835e+06
0,0.13889,7.33335e-06,1.64953e+06
0,0.13889,7.52527e-06,1.60862e+06
0,0.13889,7.71718e-06,1.56699e+06
0,0.13889,7.9091e-06,1.52913e+06
0,0.13889,8.10102e-06,1.52774e+06
0,0.13889,8.29294e-06,1.46486e+06
0,0.13889,8.48486e-06,1.41705e+06
0,0.13889,8.67678e-06,1.42378e+06
0,0.13889,8.86869e-06,1.39382e+06
0,0.13889,9.06061e-06,1.37928e+06
0,0.13889,9.25253e-06,1.36512e+06
0,0.13889,9.44445e-06,1.33499e+06
0,0.13889,9.63637e-06,1.29221e+06
0,0.13889,9.82829e-06,1.28456e+06
0,0.13889,1.00202e-05,1.27022e+06
0,0.13889,1.02121e-05,1.24263e+06
0,0.13889,1.0404e-05,1.23459e+06
0,0.13889,1.0596e-05,1.21112e+06
0,0.13889,1.07879e-05,1.18293e+06
0,0.13889,1.09798e-05,1.15821e+06
0,0.13889,1.11717e-05,1.1364e+06
0,0.13889,1.13636e-05,1.16828e+06
0,0.13889,1.15556e-05,1.12119e+06
0,0.13889,1.17475e-05,1.10337e+06
0,0.13889,1.19394e-05,1.08519e+06
0,0.13889,1.21313e-05,1.09556e+06
0,0.13889,1.23232e-05,1.07621e+06
0,0.13889,1.25151e-05,1.0673e+06
0,0.13889,1.27071e-05,1.03526e+06
0,0.13889,1.2899e-05,1.03146e+06
0,0.13889,1.30909e-05,1.0207e+06
0,0.13889,1.32828e-05,976980
0,0.13889,1.34747e-05,994297
0,0.13889,1.36667e-05,982164
0,0.13889,1.38586e-05,978988
0,0.13889,1.40505e-05,971613
0,0.13889,1.42424e-05,978736
0,0.13889,1.44343e-05,928036
0,0.13889,1.46262e-05,943856
0,0.13889,1.48182e-05,955013
0,0.13889,1.50101e-05,916688
0,0.13889,1.5202e-05,911739
0,0.141819,5.798e-06,2.0131e+06
0,0.141819,5.98992e-06,1.92764e+06
0,0.141819,6.18184e-06,1.8912e+06
0,0.141819,6.37376e-06,1.82701e+06
0,0.141819,6.56567e-06,1.80575e+06
0,0.141819,6.75759e-06,1.76289e+06
0,0.141819,6.94951e-06,1.69915e+06
0,0.141819,7.14143e-06,1.66435e+06
0,0.141819,7.33335e-06,1.63536e+06
0,0.141819,7.52527e-06,1.59901e+06
0,0.141819,7.71718e-06,1.56724e+06
0,0.141819,7.9091e-06,1.52437e+06
0,0.141819,8.10102e-06,1.50126e+06
0,0.141819,8.29294e-06,1.48225e+06
0,0.141819,8.48486e-06,1.44644e+06
0,0.141819,8.67678e-06,1.41706e+06
0,0.141819,8.86869e-06,1.39687e+06
0,0.141819,9.06061e-06,1.37748e+06
0,0.141819,9.25253e-06,1.3461e+06
0,0.141819,9.44445e-06,1.32783e+06
0,0.141819,9.63637e-06,1.27996e+06
0,0.141819,9.82829e-06,1.29591e+06
0,0.141819,1.00202e-05,1.24025e+06
0,0.141819,1.02121e-05,1.26207e+06
0,0.141819,1.0404e-05,1.22421e+06
0,0.141819,1.0596e-05,1.21316e+06
0,0.141819,1.07879e-05,1.1963e+06
0,0.141819,1.09798e-05,1.17172e+06
0,0.141819,1.11717e-05,1.1522e+06
0,0.141819,1.13636e-05,1.15803e+06
0,0.141819,1.15556e-05,1.12946e+06
0,0.141819,1.17475e-05,1.11624e+06
0,0.141819,1.19394e-05,1.08101e+06
0,0.141819,1.21313e-05,1.09089e+06
0,0.141819,1.23232e-05,1.06759e+06
0,0.141819,1.25151e-05,1.07743e+06
0,0.141819,1.27071e-05,1.03638e+06
0,0.141819,1.2899e-05,1.03689e+06
0,0.141819,1.30909e-05,1.02792e+06
0,0.141819,1.32828e-05,1.00319e+06
0,0.141819,1.34747e-05,987523
0,0.141819,1.36667e-05,980756
0,0.141819,1.38586e-05,962613
0,0.141819,1.40505e-05,961940
0,0.141819,1.42424e-05,971499
0,0.141819,1.44343e-05,934452
0,0.141819,1.46262e-05,928114
0,0.141819,1.48182e-05,915272
0,0.141819,1.50101e-05,904654
0,0.141819,1.5202e-05,906943
0,0.144748,5.798e-06,1.9953e+06
0,0.144748,5.98992e-06,1.96203e+06
0,0.144748,6.18184e-06,1.90427e+06
0,0.144748,6.37376e-06,1.85419e+06
0,0.144748,6.56567e-06,1.79766e+06
0,0.144748,6.75759e-06,1.77371e+06
0,0.144748,6.94951e-06,1.72783e+06
0,0.144748,7.14143e-06,1.66188e+06
0,0.144748,7.33335e-06,1.65041e+06
0,0.144748,7.52527e-06,1.60333e+06
0,0.144748,7.71718e-06,1.56674e+06
0,0.144748,7.9091e-06,1.53064e+06
0,0.144748,8.10102e-06,1.49016e+06
0,0.144748,8.29294e-06,1.48546e+06
0,0.144748,8.48486e-06,1.44043e+06
0,0.144748,8.67678e-06,1.42419e+06
0,0.144748,8.86869e-06,1.39225e+06
0,0.144748,9.06061e-06,1.3997e+06
0,0.144748,9.25253e-06,1.34704e+06
0,0.144748,9.44445e-06,1.34631e+06
0,0.144748,9.63637e-06,1.30418e+06
0,0.144748,9.82829e-06,1.2858e+06
0,0.144748,1.00202e-05,1.25857e+06
0,0.144748,1.02121e-05,1.2672e+06
0,0.144748,1.0404e-05,1.20946e+06
0,0.144748,1.0596e-05,1.20756e+06
0,0.144748,1.07879e-05,1.18037e+06
0,0.144748,1.09798e-05,1.18067e+06
0,0.144748,1.11717e-05,1.17357e+06
0,0.144748,1.13636e-05,1.13812e+06
0,0.144748,1.15556e-05,1.11268e+06
0,0.144748,1.17475e-05,1.09699e+06
0,0.144748,1.19394e-05,1.09321e+06
0,0.144748,1.21313e-05,1.10469e+06
0,0.144748,1.23232e-05,1.07465e+06
0,0.144748,1.25151e-05,1.06533e+06
0,0.144748,1.27071e-05,1.04861e+06
0,0.144748,1.2899e-05,1.02915e+06
0,0.144748,1.30909e-05,1.05801e+06
0,0.144748,1.32828e-05,1.03403e+06
0,0.144748,1.34747e-05,982069
0,0.144748,1.36667e-05,997099
0,0.144748,1.38586e-05,972845
0,0.144748,1.40505e-05,967146
0,0.144748,1.42424e-05,981404
0,0.144748,1.44343e-05,945867
0,0.144748,1.46262e-05,937824
0,0.144748,1.48182e-05,917571
0,0.144748,1.50101e-05,917062
0,0.144748,1.5202e-05,891927
0,0.147677,5.798e-06,2.00727e+06
0,0.147677,5.98992e-06,1.94174e+06
0,0.147677,6.18184e-06,1.89133e+06
0,0.147677,6.37376e-06,1.83961e+06
0,0.147677,6.56567e-06,1.79339e+06
0,0.147677,6.75759e-06,1.75337e+06
0,0.147677,6.94951e-06,1.70175e+06
0,0.147677,7.14143e-06,1.66885e+06
0,0.147677,7.33335e-06,1.65148e+06
0,0.147677,7.52527e-06,1.58982e+06
0,0.147677,7.71718e-06,1.57095e+06
0,0.147677,7.9091e-06,1.53041e+06
0,0.147677,8.10102e-06,1.50274e+06
0,0.147677,8.29294e-06,1.47718e+06
0,0.147677,8.48486e-06,1.44818e+06
0,0.147677,8.67678e-06,1.41936e+06
0,0.147677,8.86869e-06,1.38846e+06
0,0.147677,9.06061e-06,1.37391e+06
0,0.147677,9.25253e-06,1.34495e+06
0,0.147677,9.44445e-06,1.32785e+06
0,0.147677,9.63637e-06,1.30093e+06
0,0.147677,9.82829e-06,1.27817e+06
0,0.147677,1.00202e-05,1.26598e+06
0,0.147677,1.02121e-05,1.23705e+06
0,0.147677,1.0404e-05,1.25589e+06
0,0.147677,1.0596e-05,1.20835e+06
0,0.147677,1.07879e-05,1.19288e+06
0,0.147677,1.09798e-05,1.17291e+06
0,0.147677,1.11717e-05,1.13006e+06
0,0.147677,1.13636e-05,1.13727e+06
0,0.147677,1.15556e-05,1.12063e+06
0,0.147677,1.17475e-05,1.111e+06
0,0.147677,1.19394e-05,1.08698e+06
0,0.147677,1.21313e-05,1.08623e+06
0,0.147677,1.23232e-05,1.08553e+06
0,0.147677,1.25151e-05,1.06824e+06
0,0.147677,1.27071e-05,1.04851e+06
0,0.147677,1.2899e-05,1.02328e+06
0,0.147677,1.30909e-05,1.05586e+06
0,0.147677,1.32828e-05,1.03701e+06
0,0.147677,1.34747e-05,1.0155e+06
0,0.147677,1.36667e-05,1.00938e+06
0,0.147677,1.38586e-05,959879
0,0.147677,1.40505e-05,980594
0,0.147677,1.42424e-05,968377
0,0.147677,1.44343e-05,944757
0,0.147677,1.46262e-05,934067
0,0.147677,1.48182e-05,946509
0,0.147677,1.50101e-05,920623
0,0.147677,1.5202e-05,928640
0,0.150606,5.798e-06,2.00968e+06
0,0.150606,5.98992e-06,1.94852e+06
0,0.150606,6.18184e-06,1.88596e+06
0,0.150606,6.37376e-06,1.83298e+06
0,0.150606,6.56567e-06,1.78406e+06
0,0.150606,6.75759e-06,1.75577e+06
0,0.150606,6.94951e-06,1.71662e+06
0,0.150606,7.14143e-06,1.65511e+06
0,0.150606,7.33335e-06,1.6265e+06
0,0.150606,7.52527e-06,1.61668e+06
0,0.150606,7.71718e-06,1.56265e+06
0,0.150606,7.9091e-06,1.55719e+06
0,0.150606,8.10102e-06,1.49934e+06
0,0.150606,8.29294e-06,1.47204e+06
0,0.150606,8.48486e-06,1.42939e+06
0,0.150606,8.67678e-06,1.42626e+06
0,0.150606,8.86869e-06,1.38382e+06
0,0.150606,9.06061e-06,1.37236e+06
0,0.150606,9.25253e-06,1.36073e+06
0,0.150606,9.44445e-06,1.31463e+06
0,0.150606,9.63637e-06,1.28505e+06
0,0.150606,9.82829e-06,1.27518e+06
0,0.150606,1.00202e-05,1.26864e+06
0,0.150606,1.02121e-05,1.26758e+06
0,0.150606,1.0404e-05,1.22032e+06
0,0.150606,1.0596e-05,1.22027e+06
0,0.150606,1.07879e-05,1.19452e+06
0,0.150606,1.09798e-05,1.1777e+06
0,0.150606,1.11717e-05,1.16608e+06
0,0.150606,1.13636e-05,1.16039e+06
0,0.150606,1.15556e-05,1.13084e+06
0,0.150606,1.17475e-05,1.1097e+06
0,0.150606,1.19394e-05,1.11673e+06
0,0.150606,1.21313e-05,1.05076e+06
0,0.150606,1.23232e-05,1.08316e+06
0,0.150606,1.25151e-05,1.06008e+06
0,0.150606,1.27071e-05,1.04055e+06
0,0.150606,1.2899e-05,1.02008e+06
0,0.150606,1.30909e-05,1.02942e+06
0,0.150606,1.32828e-05,1.02725e+06
0,0.150606,1.34747e-05,1.00221e+06
0,0.150606,1.36667e-05,997622
0,0.150606,1.38586e-05,987578
0,0.150606,1.40505e-05,988068
0,0.150606,1.42424e-05,973010
0,0.150606,1.44343e-05,943440
0,0.150606,1.46262e-05,909645
0,0.150606,1.48182e-05,913157
0,0.150606,1.50101e-05,928601
0,0.150606,1.5202e-05,917365
0,0.153535,5.798e-06,2.04664e+06
0,0.153535,5.98992e-06,1.96171e+06
0,0.153535,6.18184e-06,1.8886e+06
0,0.153535,6.37376e-06,1.8377e+06
0,0.153535,6.56567e-06,1.79661e+06
0,0.153535,6.75759e-06,1.73074e+06
0,0.153535,6.94951e-06,1.73104e+06
0,0.153535,7.14143e-06,1.67731e+06
0,0.153535,7.33335e-06,1.617e+06
0,0.153535,7.52527e-06,1.60927e+06
0,0.153535,7.71718e-06,1.55711e+06
0,0.153535,7.9091e-06,1.51898e+06
0,0.153535,8.10102e-06,1.50941e+06
0,0.153535,8.29294e-06,1.47572e+06
0,0.153535,8.48486e-06,1.44298e+06
0,0.153535,8.67678e-06,1.43891e+06
0,0.153535,8.86869e-06,1.40133e+06
0,0.153535,9.06061e-06,1.38528e+06
0,0.153535,9.25253e-06,1.35096e+06
0,0.153535,9.44445e-06,1.31973e+06
0,0.153535,9.63637e-06,1.331e+06
0,0.153535,9.82829e-06,1.2854e+06
0,0.153535,1.00202e-05,1.27075e+06
0,0.153535,1.02121e-05,1.24764e+06
0,0.153535,1.0404e-05,1.23114e+06
0,0.153535,1.0596e-05,1.22169e+06
0,0.153535,1.07879e-05,1.21015e+06
0,0.153535,1.09798e-05,1.16163e+06
0,0.153535,1.11717e-05,1.15719e+06
0,0.153535,1.13636e-05,1.147e+06
0,0.153535,1.15556e-05,1.12234e+06
0,0.153535,1.17475e-05,1.12035e+06
0,0.153535,1.19394e-05,1.09076e+06
0,0.153535,1.21313e-05,1.092e+06
0,0.153535,1.23232e-05,1.06937e+06
0,0.153535,1.25151e-05,1.08107e+06
0,0.153535,1.27071e-05,1.04189e+06
0,0.153535,1.2899e-05,1.03482e+06
0,0.153535,1.30909e-05,1.03371e+06
0,0.153535,1.32828e-05,1.03076e+06
0,0.153535,1.34747e-05,976466
0,0.153535,1.36667e-05,974424
0,0.153535,1.38586e-05,995018
0,0.153535,1.40505e-05,958505
0,0.153535,1.42424e-05,961536
0,0.153535,1.44343e-05,947958
0,0.153535,1.46262e-05,977573
0,0.153535,1.48182e-05,937248
0,0.153535,1.50101e-05,916531
0,0.153535,1.5202e-05,930514
0,0.156465,5.798e-06,1.99918e+06
0,0.156465,5.98992e-06,1.9527e+06
0,0.156465,6.18184e-06,1.8862e+06
0,0.156465,6.37376e-06,1.8157e+06
0,0.156465,6.56567e-06,1.80444e+06
0,0.156465,6.75759e-06,1.763e+06
0,0.156465,6.94951e-06,1.72036e+06
0,0.156465,7.14143e-06,1.6594e+06
0,0.156465,7.33335e-06,1.62699e+06
0,0.156465,7.52527e-06,1.61114e+06
0,0.156465,7.71718e-06,1.56086e+06
0,0.156465,7.9091e-06,1.53224e+06
0,0.156465,8.10102e-06,1.48638e+06
0,0.156465,8.29294e-06,1.48576e+06
0,0.156465,8.48486e-06,1.46012e+06
0,0.156465,8.67678e-06,1.41049e+06
0,0.156465,8.86869e-06,1.40957e+06
0,0.156465,9.06061e-06,1.34602e+06
0,0.156465,9.25253e-06,1.33641e+06
0,0.156465,9.44445e-06,1.34526e+06
0,0.156465,9.63637e-06,1.32064e+06
0,0.156465,9.82829e-06,1.26086e+06
0,0.156465,1.00202e-05,1.2626e+06
0,0.156465,1.02121e-05,1.24042e+06
0,0.156465,1.0404e-05,1.2399e+06
0,0.156465,1.0596e-05,1.21051e+06
0,0.156465,1.07879e-05,1.17812e+06
0,0.156465,1.09798e-05,1.19667e+06
0,0.156465,1.11717e-05,1.14568e+06
0,0.156465,1.13636e-05,1.16156e+06
0,0.156465,1.15556e-05,1.14754e+06
0,0.156465,1.17475e-05,1.1603e+06
0,0.156465,1.19394e-05,1.11349e+06
0,0.156465,1.21313e-05,1.11952e+06
0,0.156465,1.23232e-05,1.0674e+06
0,0.156465,1.25151e-05,1.05588e+06
0,0.156465,1.27071e-05,1.04752e+06
0,0.156465,1.2899e-05,1.04245e+06
0,0.156465,1.30909e-05,1.03617e+06
0,0.156465,1.32828e-05,1.00575e+06
0,0.156465,1.34747e-05,1.00211e+06
0,0.156465,1.36667e-05,1.01367e+06
0,0.156465,1.38586e-05,982441
0,0.156465,1.40505e-05,983702
0,0.156465,1.42424e-05,946797
0,0.156465,1.44343e-05,952897
0,0.156465,1.46262e-05,943629
0,0.156465,1.48182e-05,936964
0,0.156465,1.50101e-05,930401
0,0.156465,1.5202e-05,920743
0,0.159394,5.798e-06,2.03427e+06
0,0.159394,5.98992e-06,1.94374e+06
0,0.159394,6.18184e-06,1.92295e+06
0,0.159394,6.37376e-06,1.83903e+06
0,0.159394,6.56567e-06,1.80322e+06
0,0.159394,6.75759e-06,1.75017e+06
0,0.159394,6.94951e-06,1.74428e+06
0,0.159394,7.14143e-06,1.66904e+06
0,0.159394,7.33335e-06,1.65532e+06
0,0.159394,7.52527e-06,1.59436e+06
0,0.159394,7.71718e-06,1.5516e+06
0,0.159394,7.9091e-06,1.51482e+06
0,0.159394,8.10102e-06,1.49931e+06
0,0.159394,8.29294e-06,1.4746e+06
0,0.159394,8.48486e-06,1.44905e+06
0,0.159394,8.67678e-06,1.42538e+06
0,0.159394,8.86869e-06,1.40891e+06
0,0.159394,9.06061e-06,1.3639e+06
0,0.159394,9.25253e-06,1.3345e+06
0,0.159394,9.44445e-06,1.33957e+06
0,0.159394,9.63637e-06,1.29368e+06
0,0.159394,9.82829e-06,1.28988e+06
0,0.159394,1.00202e-05,1.26544e+06
0,0.159394,1.02121e-05,1.24565e+06
0,0.159394,1.0404e-05,1.23719e+06
0,0.159394,1.0596e-05,1.20621e+06
0,0.159394,1.07879e-05,1.18606e+06
0,0.159394,1.09798e-05,1.17817e+06
0,0.159394,1.11717e-05,1.16648e+06
0,0.159394,1.13636e-05,1.11562e+06
0,0.159394,1.15556e-05,1.12038e+06
0,0.159394,1.17475e-05,1.10284e+06
0,0.159394,1.19394e-05,1.11072e+06
0,0.159394,1.21313e-05,1.09766e+06
0,0.159394,1.23232e-05,1.08171e+06
0,0.159394,1.25151e-05,1.06806e+06
0,0.159394,1.27071e-05,1.06645e+06
0,0.159394,1.2899e-05,1.0448e+06
0,0.159394,1.30909e-05,1.02305e+06
0,0.159394,1.32828e-05,996254
0,0.159394,1.34747e-05,1.0211e+06
0,0.159394,1.36667e-05,969907
0,0.159394,1.38586e-05,980625
0,0.159394,1.40505e-05,973607
0,0.159394,1.42424e-05,960457
0,0.159394,1.44343e-05,958022
0,0.159394,1.46262e-05,948492
0,0.159394,1.48182e-05,931146
0,0.159394,1.50101e-05,924669
0,0.159394,1.5202e-05,898070
0,0.162323,5.798e-06,2.01179e+06
0,0.162323,5.98992e-06,1.96117e+06
0,0.162323,6.18184e-06,1.89924e+06
0,0.162323,6.37376e-06,1.84704e+06
0,0.162323,6.56567e-06,1.8356e+06
0,0.162323,6.75759e-06,1.74579e+06
0,0.162323,6.94951e-06,1.70014e+06
0,0.162323,7.14143e-06,1.66184e+06
0,0.162323,7.33335e-06,1.65198e+06
0,0.162323,7.52527e-06,1.57285e+06
0,0.162323,7.71718e-06,1.57225e+06
0,0.162323,7.9091e-06,1.54871e+06
0,0.162323,8.10102e-06,1.5045e+06
0,0.162323,8.29294e-06,1.48863e+06
0,0.162323,8.48486e-06,1.44089e+06
0,0.162323,8.67678e-06,1.4202e+06
0,0.162323,8.86869e-06,1.40353e+06
0,0.162323,9.06061e-06,1.3518e+06
0,0.162323,9.25253e-06,1.34429e+06
0,0.162323,9.44445e-06,1.33527e+06
0,0.162323,9.63637e-06,1.3416e+06
0,0.162323,9.82829e-06,1.2934e+06
0,0.162323,1.00202e-05,1.26621e+06
0,0.162323,1.02121e-05,1.26297e+06
0,0.162323,1.0404e-05,1.22351e+06
0,0.162323,1.0596e-05,1.22006e+06
0,0.162323,1.07879e-05,1.17896e+06
0,0.162323,1.09798e-05,1.19336e+06
0,0.162323,1.11717e-05,1.16353e+06
0,0.162323,1.13636e-05,1.1515e+06
0,0.162323,1.15556e-05,1.13131e+06
0,0.162323,1.17475e-05,1.11023e+06
0,0.162323,1.19394e-05,1.1096e+06
0,0.162323,1.21313e-05,1.08859e+06
0,0.162323,1.23232e-05,1.11228e+06
0,0.162323,1.25151e-05,1.05212e+06
0,0.162323,1.27071e-05,1.05417e+06
0,0.162323,1.2899e-05,1.03067e+06
0,0.162323,1.30909e-05,1.04382e+06
0,0.162323,1.32828e-05,1.02962e+06
0,0.162323,1.34747e-05,1.02598e+06
0,0.162323,1.36667e-05,1.01181e+06
0,0.162323,1.38586e-05,985745
0,0.162323,1.40505e-05,968877
0,0.162323,1.42424e-05,970097
0,0.162323,1.44343e-05,953383
0,0.162323,1.46262e-05,971108
0,0.162323,1.48182e-05,936091
0,0.162323,1.50101e-05,939601
0,0.162323,1.5202e-05,934794
0,0.165252,5.798e-06,2.00079e+06
0,0.165252,5.98992e-06,1.9506e+06
0,0.165252,6.18184e-06,1.87601e+06
0,0.165252,6.37376e-06,1.86322e+06
0,0.165252,6.56567e-06,1.79452e+06
0,0.165252,6.75759e-06,1.74946e+06
0,0.165252,6.94951e-06,1.74269e+06
0,0.165252,7.14143e-06,1.66065e+06
0,0.165252,7.33335e-06,1.64109e+06
0,0.165252,7.52527e-06,1.61693e+06
0,0.165252,7.71718e-06,1.5778e+06
0,0.165252,7.9091e-06,1.54878e+06
0,0.165252,8.10102e-06,1.50633e+06
0,0.165252,8.29294e-06,1.48862e+06
0,0.165252,8.48486e-06,1.44397e+06
0,0.165252,8.67678e-06,1.40643e+06
0,0.165252,8.86869e-06,1.39374e+06
0,0.165252,9.06061e-06,1.36977e+06
0,0.165252,9.25253e-06,1.3459e+06
0,0.165252,9.44445e-06,1.34824e+06
0,0.165252,9.63637e-06,1.30607e+06
0,0.165252,9.82829e-06,1.27087e+06
0,0.165252,1.00202e-05,1.25221e+06
0,0.165252,1.02121e-05,1.25395e+06
0,0.165252,1.0404e-05,1.24342e+06
0,0.165252,1.0596e-05,1.22437e+06
0,0.165252,1.07879e-05,1.20322e+06
0,0.165252,1.09798e-05,1.16548e+06
0,0.165252,1.11717e-05,1.159e+06
0,0.165252,1.13636e-05,1.14591e+06
0,0.165252,1.15556e-05,1.12991e+06
0,0.165252,1.17475e-05,1.1182e+06
0,0.165252,1.19394e-05,1.11394e+06
0,0.165252,1.21313e-05,1.0886e+06
0,0.165252,1.23232e-05,1.09996e+06
0,0.165252,1.25151e-05,1.05789e+06
0,0.165252,1.27071e-05,1.05602e+06
0,0.165252,1.2899e-05,1.01772e+06
0,0.165252,1.30909e-05,1.02841e+06
0,0.165252,1.32828e-05,1.00821e+06
0,0.165252,1.34747e-05,996966
0,0.165252,1.36667e-05,999497
0,0.165252,1.38586e-05,1.00075e+06
0,0.165252,1.40505e-05,994712
0,0.165252,1.42424e-05,977860
0,0.165252,1.44343e-05,948521
0,0.165252,1.46262e-05,942606
0,0.165252,1.48182e-05,928735
0,0.165252,1.50101e-05,936407
0,0.165252,1.5202e-05,922510
0,0.168181,5.798e-06,1.99462e+06
0,0.168181,5.98992e-06,1.95689e+06
0,0.168181,6.18184e-06,1.89612e+06
0,0.168181,6.37376e-06,1.84252e+06
0,0.168181,6.56567e-06,1.79039e+06
0,0.168181,6.75759e-06,1.76614e+06
0,0.168181,6.94951e-06,1.70763e+06
0,0.168181,7.14143e-06,1.66864e+06
0,0.168181,7.33335e-06,1.6395e+06
0,0.168181,7.52527e-06,1.60638e+06
0,0.168181,7.71718e-06,1.57133e+06
0,0.168181,7.9091e-06,1.54107e+06
0,0.168181,8.10102e-06,1.48881e+06
0,0.168181,8.29294e-06,1.48215e+06
0,0.168181,8.48486e-06,1.42642e+06
0,0.168181,8.67678e-06,1.4368e+06
0,0.168181,8.86869e-06,1.39652e+06
0,0.168181,9.06061e-06,1.35737e+06
0,0.168181,9.25253e-06,1.34468e+06
0,0.168181,9.44445e-06,1.33148e+06
0,0.168181,9.63637e-06,1.29907e+06
0,0.168181,9.82829e-06,1.27946e+06
0,0.168181,1.00202e-05,1.26789e+06
0,0.168181,1.02121e-05,1.27055e+06
0,0.168181,1.0404e-05,1.22353e+06
0,0.168181,1.0596e-05,1.21253e+06
0,0.168181,1.07879e-05,1.19004e+06
0,0.168181,1.09798e-05,1.16822e+06
0,0.168181,1.11717e-05,1.15957e+06
0,0.168181,1.13636e-05,1.14107e+06
0,0.168181,1.15556e-05,1.15795e+06
0,0.168181,1.17475e-05,1.12167e+06
0,0.168181,1.19394e-05,1.09365e+06
0,0.168181,1.21313e-05,1.11192e+06
0,0.168181,1.23232e-05,1.07774e+06
0,0.168181,1.25151e-05,1.06912e+06
0,0.168181,1.27071e-05,1.0903e+06
0,0.168181,1.2899e-05,1.03701e+06
0,0.168181,1.30909e-05,1.02786e+06
0,0.168181,1.32828e-05,1.03256e+06
0,0.168181,1.34747e-05,1.01666e+06
0,0.168181,1.36667e-05,991534
0,0.168181,1.38586e-05,1.01564e+06
0,0.168181,1.40505e-05,983883
0,0.168181,1.42424e-05,966049
0,0.168181,1.44343e-05,963603
0,0.168181,1.46262e-05,947588
0,0.168181,1.48182e-05,920213
0,0.168181,1.50101e-05,950969
0,0.168181,1.5202e-05,935729
0,0.17111,5.798e-06,2.03553e+06
0,0.17111,5.98992e-06,1.92837e+06
0,0.17111,6.18184e-06,1.88928e+06
0,0.17111,6.37376e-06,1.85402e+06
0,0.17111,6.56567e-06,1.833e+06
0,0.17111,6.75759e-06,1.74987e+06
0,0.17111,6.94951e-06,1.70194e+06
0,0.17111,7.14143e-06,1.67342e+06
0,0.17111,7.33335e-06,1.62408e+06
0,0.17111,7.52527e-06,1.57637e+06
0,0.17111,7.71718e-06,1.57813e+06
0,0.17111,7.9091e-06,1.53911e+06
0,0.17111,8.10102e-06,1.49432e+06
0,0.17111,8.29294e-06,1.4614e+06
0,0.17111,8.48486e-06,1.43787e+06
0,0.17111,8.67678e-06,1.41279e+06
0,0.17111,8.86869e-06,1.40837e+06
0,0.17111,9.06061e-06,1.37916e+06
0,0.17111,9.25253e-06,1.35869e+06
0,0.17111,9.44445e-06,1.32036e+06
0,0.17111,9.63637e-06,1.31801e+06
0,0.17111,9.82829e-06,1.2951e+06
0,0.17111,1.00202e-05,1.26597e+06
0,0.17111,1.02121e-05,1.23871e+06
0,0.17111,1.0404e-05,1.23905e+06
0,0.17111,1.0596e-05,1.22126e+06
0,0.17111,1.07879e-05,1.18998e+06
0,0.17111,1.09798e-05,1.19002e+06
0,0.17111,1.11717e-05,1.14654e+06
0,0.17111,1.13636e-05,1.14496e+06
0,0.17111,1.15556e-05,1.1375e+06
0,0.17111,1.17475e-05,1.11139e+06
0,0.17111,1.19394e-05,1.08282e+06
0,0.17111,1.21313e-05,1.10546e+06
0,0.17111,1.23232e-05,1.07409e+06
0,0.17111,1.25151e-05,1.07203e+06
0,0.17111,1.27071e-05,1.05868e+06
0,0.17111,1.2899e-05,1.05096e+06
0,0.17111,1.30909e-05,1.02246e+06
0,0.17111,1.32828e-05,1.01382e+06
0,0.17111,1.34747e-05,1.0082e+06
0,0.17111,1.36667e-05,1.01831e+06
0,0.17111,1.38586e-05,992180
0,0.17111,1.40505e-05,982334
0,0.17111,1.42424e-05,989506
0,0.17111,1.44343e-05,961474
0,0.17111,1.46262e-05,958118
0,0.17111,1.48182e-05,937392
0,0.17111,1.50101e-05,944335
0,0.17111,1.5202e-05,928668
0,0.17404,5.798e-06,2.01394e+06
0,0.17404,5.98992e-06,1.94337e+06
0,0.17404,6.18184e-06,1.88374e+06
0,0.17404,6.37376e-06,1.82802e+06
0,0.17404,6.56567e-06,1.78542e+06
0,0.17404,6.75759e-06,1.74209e+06
0,0.17404,6.94951e-06,1.70408e+06
0,0.17404,7.14143e-06,1.66819e+06
0,0.17404,7.33335e-06,1.63524e+06
0,0.17404,7.52527e-06,1.60679e+06
0,0.17404,7.71718e-06,1.55326e+06
0,0.17404,7.9091e-06,1.54071e+06
0,0.17404,8.10102e-06,1.50123e+06
0,0.17404,8.29294e-06,1.46011e+06
0,0.17404,8.48486e-06,1.45358e+06
0,0.17404,8.67678e-06,1.43907e+06
0,0.17404,8.86869e-06,1.39196e+06
0,0.17404,9.06061e-06,1.40684e+06
0,0.17404,9.25253e-06,1.36287e+06
0,0.17404,9.44445e-06,1.33946e+06
0,0.17404,9.63637e-06,1.30577e+06
0,0.17404,9.82829e-06,1.29792e+06
0,0.17404,1.00202e-05,1.27878e+06
0,0.17404,1.02121e-05,1.24494e+06
0,0.17404,1.0404e-05,1.22028e+06
0,0.17404,1.0596e-05,1.21368e+06
0,0.17404,1.07879e-05,1.16653e+06
0,0.17404,1.09798e-05,1.18252e+06
0,0.17404,1.11717e-05,1.16662e+06
0,0.17404,1.13636e-05,1.15513e+06
0,0.17404,1.15556e-05,1.1569e+06
0,0.17404,1.17475e-05,1.12777e+06
0,0.17404,1.19394e-05,1.10886e+06
0,0.17404,1.21313e-05,1.12163e+06
0,0.17404,1.23232e-05,1.10086e+06
0,0.17404,1.25151e-05,1.04494e+06
0,0.17404,1.27071e-05,1.05084e+06
0,0.17404,1.2899e-05,1.04039e+06
0,0.17404,1.30909e-05,1.03896e+06
0,0.17404,1.32828e-05,1.02437e+06
0,0.17404,1.34747e-05,1.02497e+06
0,0.17404,1.36667e-05,991567
0,0.17404,1.38586e-05,980384
0,0.17404,1.40505e-05,989442
0,0.17404,1.42424e-05,968460
0,0.17404,1.44343e-05,969517
0,0.17404,1.46262e-05,958615
0,0.17404,1.48182e-05,952290
0,0.17404,1.50101e-05,934003
0,0.17404,1.5202e-05,903713
0,0.176969,5.798e-06,2.0225e+06
0,0.176969,5.98992e-06,1.95539e+06
0,0.176969,6.18184e-06,1.88987e+06
0,0.176969,6.37376e-06,1.84718e+06
0,0.176969,6.56567e-06,1.813e+06
0,0.176969,6.75759e-06,1.76545e+06
0,0.176969,6.94951e-06,1.69366e+06
0,0.176969,7.14143e-06,1.6643e+06
0,0.176969,7.33335e-06,1.64953e+06
0,0.176969,7.52527e-06,1.61562e+06
0,0.176969,7.71718e-06,1.58454e+06
0,0.176969,7.9091e-06,1.55852e+06
0,0.176969,8.10102e-06,1.50465e+06
0,0.176969,8.29294e-06,1.45481e+06
0,0.176969,8.48486e-06,1.47774e+06
0,0.176969,8.67678e-06,1.4052e+06
0,0.176969,8.86869e-06,1.38721e+06
0,0.176969,9.06061e-06,1.36288e+06
0,0.176969,9.25253e-06,1.3666e+06
0,0.176969,9.44445e-06,1.32622e+06
0,0.176969,9.63637e-06,1.30309e+06
0,0.176969,9.82829e-06,1.30985e+06
0,0.176969,1.00202e-05,1.26772e+06
0,0.176969,1.02121e-05,1.24237e+06
0,0.176969,1.0404e-05,1.2221e+06
0,0.176969,1.0596e-05,1.20099e+06
0,0.176969,1.07879e-05,1.21474e+06
0,0.176969,1.09798e-05,1.18794e+06
0,0.176969,1.11717e-05,1.15148e+06
0,0.176969,1.13636e-05,1.15498e+06
0,0.176969,1.15556e-05,1.12667e+06
0,0.176969,1.17475e-05,1.12406e+06
0,0.176969,1.19394e-05,1.11812e+06
0,0.176969,1.21313e-05,1.09586e+06
0,0.176969,1.23232e-05,1.0717e+06
0,0.176969,1.25151e-05,1.07319e+06
0,0.176969,1.27071e-05,1.06176e+06
0,0.176969,1.2899e-05,1.03257e+06
0,0.176969,1.30909e-05,1.05614e+06
0,0.176969,1.32828e-05,1.00946e+06
0,0.176969,1.34747e-05,1.01204e+06
0,0.176969,1.36667e-05,1.0203e+06
0,0.176969,1.38586e-05,1.0036e+06
0,0.176969,1.40505e-05,977358
0,0.176969,1.42424e-05,987138
0,0.176969,1.44343e-05,988931
0,0.176969,1.46262e-05,979402
0,0.176969,1.48182e-05,944750
0,0.176969,1.50101e-05,956336
0,0.176969,1.5202e-05,928796
0,0.179898,5.798e-06,2.00915e+06
0,0.179898,5.98992e-06,1.94286e+06
0,0.179898,6.18184e-06,1.89219e+06
0,0.179898,6.37376e-06,1.83746e+06
0,0.179898,6.56567e-06,1.80667e+06
0,0.179898,6.75759e-06,1.76418e+06
0,0.179898,6.94951e-06,1.71862e+06
0,0.179898,7.14143e-06,1.67137e+06
0,0.179898,7.33335e-06,1.64956e+06
0,0.179898,7.52527e-06,1.60119e+06
0,0.179898,7.71718e-06,1.56307e+06
0,0.179898,7.9091e-06,1.51101e+06
0,0.179898,8.10102e-06,1.51245e+06
0,0.179898,8.29294e-06,1.46608e+06
0,0.179898,8.48486e-06,1.45239e+06
0,0.179898,8.67678e-06,1.41996e+06
0,0.179898,8.86869e-06,1.39065e+06
0,0.179898,9.06061e-06,1.38269e+06
0,0.179898,9.25253e-06,1.34372e+06
0,0.179898,9.44445e-06,1.34309e+06
0,0.179898,9.63637e-06,1.30729e+06
0,0.179898,9.82829e-06,1.28922e+06
0,0.179898,1.00202e-05,1.2678e+06
0,0.179898,1.02121e-05,1.22451e+06
0,0.179898,1.0404e-05,1.21002e+06
0,0.179898,1.0596e-05,1.19211e+06
0,0.179898,1.07879e-05,1.19591e+06
0,0.179898,1.09798e-05,1.17956e+06
0,0.179898,1.11717e-05,1.16972e+06
0,0.179898,1.13636e-05,1.15718e+06
0,0.179898,1.15556e-05,1.12552e+06
0,0.179898,1.17475e-05,1.1064e+06
0,0.179898,1.19394e-05,1.10543e+06
0,0.179898,1.21313e-05,1.08683e+06
0,0.179898,1.23232e-05,1.07887e+06
0,0.179898,1.25151e-05,1.06019e+06
0,0.179898,1.27071e-05,1.05369e+06
0,0.179898,1.2899e-05,1.04749e+06
0,0.179898,1.30909e-05,1.03235e+06
0,0.179898,1.32828e-05,1.03804e+06
0,0.179898,1.34747e-05,1.00457e+06
0,0.179898,1.36667e-05,1.01631e+06
0,0.179898,1.38586e-05,989983
0,0.179898,1.40505e-05,1.0135e+06
0,0.179898,1.42424e-05,967323
0,0.179898,1.44343e-05,977600
0,0.179898,1.46262e-05,979565
0,0.179898,1.48182e-05,958900
0,0.179898,1.50101e-05,932390
0,0.179898,1.5202e-05,938957
0,0.182827,5.798e-06,2.01211e+06
0,0.182827,5.98992e-06,1.95594e+06
0,0.182827,6.18184e-06,1.89968e+06
0,0.182827,6.37376e-06,1.82792e+06
0,0.182827,6.56567e-06,1.7898e+06
0,0.182827,6.75759e-06,1.74432e+06
0,0.182827,6.94951e-06,1.70826e+06
0,0.182827,7.14143e-06,1.65867e+06
0,0.182827,7.33335e-06,1.63193e+06
0,0.182827,7.52527e-06,1.61408e+06
0,0.182827,7.71718e-06,1.55152e+06
0,0.182827,7.9091e-06,1.50836e+06
0,0.182827,8.10102e-06,1.49078e+06
0,0.182827,8.29294e-06,1.48202e+06
0,0.182827,8.48486e-06,1.43702e+06
0,0.182827,8.67678e-06,1.40257e+06
0,0.182827,8.86869e-06,1.38489e+06
0,0.182827,9.06061e-06,1.35548e+06
0,0.182827,9.25253e-06,1.34757e+06
0,0.182827,9.44445e-06,1.33559e+06
0,0.182827,9.63637e-06,1.2948e+06
0,0.182827,9.82829e-06,1.2836e+06
0,0.182827,1.00202e-05,1.2923e+06
0,0.182827,1.02121e-05,1.25789e+06
0,0.182827,1.0404e-05,1.22871e+06
0,0.182827,1.0596e-05,1.20227e+06
0,0.182827,1.07879e-05,1.18597e+06
0,0.182827,1.09798e-05,1.18566e+06
0,0.182827,1.11717e-05,1.16676e+06
0,0.182827,1.13636e-05,1.15623e+06
0,0.182827,1.15556e-05,1.154e+06
0,0.182827,1.17475e-05,1.11398e+06
0,0.182827,1.19394e-05,1.12995e+06
0,0.182827,1.21313e-05,1.11284e+06
0,0.182827,1.23232e-05,1.08403e+06
0,0.182827,1.25151e-05,1.06258e+06
0,0.182827,1.27071e-05,1.04374e+06
0,0.182827,1.2899e-05,1.04795e+06
0,0.182827,1.30909e-05,1.05836e+06
0,0.182827,1.32828e-05,1.04618e+06
0,0.182827,1.34747e-05,1.02725e+06
0,0.182827,1.36667e-05,1.02226e+06
0,0.182827,1.38586e-05,984585
0,0.182827,1.40505e-05,983187
0,0.182827,1.42424e-05,988122
0,0.182827,1.44343e-05,974449
0,0.182827,1.46262e-05,947877
0,0.182827,1.48182e-05,954106
0,0.182827,1.50101e-05,970905
0,0.182827,1.5202e-05,940708
0,0.185756,5.798e-06,1.99866e+06
0,0.185756,5.98992e-06,1.94638e+06
0,0.185756,6.18184e-06,1.90537e+06
0,0.185756,6.37376e-06,1.83248e+06
0,0.185756,6.56567e-06,1.79385e+06
0,0.185756,6.75759e-06,1.74718e+06
0,0.185756,6.94951e-06,1.71103e+06
0,0.185756,7.14143e-06,1.6764e+06
0,0.185756,7.33335e-06,1.60158e+06
0,0.185756,7.52527e-06,1.58717e+06
0,0.185756,7.71718e-06,1.59823e+06
0,0.185756,7.9091e-06,1.53412e+06
0,0.185756,8.10102e-06,1.50962e+06
0,0.185756,8.29294e-06,1.48278e+06
0,0.185756,8.48486e-06,1.44496e+06
0,0.185756,8.67678e-06,1.42846e+06
0,0.185756,8.86869e-06,1.39304e+06
0,0.185756,9.06061e-06,1.37422e+06
0,0.185756,9.25253e-06,1.35885e+06
0,0.185756,9.44445e-06,1.34138e+06
0,0.185756,9.63637e-06,1.29888e+06
0,0.185756,9.82829e-06,1.26229e+06
0,0.185756,1.00202e-05,1.26817e+06
0,0.185756,1.02121e-05,1.24579e+06
0,0.185756,1.0404e-05,1.2237e+06
0,0.185756,1.0596e-05,1.23781e+06
0,0.185756,1.07879e-05,1.19629e+06
0,0.185756,1.09798e-05,1.17172e+06
0,0.185756,1.11717e-05,1.16833e+06
0,0.185756,1.13636e-05,1.18211e+06
0,0.185756,1.15556e-05,1.12341e+06
0,0.185756,1.17475e-05,1.11803e+06
0,0.185756,1.19394e-05,1.10331e+06
0,0.185756,1.21313e-05,1.09209e+06
0,0.185756,1.23232e-05,1.09263e+06
0,0.185756,1.25151e-05,1.07284e+06
0,0.185756,1.27071e-05,1.08726e+06
0,0.185756,1.2899e-05,1.06046e+06
0,0.185756,1.30909e-05,1.03721e+06
0,0.185756,1.32828e-05,1.00565e+06
0,0.185756,1.34747e-05,1.02483e+06
0,0.185756,1.36667e-05,1.00778e+06
0,0.185756,1.38586e-05,987416
0,0.185756,1.40505e-05,967321
0,0.185756,1.42424e-05,981856
0,0.185756,1.44343e-05,968932
0,0.185756,1.46262e-05,943893
0,0.185756,1.48182e-05,956700
0,0.185756,1.50101e-05,940593
0,0.185756,1.5202e-05,930790
0,0.188685,5.798e-06,2.0143e+06
0,0.188685,5.98992e-06,1.96388e+06
0,0.188685,6.18184e-06,1.87525e+06
0,0.188685,6.37376e-06,1.85108e+06
0,0.188685,6.56567e-06,1.80413e+06
0,0.188685,6.75759e-06,1.75606e+06
0,0.188685,6.94951e-06,1.72494e+06
0,0.188685,7.14143e-06,1.68082e+06
0,0.188685,7.33335e-06,1.65574e+06
0,0.188685,7.52527e-06,1.61118e+06
0,0.188685,7.71718e-06,1.57534e+06
0,0.188685,7.9091e-06,1.53795e+06
0,0.188685,8.10102e-06,1.53493e+06
0,0.188685,8.29294e-06,1.47711e+06
0,0.188685,8.48486e-06,1.46613e+06
0,0.188685,8.67678e-06,1.426e+06
0,0.188685,8.86869e-06,1.38621e+06
0,0.188685,9.06061e-06,1.36509e+06
0,0.188685,9.25253e-06,1.35391e+06
0,0.188685,9.44445e-06,1.34217e+06
0,0.188685,9.63637e-06,1.31802e+06
0,0.188685,9.82829e-06,1.29871e+06
0,0.188685,1.00202e-05,1.26354e+06
0,0.188685,1.02121e-05,1.25074e+06
0,0.188685,1.0404e-05,1.23148e+06
0,0.188685,1.0596e-05,1.22455e+06
0,0.188685,1.07879e-05,1.18618e+06
0,0.188685,1.09798e-05,1.18926e+06
0,0.188685,1.11717e-05,1.15912e+06
0,0.188685,1.13636e-05,1.1677e+06
0,0.188685,1.15556e-05,1.12994e+06
0,0.188685,1.17475e-05,1.13489e+06
0,0.188685,1.19394e-05,1.11777e+06
0,0.188685,1.21313e-05,1.10276e+06
0,0.188685,1.23232e-05,1.0717e+06
0,0.188685,1.25151e-05,1.08927e+06
0,0.188685,1.27071e-05,1.06378e+06
0,0.188685,1.2899e-05,1.03508e+06
0,0.188685,1.30909e-05,1.05638e+06
0,0.188685,1.32828e-05,1.04109e+06
0,0.188685,1.34747e-05,1.0235e+06
0,0.188685,1.36667e-05,1.02955e+06
0,0.188685,1.38586e-05,1.02287e+06
0,0.188685,1.40505e-05,1.0103e+06
0,0.188685,1.42424e-05,977501
0,0.188685,1.44343e-05,966982
0,0.188685,1.46262e-05,950890
0,0.188685,1.48182e-05,976076
0,0.188685,1.50101e-05,963493
0,0.188685,1.5202e-05,931301
0,0.191615,5.798e-06,2.00502e+06
0,0.191615,5.98992e-06,1.9424e+06
0,0.191615,6.18184e-06,1.89009e+06
0,0.191615,6.37376e-06,1.8723e+06
0,0.191615,6.56567e-06,1.80267e+06
0,0.191615,6.75759e-06,1.77404e+06
0,0.191615,6.94951e-06,1.71592e+06
0,0.191615,7.14143e-06,1.6715e+06
0,0.191615,7.33335e-06,1.64241e+06
0,0.191615,7.52527e-06,1.59843e+06
0,0.191615,7.71718e-06,1.57295e+06
0,0.191615,7.9091e-06,1.52905e+06
0,0.191615,8.10102e-06,1.507e+06
0,0.191615,8.29294e-06,1.44838e+06
0,0.191615,8.48486e-06,1.45855e+06
0,0.191615,8.67678e-06,1.41953e+06
0,0.191615,8.86869e-06,1.39927e+06
0,0.191615,9.06061e-06,1.37919e+06
0,0.191615,9.25253e-06,1.34522e+06
0,0.191615,9.44445e-06,1.33149e+06
0,0.191615,9.63637e-06,1.31413e+06
0,0.191615,9.82829e-06,1.27415e+06
0,0.191615,1.00202e-05,1.27443e+06
0,0.191615,1.02121e-05,1.24737e+06
0,0.191615,1.0404e-05,1.214e+06
0,0.191615,1.0596e-05,1.20339e+06
0,0.191615,1.07879e-05,1.18521e+06
0,0.191615,1.09798e-05,1.20181e+06
0,0.191615,1.11717e-05,1.19142e+06
0,0.191615,1.13636e-05,1.16035e+06
0,0.191615,1.15556e-05,1.14687e+06
0,0.191615,1.17475e-05,1.12506e+06
0,0.191615,1.19394e-05,1.11252e+06
0,0.191615,1.21313e-05,1.10246e+06
0,0.191615,1.23232e-05,1.09014e+06
0,0.191615,1.25151e-05,1.07646e+06
0,0.191615,1.27071e-05,1.06358e+06
0,0.191615,1.2899e-05,1.04966e+06
0,0.191615,1.30909e-05,1.04628e+06
0,0.191615,1.32828e-05,1.02811e+06
0,0.191615,1.34747e-05,1.04099e+06
0,0.191615,1.36667e-05,1.00766e+06
0,0.191615,1.38586e-05,994567
0,0.191615,1.40505e-05,1.00544e+06
0,0.191615,1.42424e-05,962558
0,0.191615,1.44343e-05,973311
0,0.191615,1.46262e-05,979550
0,0.191615,1.48182e-05,976992
0,0.191615,1.50101e-05,964151
0,0.191615,1.5202e-05,943148
0,0.194544,5.798e-06,2.01231e+06
0,0.194544,5.98992e-06,1.95348e+06
0,0.194544,6.18184e-06,1.8894e+06
0,0.194544,6.37376e-06,1.86937e+06
0,0.194544,6.56567e-06,1.80593e+06
0,0.194544,6.75759e-06,1.75672e+06
0,0.194544,6.94951e-06,1.72219e+06
0,0.194544,7.14143e-06,1.66668e+06
0,0.194544,7.33335e-06,1.63102e+06
0,0.194544,7.52527e-06,1.59399e+06
0,0.194544,7.71718e-06,1.55473e+06
0,0.194544,7.9091e-06,1.53501e+06
0,0.194544,8.10102e-06,1.4887e+06
0,0.194544,8.29294e-06,1.46121e+06
0,0.194544,8.48486e-06,1.4385e+06
0,0.194544,8.67678e-06,1.41153e+06
0,0.194544,8.86869e-06,1.40259e+06
0,0.194544,9.06061e-06,1.35929e+06
0,0.194544,9.25253e-06,1.34331e+06
0,0.194544,9.44445e-06,1.31193e+06
0,0.194544,9.63637e-06,1.33558e+06
0,0.194544,9.82829e-06,1.27706e+06
0,0.194544,1.00202e-05,1.28905e+06
0,0.194544,1.02121e-05,1.24071e+06
0,0.194544,1.0404e-05,1.25178e+06
0,0.194544,1.0596e-05,1.22393e+06
0,0.194544,1.07879e-05,1.16767e+06
0,0.194544,1.09798e-05,1.18837e+06
0,0.194544,1.11717e-05,1.16766e+06
0,0.194544,1.13636e-05,1.17262e+06
0,0.194544,1.15556e-05,1.13969e+06
0,0.194544,1.17475e-05,1.13964e+06
0,0.194544,1.19394e-05,1.09691e+06
0,0.194544,1.21313e-05,1.096e+06
0,0.194544,1.23232e-05,1.05664e+06
0,0.194544,1.25151e-05,1.08616e+06
0,0.194544,1.27071e-05,1.0463e+06
0,0.194544,1.2899e-05,1.04407e+06
0,0.194544,1.30909e-05,1.031e+06
0,0.194544,1.32828e-05,1.03065e+06
0,0.194544,1.34747e-05,1.02834e+06
0,0.194544,1.36667e-05,1.00165e+06
0,0.194544,1.38586e-05,1.00812e+06
0,0.194544,1.40505e-05,994155
0,0.194544,1.42424e-05,1.01013e+06
0,0.194544,1.44343e-05,976452
0,0.194544,1.46262e-05,942489
0,0.194544,1.48182e-05,960022
0,0.194544,1.50101e-05,936103
0,0.194544,1.5202e-05,936799
0,0.197473,5.798e-06,1.98078e+06
0,0.197473,5.98992e-06,1.96084e+06
0,0.197473,6.18184e-06,1.88917e+06
0,0.197473,6.37376e-06,1.85076e+06
0,0.197473,6.56567e-06,1.79873e+06
0,0.197473,6.75759e-06,1.75796e+06
0,0.197473,6.94951e-06,1.69109e+06
0,0.197473,7.14143e-06,1.6606e+06
0,0.197473,7.33335e-06,1.63103e+06
0,0.197473,7.52527e-06,1.59764e+06
0,0.197473,7.71718e-06,1.5524e+06
0,0.197473,7.9091e-06,1.54933e+06
0,0.197473,8.10102e-06,1.52078e+06
0,0.197473,8.29294e-06,1.46384e+06
0,0.197473,8.48486e-06,1.44411e+06
0,0.197473,8.67678e-06,1.4172e+06
0,0.197473,8.86869e-06,1.40485e+06
0,0.197473,9.06061e-06,1.37214e+06
0,0.197473,9.25253e-06,1.35917e+06
0,0.197473,9.44445e-06,1.32266e+06
0,0.197473,9.63637e-06,1.30063e+06
0,0.197473,9.82829e-06,1.28866e+06
0,0.197473,1.00202e-05,1.27991e+06
0,0.197473,1.02121e-05,1.23153e+06
0,0.197473,1.0404e-05,1.22609e+06
0,0.197473,1.0596e-05,1.19295e+06
0,0.197473,1.07879e-05,1.18221e+06
0,0.197473,1.09798e-05,1.16997e+06
0,0.197473,1.11717e-05,1.14127e+06
0,0.197473,1.13636e-05,1.1357e+06
0,0.197473,1.15556e-05,1.13039e+06
0,0.197473,1.17475e-05,1.12424e+06
0,0.197473,1.19394e-05,1.09868e+06
0,0.197473,1.21313e-05,1.09287e+06
0,0.197473,1.23232e-05,1.07536e+06
0,0.197473,1.25151e-05,1.08166e+06
0,0.197473,1.27071e-05,1.05502e+06
0,0.197473,1.2899e-05,1.05768e+06
0,0.197473,1.30909e-05,1.05261e+06
0,0.197473,1.32828e-05,1.05692e+06
0,0.197473,1.34747e-05,1.0254e+06
0,0.197473,1.36667e-05,986507
0,0.197473,1.38586e-05,1.00618e+06
0,0.197473,1.40505e-05,996567
0,0.197473,1.42424e-05,981424
0,0.197473,1.44343e-05,995158
0,0.197473,1.46262e-05,964564
0,0.197473,1.48182e-05,946511
0,0.197473,1.50101e-05,978687
0,0.197473,1.5202e-05,923391
0,0.200402,5.798e-06,2.01807e+06
0,0.200402,5.98992e-06,1.98063e+06
0,0.200402,6.18184e-06,1.88792e+06
0,0.200402,6.37376e-06,1.8513e+06
0,0.200402,6.56567e-06,1.81586e+06
0,0.200402,6.75759e-06,1.74556e+06
0,0.200402,6.94951e-06,1.69068e+06
0,0.200402,7.14143e-06,1.67412e+06
0,0.200402,7.33335e-06,1.6322e+06
0,0.200402,7.52527e-06,1.62412e+06
0,0.200402,7.71718e-06,1.55544e+06
0,0.200402,7.9091e-06,1.53666e+06
0,0.200402,8.10102e-06,1.52033e+06
0,0.200402,8.29294e-06,1.47954e+06
0,0.200402,8.48486e-06,1.43947e+06
0,0.200402,8.67678e-06,1.43046e+06
0,0.200402,8.86869e-06,1.39492e+06
0,0.200402,9.06061e-06,1.37461e+06
0,0.200402,9.25253e-06,1.33963e+06
0,0.200402,9.44445e-06,1.33748e+06
0,0.200402,9.63637e-06,1.30382e+06
0,0.200402,9.82829e-06,1.27955e+06
0,0.200402,1.00202e-05,1.25584e+06
0,0.200402,1.02121e-05,1.26338e+06
0,0.200402,1.0404e-05,1.24399e+06
0,0.200402,1.0596e-05,1.20476e+06
0,0.200402,1.07879e-05,1.20314e+06
0,0.200402,1.09798e-05,1.18409e+06
0,0.200402,1.11717e-05,1.17212e+06
0,0.200402,1.13636e-05,1.14568e+06
0,0.200402,1.15556e-05,1.14239e+06
0,0.200402,1.17475e-05,1.14925e+06
0,0.200402,1.19394e-05,1.09938e+06
0,0.200402,1.21313e-05,1.10083e+06
0,0.200402,1.23232e-05,1.11882e+06
0,0.200402,1.25151e-05,1.07961e+06
0,0.200402,1.27071e-05,1.06996e+06
0,0.200402,1.2899e-05,1.05586e+06
0,0.200402,1.30909e-05,1.0501e+06
0,0.200402,1.32828e-05,1.01632e+06
0,0.200402,1.34747e-05,1.02752e+06
0,0.200402,1.36667e-05,1.02649e+06
0,0.200402,1.38586e-05,984366
0,0.200402,1.40505e-05,1.00616e+06
0,0.200402,1.42424e-05,994040
0,0.200402,1.44343e-05,974125
0,0.200402,1.46262e-05,973111
0,0.200402,1.48182e-05,945491
0,0.200402,1.50101e-05,967492
0,0.200402,1.5202e-05,937236
0,0.203331,5.798e-06,2.00067e+06
0,0.203331,5.98992e-06,1.94562e+06
0,0.203331,6.18184e-06,1.89964e+06
0,0.203331,6.37376e-06,1.84102e+06
0,0.203331,6.56567e-06,1.79797e+06
0,0.203331,6.75759e-06,1.77591e+06
0,0.203331,6.94951e-06,1.72132e+06
0,0.203331,7.14143e-06,1.68842e+06
0,0.203331,7.33335e-06,1.63974e+06
0,0.203331,7.52527e-06,1.60799e+06
0,0.203331,7.71718e-06,1.57214e+06
0,0.203331,7.9091e-06,1.52659e+06
0,0.203331,8.10102e-06,1.50986e+06
0,0.203331,8.29294e-06,1.49839e+06
0,0.203331,8.48486e-06,1.4359e+06
0,0.203331,8.67678e-06,1.43434e+06
0,0.203331,8.86869e-06,1.38737e+06
0,0.203331,9.06061e-06,1.36539e+06
0,0.203331,9.25253e-06,1.36212e+06
0,0.203331,9.44445e-06,1.31659e+06
0,0.203331,9.63637e-06,1.30384e+06
0,0.203331,9.82829e-06,1.28097e+06
0,0.203331,1.00202e-05,1.27757e+06
0,0.203331,1.02121e-05,1.24476e+06
0,0.203331,1.0404e-05,1.24482e+06
0,0.203331,1.0596e-05,1.2071e+06
0,0.203331,1.07879e-05,1.21078e+06
0,0.203331,1.09798e-05,1.20423e+06
0,0.203331,1.11717e-05,1.16236e+06
0,0.203331,1.13636e-05,1.17552e+06
0,0.203331,1.15556e-05,1.1388e+06
0,0.203331,1.17475e-05,1.10549e+06
0,0.203331,1.19394e-05,1.11444e+06
0,0.203331,1.21313e-05,1.10785e+06
0,0.203331,1.23232e-05,1.08211e+06
0,0.203331,1.25151e-05,1.08786e+06
0,0.203331,1.27071e-05,1.06926e+06
0,0.203331,1.2899e-05,1.04356e+06
0,0.203331,1.30909e-05,1.0413e+06
0,0.203331,1.32828e-05,1.02888e+06
0,0.203331,1.34747e-05,1.01957e+06
0,0.203331,1.36667e-05,1.0144e+06
0,0.203331,1.38586e-05,1.01879e+06
0,0.203331,1.40505e-05,991615
0,0.203331,1.42424e-05,995445
0,0.203331,1.44343e-05,991990
0,0.203331,1.46262e-05,967829
0,0.203331,1.48182e-05,970627
0,0.203331,1.50101e-05,978953
0,0.203331,1.5202e-05,932479
0,0.20626,5.798e-06,2.03208e+06
0,0.20626,5.98992e-06,1.95611e+06
0,0.20626,6.18184e-06,1.90796e+06
0,0.20626,6.37376e-06,1.82356e+06
0,0.20626,6.56567e-06,1.78631e+06
0,0.20626,6.75759e-06,1.75639e+06
0,0.20626,6.94951e-06,1.69912e+06
0,0.20626,7.14143e-06,1.6948e+06
0,0.20626,7.33335e-06,1.61591e+06
0,0.20626,7.52527e-06,1.58781e+06
0,0.20626,7.71718e-06,1.57071e+06
0,0.20626,7.9091e-06,1.54086e+06
0,0.20626,8.10102e-06,1.49466e+06
0,0.20626,8.29294e-06,1.46765e+06
0,0.20626,8.48486e-06,1.43194e+06
0,0.20626,8.67678e-06,1.41753e+06
0,0.20626,8.86869e-06,1.38422e+06
0,0.20626,9.06061e-06,1.3961e+06
0,0.20626,9.25253e-06,1.35362e+06
0,0.20626,9.44445e-06,1.3223e+06
0,0.20626,9.63637e-06,1.30258e+06
0,0.20626,9.82829e-06,1.30413e+06
0,0.20626,1.00202e-05,1.26796e+06
0,0.20626,1.02121e-05,1.25618e+06
0,0.20626,1.0404e-05,1.21878e+06
0,0.20626,1.0596e-05,1.2119e+06
0,0.20626,1.07879e-05,1.18968e+06
0,0.20626,1.09798e-05,1.17703e+06
0,0.20626,1.11717e-05,1.1555e+06
0,0.20626,1.13636e-05,1.15384e+06
0,0.20626,1.15556e-05,1.15561e+06
0,0.20626,1.17475e-05,1.11346e+06
0,0.20626,1.19394e-05,1.11373e+06
0,0.20626,1.21313e-05,1.10018e+06
0,0.20626,1.23232e-05,1.06624e+06
0,0.20626,1.25151e-05,1.07525e+06
0,0.20626,1.27071e-05,1.08794e+06
0,0.20626,1.2899e-05,1.06557e+06
0,0.20626,1.30909e-05,1.03557e+06
0,0.20626,1.32828e-05,1.02486e+06
0,0.20626,1.34747e-05,1.03138e+06
0,0.20626,1.36667e-05,1.00775e+06
0,0.20626,1.38586e-05,1.0202e+06
0,0.20626,1.40505e-05,982919
0,0.20626,1.42424e-05,1.00434e+06
0,0.20626,1.44343e-05,971000
0,0.20626,1.46262e-05,998356
0,0.20626,1.48182e-05,958374
0,0.20626,1.50101e-05,937448
0,0.20626,1.5202e-05,949678
0,0.20919,5.798e-06,1.99846e+06
0,0.20919,5.98992e-06,1.96194e+06
0,0.20919,6.18184e-06,1.89121e+06
0,0.20919,6.37376e-06,1.87839e+06
0,0.20919,6.56567e-06,1.76737e+06
0,0.20919,6.75759e-06,1.76539e+06
0,0.20919,6.94951e-06,1.71735e+06
0,0.20919,7.14143e-06,1.66847e+06
0,0.20919,7.33335e-06,1.66838e+06
0,0.20919,7.52527e-06,1.60457e+06
0,0.20919,7.71718e-06,1.54657e+06
0,0.20919,7.9091e-06,1.52366e+06
0,0.20919,8.10102e-06,1.49218e+06
0,0.20919,8.29294e-06,1.47796e+06
0,0.20919,8.48486e-06,1.44595e+06
0,0.20919,8.67678e-06,1.43439e+06
0,0.20919,8.86869e-06,1.38978e+06
0,0.20919,9.06061e-06,1.37473e+06
0,0.20919,9.25253e-06,1.34284e+06
0,0.20919,9.44445e-06,1.35273e+06
0,0.20919,9.63637e-06,1.29188e+06
0,0.20919,9.82829e-06,1.27475e+06
0,0.20919,1.00202e-05,1.27575e+06
0,0.20919,1.02121e-05,1.26738e+06
0,0.20919,1.0404e-05,1.24392e+06
0,0.20919,1.0596e-05,1.20842e+06
0,0.20919,1.07879e-05,1.21817e+06
0,0.20919,1.09798e-05,1.19435e+06
0,0.20919,1.11717e-05,1.19079e+06
0,0.20919,1.13636e-05,1.13954e+06
0,0.20919,1.15556e-05,1.15472e+06
0,0.20919,1.17475e-05,1.13368e+06
0,0.20919,1.19394e-05,1.10404e+06
0,0.20919,1.21313e-05,1.10627e+06
0,0.20919,1.23232e-05,1.09775e+06
0,0.20919,1.25151e-05,1.05792e+06
0,0.20919,1.27071e-05,1.06206e+06
0,0.20919,1.2899e-05,1.03506e+06
0,0.20919,1.30909e-05,1.04227e+06
0,0.20919,1.32828e-05,1.02615e+06
0,0.20919,1.34747e-05,1.02611e+06
0,0.20919,1.36667e-05,1.01296e+06
0,0.20919,1.38586e-05,1.01038e+06
0,0.20919,1.40505e-05,969603
0,0.20919,1.42424e-05,992953
0,0.20919,1.44343e-05,968419
0,0.20919,1.46262e-05,988756
0,0.20919,1.48182e-05,957994
0,0.20919,1.50101e-05,927917
0,0.20919,1.5202e-05,950192
0,0.212119,5.798e-06,2.00137e+06
0,0.212119,5.98992e-06,1.96755e+06
0,0.212119,6.18184e-06,1.92507e+06
0,0.212119,6.37376e-06,1.8535e+06
0,0.212119,6.56567e-06,1.79766e+06
0,0.212119,6.75759e-06,1.75707e+06
0,0.212119,6.94951e-06,1.72082e+06
0,0.212119,7.14143e-06,1.67484e+06
0,0.212119,7.33335e-06,1.62377e+06
0,0.212119,7.52527e-06,1.60968e+06
0,0.212119,7.71718e-06,1.54989e+06
0,0.212119,7.9091e-06,1.55064e+06
0,0.212119,8.10102e-06,1.48172e+06
0,0.212119,8.29294e-06,1.46093e+06
0,0.212119,8.48486e-06,1.45678e+06
0,0.212119,8.67678e-06,1.42162e+06
0,0.212119,8.86869e-06,1.38413e+06
0,0.212119,9.06061e-06,1.38502e+06
0,0.212119,9.25253e-06,1.33449e+06
0,0.212119,9.44445e-06,1.31159e+06
0,0.212119,9.63637e-06,1.30889e+06
0,0.212119,9.82829e-06,1.30238e+06
0,0.212119,1.00202e-05,1.25872e+06
0,0.212119,1.02121e-05,1.25058e+06
0,0.212119,1.0404e-05,1.23312e+06
0,0.212119,1.0596e-05,1.21156e+06
0,0.212119,1.07879e-05,1.2148e+06
0,0.212119,1.09798e-05,1.185e+06
0,0.212119,1.11717e-05,1.17346e+06
0,0.212119,1.13636e-05,1.16361e+06
0,0.212119,1.15556e-05,1.15442e+06
0,0.212119,1.17475e-05,1.13233e+06
0,0.212119,1.19394e-05,1.10361e+06
0,0.212119,1.21313e-05,1.10097e+06
0,0.212119,1.23232e-05,1.09774e+06
0,0.212119,1.25151e-05,1.06986e+06
0,0.212119,1.27071e-05,1.07928e+06
0,0.212119,1.2899e-05,1.05451e+06
0,0.212119,1.30909e-05,1.08029e+06
0,0.212119,1.32828e-05,1.03458e+06
0,0.212119,1.34747e-05,1.03017e+06
0,0.212119,1.36667e-05,1.00949e+06
0,0.212119,1.38586e-05,1.00481e+06
0,0.212119,1.40505e-05,992140
0,0.212119,1.42424e-05,988389
0,0.212119,1.44343e-05,964526
0,0.212119,1.46262e-05,962324
0,0.212119,1.48182e-05,959781
0,0.212119,1.50101e-05,945781
0,0.212119,1.5202e-05,923555
0,0.215048,5.798e-06,2.02469e+06
0,0.215048,5.98992e-06,1.96637e+06
0,0.215048,6.18184e-06,1.90282e+06
0,0.215048,6.37376e-06,1.86744e+06
0,0.215048,6.56567e-06,1.79078e+06
0,0.215048,6.75759e-06,1.74989e+06
0,0.215048,6.94951e-06,1.71523e+06
0,0.215048,7.14143e-06,1.6832e+06
0,0.215048,7.33335e-06,1.62954e+06
0,0.215048,7.52527e-06,1.60205e+06
0,0.215048,7.71718e-06,1.56638e+06
0,0.215048,7.9091e-06,1.53454e+06
0,0.215048,8.10102e-06,1.50667e+06
0,0.215048,8.29294e-06,1.47651e+06
0,0.215048,8.48486e-06,1.45293e+06
0,0.215048,8.67678e-06,1.41602e+06
0,0.215048,8.86869e-06,1.41699e+06
0,0.215048,9.06061e-06,1.33704e+06
0,0.215048,9.25253e-06,1.33824e+06
0,0.215048,9.44445e-06,1.34094e+06
0,0.215048,9.63637e-06,1.29267e+06
0,0.215048,9.82829e-06,1.29027e+06
0,0.215048,1.00202e-05,1.26764e+06
0,0.215048,1.02121e-05,1.24989e+06
0,0.215048,1.0404e-05,1.23902e+06
0,0.215048,1.0596e-05,1.21595e+06
0,0.215048,1.07879e-05,1.20611e+06
0,0.215048,1.09798e-05,1.18134e+06
0,0.215048,1.11717e-05,1.17983e+06
0,0.215048,1.13636e-05,1.14727e+06
0,0.215048,1.15556e-05,1.16042e+06
0,0.215048,1.17475e-05,1.14137e+06
0,0.215048,1.19394e-05,1.09464e+06
0,0.215048,1.21313e-05,1.10201e+06
0,0.215048,1.23232e-05,1.09641e+06
0,0.215048,1.25151e-05,1.06229e+06
0,0.215048,1.27071e-05,1.07291e+06
0,0.215048,1.2899e-05,1.05852e+06
0,0.215048,1.30909e-05,1.04935e+06
0,0.215048,1.32828e-05,1.02217e+06
0,0.215048,1.34747e-05,1.03089e+06
0,0.215048,1.36667e-05,1.02712e+06
0,0.215048,1.38586e-05,1.00971e+06
0,0.215048,1.40505e-05,1.01032e+06
0,0.215048,1.42424e-05,991703
0,0.215048,1.44343e-05,981455
0,0.215048,1.46262e-05,986379
0,0.215048,1.48182e-05,996032
0,0.215048,1.50101e-05,957546
0,0.215048,1.5202e-05,962047
0,0.217977,5.798e-06,2.01655e+06
0,0.217977,5.98992e-06,1.96336e+06
0,0.217977,6.18184e-06,1.90878e+06
0,0.217977,6.37376e-06,1.85452e+06
0,0.217977,6.56567e-06,1.78545e+06
0,0.217977,6.75759e-06,1.77939e+06
0,0.217977,6.94951e-06,1.70388e+06
0,0.217977,7.14143e-06,1.66561e+06
0,0.217977,7.33335e-06,1.63483e+06
0,0.217977,7.52527e-06,1.59853e+06
0,0.217977,7.71718e-06,1.56048e+06
0,0.217977,7.9091e-06,1.53583e+06
0,0.217977,8.10102e-06,1.51688e+06
0,0.217977,8.29294e-06,1.46009e+06
0,0.217977,8.48486e-06,1.43795e+06
0,0.217977,8.67678e-06,1.41559e+06
0,0.217977,8.86869e-06,1.40877e+06
0,0.217977,9.06061e-06,1.35407e+06
0,0.217977,9.25253e-06,1.36231e+06
0,0.217977,9.44445e-06,1.32171e+06
0,0.217977,9.63637e-06,1.30415e+06
0,0.217977,9.82829e-06,1.27293e+06
0,0.217977,1.00202e-05,1.25639e+06
0,0.217977,1.02121e-05,1.26685e+06
0,0.217977,1.0404e-05,1.24727e+06
0,0.217977,1.0596e-05,1.21414e+06
0,0.217977,1.07879e-05,1.20348e+06
0,0.217977,1.09798e-05,1.19408e+06
0,0.217977,1.11717e-05,1.1637e+06
0,0.217977,1.13636e-05,1.16943e+06
0,0.217977,1.15556e-05,1.13338e+06
0,0.217977,1.17475e-05,1.11446e+06
0,0.217977,1.19394e-05,1.11699e+06
0,0.217977,1.21313e-05,1.09046e+06
0,0.217977,1.23232e-05,1.08129e+06
0,0.217977,1.25151e-05,1.09984e+06
0,0.217977,1.27071e-05,1.07302e+06
0,0.217977,1.2899e-05,1.06754e+06
0,0.217977,1.30909e-05,1.05128e+06
0,0.217977,1.32828e-05,1.04003e+06
0,0.217977,1.34747e-05,1.05607e+06
0,0.217977,1.36667e-05,1.04316e+06
0,0.217977,1.38586e-05,1.01809e+06
0,0.217977,1.40505e-05,998877
0,0.217977,1.42424e-05,997565
0,0.217977,1.44343e-05,993617
0,0.217977,1.46262e-05,985279
0,0.217977,1.48182e-05,991946
0,0.217977,1.50101e-05,963780
0,0.217977,1.5202e-05,954776
0,0.220906,5.798e-06,2.01307e+06
0,0.220906,5.98992e-06,1.95941e+06
0,0.220906,6.18184e-06,1.89403e+06
0,0.220906,6.37376e-06,1.84276e+06
0,0.220906,6.56567e-06,1.81225e+06
0,0.220906,6.75759e-06,1.77251e+06
0,0.220906,6.94951e-06,1.70074e+06
0,0.220906,7.14143e-06,1.64869e+06
0,0.220906,7.33335e-06,1.63825e+06
0,0.220906,7.52527e-06,1.5907e+06
0,0.220906,7.71718e-06,1.57396e+06
0,0.220906,7.9091e-06,1.53476e+06
0,0.220906,8.10102e-06,1.4945e+06
0,0.220906,8.29294e-06,1.47054e+06
0,0.220906,8.48486e-06,1.44424e+06
0,0.220906,8.67678e-06,1.43026e+06
0,0.220906,8.86869e-06,1.4151e+06
0,0.220906,9.06061e-06,1.36194e+06
0,0.220906,9.25253e-06,1.32498e+06
0,0.220906,9.44445e-06,1.32633e+06
0,0.220906,9.63637e-06,1.3114e+06
0,0.220906,9.82829e-06,1.30186e+06
0,0.220906,1.00202e-05,1.25654e+06
0,0.220906,1.02121e-05,1.26014e+06
0,0.220906,1.0404e-05,1.23492e+06
0,0.220906,1.0596e-05,1.21957e+06
0,0.220906,1.07879e-05,1.21976e+06
0,0.220906,1.09798e-05,1.18265e+06
0,0.220906,1.11717e-05,1.17858e+06
0,0.220906,1.13636e-05,1.15432e+06
0,0.220906,1.15556e-05,1.16632e+06
0,0.220906,1.17475e-05,1.11569e+06
0,0.220906,1.19394e-05,1.14974e+06
0,0.220906,1.21313e-05,1.11623e+06
0,0.220906,1.23232e-05,1.09602e+06
0,0.220906,1.25151e-05,1.10789e+06
0,0.220906,1.27071e-05,1.06398e+06
0,0.220906,1.2899e-05,1.07127e+06
0,0.220906,1.30909e-05,1.05404e+06
0,0.220906,1.32828e-05,1.03839e+06
0,0.220906,1.34747e-05,1.04023e+06
0,0.220906,1.36667e-05,988790
0,0.220906,1.38586e-05,998845
0,0.220906,1.40505e-05,989171
0,0.220906,1.42424e-05,992715
0,0.220906,1.44343e-05,978697
0,0.220906,1.46262e-05,977232
0,0.220906,1.48182e-05,968398
0,0.220906,1.50101e-05,964235
0,0.220906,1.5202e-05,931674
0,0.223835,5.798e-06,2.00935e+06
0,0.223835,5.98992e-06,1.9529e+06
0,0.223835,6.18184e-06,1.9036e+06
0,0.223835,6.37376e-06,1.85482e+06
0,0.223835,6.56567e-06,1.80763e+06
0,0.223835,6.75759e-06,1.76929e+06
0,0.223835,6.94951e-06,1.72319e+06
0,0.223835,7.14143e-06,1.67268e+06
0,0.223835,7.33335e-06,1.63255e+06
0,0.223835,7.52527e-06,1.60574e+06
0,0.223835,7.71718e-06,1.55194e+06
0,0.223835,7.9091e-06,1.53402e+06
0,0.223835,8.10102e-06,1.51242e+06
0,0.223835,8.29294e-06,1.48356e+06
0,0.223835,8.48486e-06,1.44686e+06
0,0.223835,8.67678e-06,1.43808e+06
0,0.223835,8.86869e-06,1.40082e+06
0,0.223835,9.06061e-06,1.37827e+06
0,0.223835,9.25253e-06,1.35529e+06
0,0.223835,9.44445e-06,1.33822e+06
0,0.223835,9.63637e-06,1.30432e+06
0,0.223835,9.82829e-06,1.27665e+06
0,0.223835,1.00202e-05,1.27402e+06
0,0.223835,1.02121e-05,1.26046e+06
0,0.223835,1.0404e-05,1.2241e+06
0,0.223835,1.0596e-05,1.21439e+06
0,0.223835,1.07879e-05,1.2006e+06
0,0.223835,1.09798e-05,1.18669e+06
0,0.223835,1.11717e-05,1.16034e+06
0,0.223835,1.13636e-05,1.18092e+06
0,0.223835,1.15556e-05,1.18052e+06
0,0.223835,1.17475e-05,1.13906e+06
0,0.223835,1.19394e-05,1.11869e+06
0,0.223835,1.21313e-05,1.12271e+06
0,0.223835,1.23232e-05,1.10013e+06
0,0.223835,1.25151e-05,1.07332e+06
0,0.223835,1.27071e-05,1.08308e+06
0,0.223835,1.2899e-05,1.05899e+06
0,0.223835,1.30909e-05,1.04327e+06
0,0.223835,1.32828e-05,1.05192e+06
0,0.223835,1.34747e-05,1.0087e+06
0,0.223835,1.36667e-05,1.00748e+06
0,0.223835,1.38586e-05,999082
0,0.223835,1.40505e-05,989531
0,0.223835,1.42424e-05,1.00312e+06
0,0.223835,1.44343e-05,1.0069e+06
0,0.223835,1.46262e-05,991731
0,0.223835,1.48182e-05,983113
0,0.223835,1.50101e-05,955963
0,0.223835,1.5202e-05,978566
0,0.226765,5.798e-06,2.0082e+06
0,0.226765,5.98992e-06,1.94693e+06
0,0.226765,6.18184e-06,1.89482e+06
0,0.226765,6.37376e-06,1.84561e+06
0,0.226765,6.56567e-06,1.7935e+06
0,0.226765,6.75759e-06,1.75522e+06
0,0.226765,6.94951e-06,1.72004e+06
0,0.226765,7.14143e-06,1.64708e+06
0,0.226765,7.33335e-06,1.62896e+06
0,0.226765,7.52527e-06,1.59842e+06
0,0.226765,7.71718e-06,1.57638e+06
0,0.226765,7.9091e-06,1.52045e+06
0,0.226765,8.10102e-06,1.47518e+06
0,0.226765,8.29294e-06,1.46536e+06
0,0.226765,8.48486e-06,1.44274e+06
0,0.226765,8.67678e-06,1.41326e+06
0,0.226765,8.86869e-06,1.38812e+06
0,0.226765,9.06061e-06,1.37492e+06
0,0.226765,9.25253e-06,1.33866e+06
0,0.226765,9.44445e-06,1.33052e+06
0,0.226765,9.63637e-06,1.28889e+06
0,0.226765,9.82829e-06,1.30132e+06
0,0.226765,1.00202e-05,1.28183e+06
0,0.226765,1.02121e-05,1.25734e+06
0,0.226765,1.0404e-05,1.2464e+06
0,0.226765,1.0596e-05,1.19379e+06
0,0.226765,1.07879e-05,1.19411e+06
0,0.226765,1.09798e-05,1.19483e+06
0,0.226765,1.11717e-05,1.14943e+06
0,0.226765,1.13636e-05,1.14419e+06
0,0.226765,1.15556e-05,1.14428e+06
0,0.226765,1.17475e-05,1.13014e+06
0,0.226765,1.19394e-05,1.11535e+06
0,0.226765,1.21313e-05,1.1001e+06
0,0.226765,1.23232e-05,1.09184e+06
0,0.226765,1.25151e-05,1.09748e+06
0,0.226765,1.27071e-05,1.06708e+06
0,0.226765,1.2899e-05,1.06459e+06
0,0.226765,1.30909e-05,1.04085e+06
0,0.226765,1.32828e-05,1.05371e+06
0,0.226765,1.34747e-05,1.02108e+06
0,0.226765,1.36667e-05,1.01311e+06
0,0.226765,1.38586e-05,1.02728e+06
0,0.226765,1.40505e-05,1.02052e+06
0,0.226765,1.42424e-05,963886
0,0.226765,1.44343e-05,987470
0,0.226765,1.46262e-05,1.00999e+06
0,0.226765,1.48182e-05,977229
0,0.226765,1.50101e-05,961389
0,0.226765,1.5202e-05,972081
