omega,gamma,beta,cs
0,0.0832354,5.798e-06,0.345474
0,0.0832354,5.98992e-06,0.346295
0,0.0832354,6.18184e-06,0.345965
0,0.0832354,6.37376e-06,0.346909
0,0.0832354,6.56567e-06,0.348407
0,0.0832354,6.75759e-06,0.346057
0,0.0832354,6.94951e-06,0.343056
0,0.0832354,7.14143e-06,0.344199
0,0.0832354,7.33335e-06,0.345548
0,0.0832354,7.52527e-06,0.345979
0,0.0832354,7.71718e-06,0.344491
0,0.0832354,7.9091e-06,0.344208
0,0.0832354,8.10102e-06,0.343476
0,0.0832354,8.29294e-06,0.345604
0,0.0832354,8.48486e-06,0.344802
0,0.0832354,8.67678e-06,0.340117
0,0.0832354,8.86869e-06,0.340282
0,0.0832354,9.06061e-06,0.344186
0,0.0832354,9.25253e-06,0.344628
0,0.0832354,9.44445e-06,0.345427
0,0.0832354,9.63637e-06,0.343058
0,0.0832354,9.82829e-06,0.343984
0,0.0832354,1.00202e-05,0.342401
0,0.0832354,1.02121e-05,0.342081
0,0.0832354,1.0404e-05,0.341712
0,0.0832354,1.0596e-05,0.342049
0,0.0832354,1.07879e-05,0.341876
0,0.0832354,1.09798e-05,0.342756
0,0.0832354,1.11717e-05,0.340474
0,0.0832354,1.13636e-05,0.342758
0,0.0832354,1.15556e-05,0.340589
0,0.0832354,1.17475e-05,0.341648
0,0.0832354,1.19394e-05,0.338972
0,0.0832354,1.21313e-05,0.339436
0,0.0832354,1.23232e-05,0.341062
0,0.0832354,1.25151e-05,0.338662
0,0.0832354,1.27071e-05,0.340532
0,0.0832354,1.2899e-05,0.33951
0,0.0832354,1.30909e-05,0.33761
0,0.0832354,1.32828e-05,0.337421
0,0.0832354,1.34747e-05,0.336667
0,0.0832354,1.36667e-05,0.340371
0,0.0832354,1.38586e-05,0.34096
0,0.0832354,1.40505e-05,0.335883
0,0.0832354,1.42424e-05,0.337192
0,0.0832354,1.44343e-05,0.336838
0,0.0832354,1.46262e-05,0.33987
0,0.0832354,1.48182e-05,0.338885
0,0.0832354,1.50101e-05,0.342906
0,0.0832354,1.5202e-05,0.337015
0,0.0861646,5.798e-06,0.345824
0,0.0861646,5.98992e-06,0.345579
0,0.0861646,6.18184e-06,0.34681
0,0.0861646,6.37376e-06,0.346568
0,0.0861646,6.56567e-06,0.347071
0,0.0861646,6.75759e-06,0.347197
0,0.0861646,6.94951e-06,0.346502
0,0.0861646,7.14143e-06,0.347441
0,0.0861646,7.33335e-06,0.344701
0,0.0861646,7.52527e-06,0.344328
0,0.0861646,7.71718e-06,0.345668
0,0.0861646,7.9091e-06,0.345783
0,0.0861646,8.10102e-06,0.347479
0,0.0861646,8.29294e-06,0.345091
0,0.0861646,8.48486e-06,0.345309
0,0.0861646,8.67678e-06,0.344574
0,0.0861646,8.86869e-06,0.342938
0,0.0861646,9.06061e-06,0.341923
0,0.0861646,9.25253e-06,0.344167
0,0.0861646,9.44445e-06,0.343788
0,0.0861646,9.63637e-06,0.344426
0,0.0861646,9.82829e-06,0.345837
0,0.0861646,1.00202e-05,0.34671
0,0.0861646,1.02121e-05,0.341941
0,0.0861646,1.0404e-05,0.343859
0,0.0861646,1.0596e-05,0.341573
0,0.0861646,1.07879e-05,0.340524
0,0.0861646,1.09798e-05,0.341109
0,0.0861646,1.11717e-05,0.345086
0,0.0861646,1.13636e-05,0.341673
0,0.0861646,1.15556e-05,0.341664
0,0.0861646,1.17475e-05,0.340898
0,0.0861646,1.19394e-05,0.341573
0,0.0861646,1.21313e-05,0.338847
0,0.0861646,1.23232e-05,0.340112
0,0.0861646,1.25151e-05,0.342522
0,0.0861646,1.27071e-05,0.342594
0,0.0861646,1.2899e-05,0.341415
0,0.0861646,1.30909e-05,0.340792
0,0.0861646,1.32828e-05,0.341245
0,0.0861646,1.34747e-05,0.341066
0,0.0861646,1.36667e-05,0.339957
0,0.0861646,1.38586e-05,0.337132
0,0.0861646,1.40505e-05,0.34452
0,0.0861646,1.42424e-05,0.339564
0,0.0861646,1.44343e-05,0.339182
0,0.0861646,1.46262e-05,0.341301
0,0.0861646,1.48182e-05,0.339797
0,0.0861646,1.50101e-05,0.338172
0,0.0861646,1.5202e-05,0.338319
0,0.0890937,5.798e-06,0.348294
0,0.0890937,5.98992e-06,0.348453
0,0.0890937,6.18184e-06,0.34654
0,0.0890937,6.37376e-06,0.346492
0,0.0890937,6.56567e-06,0.345239
0,0.0890937,6.75759e-06,0.348423
0,0.0890937,6.94951e-06,0.345706
0,0.0890937,7.14143e-06,0.347862
0,0.0890937,7.33335e-06,0.347628
0,0.0890937,7.52527e-06,0.346855
0,0.0890937,7.71718e-06,0.347838
0,0.0890937,7.9091e-06,0.345559
0,0.0890937,8.10102e-06,0.34683
0,0.0890937,8.29294e-06,0.346541
0,0.0890937,8.48486e-06,0.345688
0,0.0890937,8.67678e-06,0.345702
0,0.0890937,8.86869e-06,0.345008
0,0.0890937,9.06061e-06,0.346036
0,0.0890937,9.25253e-06,0.346318
0,0.0890937,9.44445e-06,0.347018
0,0.0890937,9.63637e-06,0.344768
0,0.0890937,9.82829e-06,0.343666
0,0.0890937,1.00202e-05,0.34505
0,0.0890937,1.02121e-05,0.348411
0,0.0890937,1.0404e-05,0.343071
0,0.0890937,1.0596e-05,0.345298
0,0.0890937,1.07879e-05,0.342287
0,0.0890937,1.09798e-05,0.341901
0,0.0890937,1.11717e-05,0.342015
0,0.0890937,1.13636e-05,0.345349
0,0.0890937,1.15556e-05,0.344168
0,0.0890937,1.17475e-05,0.343758
0,0.0890937,1.19394e-05,0.343468
0,0.0890937,1.21313e-05,0.344147
0,0.0890937,1.23232e-05,0.343533
0,0.0890937,1.25151e-05,0.345283
0,0.0890937,1.27071e-05,0.341761
0,0.0890937,1.2899e-05,0.340815
0,0.0890937,1.30909e-05,0.34285
0,0.0890937,1.32828e-05,0.340808
0,0.0890937,1.34747e-05,0.344642
0,0.0890937,1.36667e-05,0.340518
0,0.0890937,1.38586e-05,0.340695
0,0.0890937,1.40505e-05,0.338296
0,0.0890937,1.42424e-05,0.342569
0,0.0890937,1.44343e-05,0.33911
0,0.0890937,1.46262e-05,0.341996
0,0.0890937,1.48182e-05,0.340704
0,0.0890937,1.50101e-05,0.340866
0,0.0890937,1.5202e-05,0.340016
0,0.0920229,5.798e-06,0.348306
0,0.0920229,5.98992e-06,0.348079
0,0.0920229,6.18184e-06,0.348422
0,0.0920229,6.37376e-06,0.349266
0,0.0920229,6.56567e-06,0.34892
0,0.0920229,6.75759e-06,0.349162
0,0.0920229,6.94951e-06,0.350083
0,0.0920229,7.14143e-06,0.347146
0,0.0920229,7.33335e-06,0.348754
0,0.0920229,7.52527e-06,0.348211
0,0.0920229,7.71718e-06,0.348345
0,0.0920229,7.9091e-06,0.347608
0,0.0920229,8.10102e-06,0.34817
0,0.0920229,8.29294e-06,0.345982
0,0.0920229,8.48486e-06,0.348511
0,0.0920229,8.67678e-06,0.345653
0,0.0920229,8.86869e-06,0.343187
0,0.0920229,9.06061e-06,0.348725
0,0.0920229,9.25253e-06,0.345698
0,0.0920229,9.44445e-06,0.34639
0,0.0920229,9.63637e-06,0.346323
0,0.0920229,9.82829e-06,0.346391
0,0.0920229,1.00202e-05,0.343527
0,0.0920229,1.02121e-05,0.348168
0,0.0920229,1.0404e-05,0.345749
0,0.0920229,1.0596e-05,0.34408
0,0.0920229,1.07879e-05,0.346464
0,0.0920229,1.09798e-05,0.348439
0,0.0920229,1.11717e-05,0.342949
0,0.0920229,1.13636e-05,0.3468
0,0.0920229,1.15556e-05,0.34659
0,0.0920229,1.17475e-05,0.349455
0,0.0920229,1.19394e-05,0.346885
0,0.0920229,1.21313e-05,0.34634
0,0.0920229,1.23232e-05,0.34311
0,0.0920229,1.25151e-05,0.344878
0,0.0920229,1.27071e-05,0.343762
0,0.0920229,1.2899e-05,0.346039
0,0.0920229,1.30909e-05,0.345003
0,0.0920229,1.32828e-05,0.344787
0,0.0920229,1.34747e-05,0.344308
0,0.0920229,1.36667e-05,0.343289
0,0.0920229,1.38586e-05,0.34421
0,0.0920229,1.40505e-05,0.343481
0,0.0920229,1.42424e-05,0.339141
0,0.0920229,1.44343e-05,0.342393
0,0.0920229,1.46262e-05,0.339206
0,0.0920229,1.48182e-05,0.342446
0,0.0920229,1.50101e-05,0.342583
0,0.0920229,1.5202e-05,0.342575
0,0.0949521,5.798e-06,0.351262
0,0.0949521,5.98992e-06,0.349845
0,0.0949521,6.18184e-06,0.349276
0,0.0949521,6.37376e-06,0.350658
0,0.0949521,6.56567e-06,0.349615
0,0.0949521,6.75759e-06,0.348645
0,0.0949521,6.94951e-06,0.349493
0,0.0949521,7.14143e-06,0.347448
0,0.0949521,7.33335e-06,0.350872
0,0.0949521,7.52527e-06,0.348816
0,0.0949521,7.71718e-06,0.347998
0,0.0949521,7.9091e-06,0.3507
0,0.0949521,8.10102e-06,0.351343
0,0.0949521,8.29294e-06,0.349089
0,0.0949521,8.48486e-06,0.346628
0,0.0949521,8.67678e-06,0.345021
0,0.0949521,8.86869e-06,0.347422
0,0.0949521,9.06061e-06,0.34847
0,0.0949521,9.25253e-06,0.347973
0,0.0949521,9.44445e-06,0.34646
0,0.0949521,9.63637e-06,0.348505
0,0.0949521,9.82829e-06,0.346898
0,0.0949521,1.00202e-05,0.349875
0,0.0949521,1.02121e-05,0.347742
0,0.0949521,1.0404e-05,0.34764
0,0.0949521,1.0596e-05,0.346978
0,0.0949521,1.07879e-05,0.345683
0,0.0949521,1.09798e-05,0.345927
0,0.0949521,1.11717e-05,0.345059
0,0.0949521,1.13636e-05,0.344422
0,0.0949521,1.15556e-05,0.346709
0,0.0949521,1.17475e-05,0.348451
0,0.0949521,1.19394e-05,0.345221
0,0.0949521,1.21313e-05,0.344825
0,0.0949521,1.23232e-05,0.344526
0,0.0949521,1.25151e-05,0.342765
0,0.0949521,1.27071e-05,0.345591
0,0.0949521,1.2899e-05,0.345747
0,0.0949521,1.30909e-05,0.345665
0,0.0949521,1.32828e-05,0.343999
0,0.0949521,1.34747e-05,0.344951
0,0.0949521,1.36667e-05,0.343548
0,0.0949521,1.38586e-05,0.347265
0,0.0949521,1.40505e-05,0.34232
0,0.0949521,1.42424e-05,0.343926
0,0.0949521,1.44343e-05,0.345594
0,0.0949521,1.46262e-05,0.342075
0,0.0949521,1.48182e-05,0.342375
0,0.0949521,1.50101e-05,0.341354
0,0.0949521,1.5202e-05,0.341329
0,0.0978812,5.798e-06,0.350562
0,0.0978812,5.98992e-06,0.350659
0,0.0978812,6.18184e-06,0.349695
0,0.0978812,6.37376e-06,0.351018
0,0.0978812,6.56567e-06,0.349009
0,0.0978812,6.75759e-06,0.349374
0,0.0978812,6.94951e-06,0.351348
0,0.0978812,7.14143e-06,0.351548
0,0.0978812,7.33335e-06,0.349806
0,0.0978812,7.52527e-06,0.349983
0,0.0978812,7.71718e-06,0.350323
0,0.0978812,7.9091e-06,0.349252
0,0.0978812,8.10102e-06,0.35157
0,0.0978812,8.29294e-06,0.350844
0,0.0978812,8.48486e-06,0.351444
0,0.0978812,8.67678e-06,0.349732
0,0.0978812,8.86869e-06,0.350128
0,0.0978812,9.06061e-06,0.348248
0,0.0978812,9.25253e-06,0.347386
0,0.0978812,9.44445e-06,0.346722
0,0.0978812,9.63637e-06,0.35001
0,0.0978812,9.82829e-06,0.349439
0,0.0978812,1.00202e-05,0.346734
0,0.0978812,1.02121e-05,0.349353
0,0.0978812,1.0404e-05,0.346745
0,0.0978812,1.0596e-05,0.345727
0,0.0978812,1.07879e-05,0.348508
0,0.0978812,1.09798e-05,0.349792
0,0.0978812,1.11717e-05,0.347164
0,0.0978812,1.13636e-05,0.347085
0,0.0978812,1.15556e-05,0.350791
0,0.0978812,1.17475e-05,0.345633
0,0.0978812,1.19394e-05,0.345911
0,0.0978812,1.21313e-05,0.346335
0,0.0978812,1.23232e-05,0.348429
0,0.0978812,1.25151e-05,0.345549
0,0.0978812,1.27071e-05,0.347624
0,0.0978812,1.2899e-05,0.348379
0,0.0978812,1.30909e-05,0.347274
0,0.0978812,1.32828e-05,0.34718
0,0.0978812,1.34747e-05,0.344731
0,0.0978812,1.36667e-05,0.346734
0,0.0978812,1.38586e-05,0.346407
0,0.0978812,1.40505e-05,0.344831
0,0.0978812,1.42424e-05,0.342739
0,0.0978812,1.44343e-05,0.34639
0,0.0978812,1.46262e-05,0.346348
0,0.0978812,1.48182e-05,0.341331
0,0.0978812,1.50101e-05,0.341918
0,0.0978812,1.5202e-05,0.342295
0,0.10081,5.798e-06,0.347958
0,0.10081,5.98992e-06,0.352914
0,0.10081,6.18184e-06,0.34995
0,0.10081,6.37376e-06,0.353235
0,0.10081,6.56567e-06,0.352486
0,0.10081,6.75759e-06,0.350989
0,0.10081,6.94951e-06,0.350246
0,0.10081,7.14143e-06,0.351575
0,0.10081,7.33335e-06,0.350311
0,0.10081,7.52527e-06,0.351782
0,0.10081,7.71718e-06,0.349148
0,0.10081,7.9091e-06,0.351974
0,0.10081,8.10102e-06,0.352912
0,0.10081,8.29294e-06,0.351005
0,0.10081,8.48486e-06,0.351436
0,0.10081,8.67678e-06,0.353218
0,0.10081,8.86869e-06,0.350633
0,0.10081,9.06061e-06,0.347505
0,0.10081,9.25253e-06,0.349693
0,0.10081,9.44445e-06,0.348052
0,0.10081,9.63637e-06,0.352222
0,0.10081,9.82829e-06,0.35125
0,0.10081,1.00202e-05,0.350533
0,0.10081,1.02121e-05,0.351148
0,0.10081,1.0404e-05,0.349738
0,0.10081,1.0596e-05,0.349798
0,0.10081,1.07879e-05,0.347697
0,0.10081,1.09798e-05,0.348434
0,0.10081,1.11717e-05,0.347679
0,0.10081,1.13636e-05,0.348449
0,0.10081,1.15556e-05,0.34926
0,0.10081,1.17475e-05,0.348752
0,0.10081,1.19394e-05,0.347867
0,0.10081,1.21313e-05,0.344766
0,0.10081,1.23232e-05,0.347785
0,0.10081,1.25151e-05,0.345308
0,0.10081,1.27071e-05,0.344487
0,0.10081,1.2899e-05,0.344047
0,0.10081,1.30909e-05,0.34724
0,0.10081,1.32828e-05,0.344378
0,0.10081,1.34747e-05,0.34552
0,0.10081,1.36667e-05,0.345171
0,0.10081,1.38586e-05,0.34399
0,0.10081,1.40505e-05,0.348603
0,0.10081,1.42424e-05,0.344614
0,0.10081,1.44343e-05,0.345275
0,0.10081,1.46262e-05,0.345038
0,0.10081,1.48182e-05,0.347961
0,0.10081,1.50101e-05,0.342295
0,0.10081,1.5202e-05,0.342482
0,0.10374,5.798e-06,0.348944
0,0.10374,5.98992e-06,0.351314
0,0.10374,6.18184e-06,0.35005
0,0.10374,6.37376e-06,0.349931
0,0.10374,6.56567e-06,0.350808
0,0.10374,6.75759e-06,0.351788
0,0.10374,6.94951e-06,0.354002
0,0.10374,7.14143e-06,0.353077
0,0.10374,7.33335e-06,0.351112
0,0.10374,7.52527e-06,0.351879
0,0.10374,7.71718e-06,0.353761
0,0.10374,7.9091e-06,0.352649
0,0.10374,8.10102e-06,0.351943
0,0.10374,8.29294e-06,0.352277
0,0.10374,8.48486e-06,0.350209
0,0.10374,8.67678e-06,0.351586
0,0.10374,8.86869e-06,0.350552
0,0.10374,9.06061e-06,0.352165
0,0.10374,9.25253e-06,0.350705
0,0.10374,9.44445e-06,0.352808
0,0.10374,9.63637e-06,0.349124
0,0.10374,9.82829e-06,0.349541
0,0.10374,1.00202e-05,0.350399
0,0.10374,1.02121e-05,0.350254
0,0.10374,1.0404e-05,0.349172
0,0.10374,1.0596e-05,0.353158
0,0.10374,1.07879e-05,0.349926
0,0.10374,1.09798e-05,0.348726
0,0.10374,1.11717e-05,0.349641
0,0.10374,1.13636e-05,0.347421
0,0.10374,1.15556e-05,0.350394
0,0.10374,1.17475e-05,0.349312
0,0.10374,1.19394e-05,0.348798
0,0.10374,1.21313e-05,0.347825
0,0.10374,1.23232e-05,0.351991
0,0.10374,1.25151e-05,0.349604
0,0.10374,1.27071e-05,0.348071
0,0.10374,1.2899e-05,0.347645
0,0.10374,1.30909e-05,0.347407
0,0.10374,1.32828e-05,0.351241
0,0.10374,1.34747e-05,0.347415
0,0.10374,1.36667e-05,0.347047
0,0.10374,1.38586e-05,0.348183
0,0.10374,1.40505e-05,0.348558
0,0.10374,1.42424e-05,0.347638
0,0.10374,1.44343e-05,0.350629
0,0.10374,1.46262e-05,0.346881
0,0.10374,1.48182e-05,0.345946
0,0.10374,1.50101e-05,0.344172
0,0.10374,1.5202e-05,0.345971
0,0.106669,5.798e-06,0.349254
0,0.106669,5.98992e-06,0.353063
0,0.106669,6.18184e-06,0.350887
0,0.106669,6.37376e-06,0.353369
0,0.106669,6.56567e-06,0.351339
0,0.106669,6.75759e-06,0.35472
0,0.106669,6.94951e-06,0.353362
0,0.106669,7.14143e-06,0.35399
0,0.106669,7.33335e-06,0.3534
0,0.106669,7.52527e-06,0.352194
0,0.106669,7.71718e-06,0.354559
0,0.106669,7.9091e-06,0.351779
0,0.106669,8.10102e-06,0.354938
0,0.106669,8.29294e-06,0.354277
0,0.106669,8.48486e-06,0.353913
0,0.106669,8.67678e-06,0.352718
0,0.106669,8.86869e-06,0.353846
0,0.106669,9.06061e-06,0.35579
0,0.106669,9.25253e-06,0.35061
0,0.106669,9.44445e-06,0.352181
0,0.106669,9.63637e-06,0.351519
0,0.106669,9.82829e-06,0.352651
0,0.106669,1.00202e-05,0.352134
0,0.106669,1.02121e-05,0.353248
0,0.106669,1.0404e-05,0.350665
0,0.106669,1.0596e-05,0.350893
0,0.106669,1.07879e-05,0.351337
0,0.106669,1.09798e-05,0.351903
0,0.106669,1.11717e-05,0.350116
0,0.106669,1.13636e-05,0.352255
0,0.106669,1.15556e-05,0.349439
0,0.106669,1.17475e-05,0.350459
0,0.106669,1.19394e-05,0.351426
0,0.106669,1.21313e-05,0.348655
0,0.106669,1.23232e-05,0.351523
0,0.106669,1.25151e-05,0.349842
0,0.106669,1.27071e-05,0.349683
0,0.106669,1.2899e-05,0.350429
0,0.106669,1.30909e-05,0.351297
0,0.106669,1.32828e-05,0.347866
0,0.106669,1.34747e-05,0.345234
0,0.106669,1.36667e-05,0.348598
0,0.106669,1.38586e-05,0.347235
0,0.106669,1.40505e-05,0.347192
0,0.106669,1.42424e-05,0.346553
0,0.106669,1.44343e-05,0.349358
0,0.106669,1.46262e-05,0.34787
0,0.106669,1.48182e-05,0.347543
0,0.106669,1.50101e-05,0.346202
0,0.106669,1.5202e-05,0.347064
0,0.109598,5.798e-06,0.351429
0,0.109598,5.98992e-06,0.351414
0,0.109598,6.18184e-06,0.350815
0,0.109598,6.37376e-06,0.353716
0,0.109598,6.56567e-06,0.353628
0,0.109598,6.75759e-06,0.355555
0,0.109598,6.94951e-06,0.353798
0,0.109598,7.14143e-06,0.353532
0,0.109598,7.33335e-06,0.353421
0,0.109598,7.52527e-06,0.355487
0,0.109598,7.71718e-06,0.353643
0,0.109598,7.9091e-06,0.35333
0,0.109598,8.10102e-06,0.352538
0,0.109598,8.29294e-06,0.355048
0,0.109598,8.48486e-06,0.354334
0,0.109598,8.67678e-06,0.353825
0,0.109598,8.86869e-06,0.353685
0,0.109598,9.06061e-06,0.353381
0,0.109598,9.25253e-06,0.354772
0,0.109598,9.44445e-06,0.354328
0,0.109598,9.63637e-06,0.351617
0,0.109598,9.82829e-06,0.354321
0,0.109598,1.00202e-05,0.351741
0,0.109598,1.02121e-05,0.352706
0,0.109598,1.0404e-05,0.351438
0,0.109598,1.0596e-05,0.353081
0,0.109598,1.07879e-05,0.35145
0,0.109598,1.09798e-05,0.351975
0,0.109598,1.11717e-05,0.35104
0,0.109598,1.13636e-05,0.349827
0,0.109598,1.15556e-05,0.349868
0,0.109598,1.17475e-05,0.352511
0,0.109598,1.19394e-05,0.351821
0,0.109598,1.21313e-05,0.351605
0,0.109598,1.23232e-05,0.351445
0,0.109598,1.25151e-05,0.351833
0,0.109598,1.27071e-05,0.349219
0,0.109598,1.2899e-05,0.348541
0,0.109598,1.30909e-05,0.348308
0,0.109598,1.32828e-05,0.348987
0,0.109598,1.34747e-05,0.351444
0,0.109598,1.36667e-05,0.346312
0,0.109598,1.38586e-05,0.347343
0,0.109598,1.40505e-05,0.349478
0,0.109598,1.42424e-05,0.347819
0,0.109598,1.44343e-05,0.348133
0,0.109598,1.46262e-05,0.347661
0,0.109598,1.48182e-05,0.34917
0,0.109598,1.50101e-05,0.347522
0,0.109598,1.5202e-05,0.348242
0,0.112527,5.798e-06,0.353026
0,0.112527,5.98992e-06,0.354052
0,0.112527,6.18184e-06,0.354222
0,0.112527,6.37376e-06,0.354545
0,0.112527,6.56567e-06,0.35257
0,0.112527,6.75759e-06,0.354869
0,0.112527,6.94951e-06,0.356099
0,0.112527,7.14143e-06,0.353526
0,0.112527,7.33335e-06,0.355622
0,0.112527,7.52527e-06,0.353453
0,0.112527,7.71718e-06,0.354148
0,0.112527,7.9091e-06,0.357275
0,0.112527,8.10102e-06,0.356807
0,0.112527,8.29294e-06,0.35641
0,0.112527,8.48486e-06,0.355166
0,0.112527,8.67678e-06,0.353575
0,0.112527,8.86869e-06,0.355152
0,0.112527,9.06061e-06,0.353859
0,0.112527,9.25253e-06,0.353497
0,0.112527,9.44445e-06,0.352549
0,0.112527,9.63637e-06,0.355104
0,0.112527,9.82829e-06,0.355768
0,0.112527,1.00202e-05,0.351949
0,0.112527,1.02121e-05,0.352781
0,0.112527,1.0404e-05,0.354893
0,0.112527,1.0596e-05,0.35393
0,0.112527,1.07879e-05,0.355997
0,0.112527,1.09798e-05,0.353915
0,0.112527,1.11717e-05,0.352132
0,0.112527,1.13636e-05,0.352966
0,0.112527,1.15556e-05,0.352312
0,0.112527,1.17475e-05,0.354024
0,0.112527,1.19394e-05,0.353385
0,0.112527,1.21313e-05,0.350331
0,0.112527,1.23232e-05,0.35423
0,0.112527,1.25151e-05,0.351421
0,0.112527,1.27071e-05,0.351927
0,0.112527,1.2899e-05,0.352086
0,0.112527,1.30909e-05,0.352147
0,0.112527,1.32828e-05,0.350579
0,0.112527,1.34747e-05,0.351527
0,0.112527,1.36667e-05,0.352221
0,0.112527,1.38586e-05,0.349255
0,0.112527,1.40505e-05,0.347687
0,0.112527,1.42424e-05,0.350692
0,0.112527,1.44343e-05,0.352159
0,0.112527,1.46262e-05,0.348608
0,0.112527,1.48182e-05,0.349215
0,0.112527,1.50101e-05,0.348912
0,0.112527,1.5202e-05,0.348284
0,0.115456,5.798e-06,0.354244
0,0.115456,5.98992e-06,0.355769
0,0.115456,6.18184e-06,0.353409
0,0.115456,6.37376e-06,0.353324
0,0.115456,6.56567e-06,0.354118
0,0.115456,6.75759e-06,0.353497
0,0.115456,6.94951e-06,0.354499
0,0.115456,7.14143e-06,0.354822
0,0.115456,7.33335e-06,0.357829
0,0.115456,7.52527e-06,0.356109
0,0.115456,7.71718e-06,0.355277
0,0.115456,7.9091e-06,0.355169
0,0.115456,8.10102e-06,0.356026
0,0.115456,8.29294e-06,0.357472
0,0.115456,8.48486e-06,0.353728
0,0.115456,8.67678e-06,0.355565
0,0.115456,8.86869e-06,0.356158
0,0.115456,9.06061e-06,0.354716
0,0.115456,9.25253e-06,0.356292
0,0.115456,9.44445e-06,0.356842
0,0.115456,9.63637e-06,0.353978
0,0.115456,9.82829e-06,0.354847
0,0.115456,1.00202e-05,0.356794
0,0.115456,1.02121e-05,0.355038
0,0.115456,1.0404e-05,0.355363
0,0.115456,1.0596e-05,0.355714
0,0.115456,1.07879e-05,0.352628
0,0.115456,1.09798e-05,0.356006
0,0.115456,1.11717e-05,0.354412
0,0.115456,1.13636e-05,0.355724
0,0.115456,1.15556e-05,0.354609
0,0.115456,1.17475e-05,0.354863
0,0.115456,1.19394e-05,0.355872
0,0.115456,1.21313e-05,0.354971
0,0.115456,1.23232e-05,0.352137
0,0.115456,1.25151e-05,0.353232
0,0.115456,1.27071e-05,0.352947
0,0.115456,1.2899e-05,0.352715
0,0.115456,1.30909e-05,0.356807
0,0.115456,1.32828e-05,0.352037
0,0.115456,1.34747e-05,0.352772
0,0.115456,1.36667e-05,0.351974
0,0.115456,1.38586e-05,0.351001
0,0.115456,1.40505e-05,0.352172
0,0.115456,1.42424e-05,0.352137
0,0.115456,1.44343e-05,0.349343
0,0.115456,1.46262e-05,0.348167
0,0.115456,1.48182e-05,0.353593
0,0.115456,1.50101e-05,0.350743
0,0.115456,1.5202e-05,0.349324
0,0.118385,5.798e-06,0.355666
0,0.118385,5.98992e-06,0.3543
0,0.118385,6.18184e-06,0.35471
0,0.118385,6.37376e-06,0.355306
0,0.118385,6.56567e-06,0.356627
0,0.118385,6.75759e-06,0.356469
0,0.118385,6.94951e-06,0.356559
0,0.118385,7.14143e-06,0.358376
0,0.118385,7.33335e-06,0.355968
0,0.118385,7.52527e-06,0.356314
0,0.118385,7.71718e-06,0.35806
0,0.118385,7.9091e-06,0.35465
0,0.118385,8.10102e-06,0.356688
0,0.118385,8.29294e-06,0.358243
0,0.118385,8.48486e-06,0.354065
0,0.118385,8.67678e-06,0.357678
0,0.118385,8.86869e-06,0.357589
0,0.118385,9.06061e-06,0.357232
0,0.118385,9.25253e-06,0.356224
0,0.118385,9.44445e-06,0.353144
0,0.118385,9.63637e-06,0.355588
0,0.118385,9.82829e-06,0.355768
0,0.118385,1.00202e-05,0.355189
0,0.118385,1.02121e-05,0.355275
0,0.118385,1.0404e-05,0.357353
0,0.118385,1.0596e-05,0.355589
0,0.118385,1.07879e-05,0.356169
0,0.118385,1.09798e-05,0.354578
0,0.118385,1.11717e-05,0.355256
0,0.118385,1.13636e-05,0.353375
0,0.118385,1.15556e-05,0.357349
0,0.118385,1.17475e-05,0.353054
0,0.118385,1.19394e-05,0.353465
0,0.118385,1.21313e-05,0.356229
0,0.118385,1.23232e-05,0.354988
0,0.118385,1.25151e-05,0.353742
0,0.118385,1.27071e-05,0.353125
0,0.118385,1.2899e-05,0.351854
0,0.118385,1.30909e-05,0.353832
0,0.118385,1.32828e-05,0.354091
0,0.118385,1.34747e-05,0.352656
0,0.118385,1.36667e-05,0.354371
0,0.118385,1.38586e-05,0.353604
0,0.118385,1.40505e-05,0.349999
0,0.118385,1.42424e-05,0.351569
0,0.118385,1.44343e-05,0.351134
0,0.118385,1.46262e-05,0.351786
0,0.118385,1.48182e-05,0.350214
0,0.118385,1.50101e-05,0.353864
0,0.118385,1.5202e-05,0.352965
0,0.121315,5.798e-06,0.354855
0,0.121315,5.98992e-06,0.355482
0,0.121315,6.18184e-06,0.355099
0,0.121315,6.37376e-06,0.35816
0,0.121315,6.56567e-06,0.355746
0,0.121315,6.75759e-06,0.355646
0,0.121315,6.94951e-06,0.356881
0,0.121315,7.14143e-06,0.355646
0,0.121315,7.33335e-06,0.359958
0,0.121315,7.52527e-06,0.355623
0,0.121315,7.71718e-06,0.357409
0,0.121315,7.9091e-06,0.358111
0,0.121315,8.10102e-06,0.357853
0,0.121315,8.29294e-06,0.358554
0,0.121315,8.48486e-06,0.359881
0,0.121315,8.67678e-06,0.356821
0,0.121315,8.86869e-06,0.357745
0,0.121315,9.06061e-06,0.356991
0,0.121315,9.25253e-06,0.358274
0,0.121315,9.44445e-06,0.357566
0,0.121315,9.63637e-06,0.355529
0,0.121315,9.82829e-06,0.356378
0,0.121315,1.00202e-05,0.358708
0,0.121315,1.02121e-05,0.353877
0,0.121315,1.0404e-05,0.358773
0,0.121315,1.0596e-05,0.358472
0,0.121315,1.07879e-05,0.352337
0,0.121315,1.09798e-05,0.355934
0,0.121315,1.11717e-05,0.356959
0,0.121315,1.13636e-05,0.359167
0,0.121315,1.15556e-05,0.355223
0,0.121315,1.17475e-05,0.356761
0,0.121315,1.19394e-05,0.35781
0,0.121315,1.21313e-05,0.358312
0,0.121315,1.23232e-05,0.35358
0,0.121315,1.25151e-05,0.356458
0,0.121315,1.27071e-05,0.357389
0,0.121315,1.2899e-05,0.355375
0,0.121315,1.30909e-05,0.355814
0,0.121315,1.32828e-05,0.35484
0,0.121315,1.34747e-05,0.354958
0,0.121315,1.36667e-05,0.356417
0,0.121315,1.38586e-05,0.355285
0,0.121315,1.40505e-05,0.353298
0,0.121315,1.42424e-05,0.355136
0,0.121315,1.44343e-05,0.356076
0,0.121315,1.46262e-05,0.356199
0,0.121315,1.48182e-05,0.353662
0,0.121315,1.50101e-05,0.354355
0,0.121315,1.5202e-05,0.352437
0,0.124244,5.798e-06,0.355366
0,0.124244,5.98992e-06,0.355621
0,0.124244,6.18184e-06,0.354738
0,0.124244,6.37376e-06,0.355903
0,0.124244,6.56567e-06,0.356054
0,0.124244,6.75759e-06,0.354597
0,0.124244,6.94951e-06,0.35662
0,0.124244,7.14143e-06,0.357956
0,0.124244,7.33335e-06,0.359018
0,0.124244,7.52527e-06,0.356271
0,0.124244,7.71718e-06,0.35744
0,0.124244,7.9091e-06,0.358842
0,0.124244,8.10102e-06,0.357623
0,0.124244,8.29294e-06,0.360238
0,0.124244,8.48486e-06,0.359201
0,0.124244,8.67678e-06,0.356291
0,0.124244,8.86869e-06,0.357323
0,0.124244,9.06061e-06,0.356988
0,0.124244,9.25253e-06,0.360049
0,0.124244,9.44445e-06,0.358311
0,0.124244,9.63637e-06,0.357033
0,0.124244,9.82829e-06,0.356247
0,0.124244,1.00202e-05,0.357855
0,0.124244,1.02121e-05,0.358108
0,0.124244,1.0404e-05,0.359581
0,0.124244,1.0596e-05,0.356078
0,0.124244,1.07879e-05,0.358529
0,0.124244,1.09798e-05,0.359502
0,0.124244,1.11717e-05,0.356054
0,0.124244,1.13636e-05,0.357866
0,0.124244,1.15556e-05,0.356423
0,0.124244,1.17475e-05,0.356802
0,0.124244,1.19394e-05,0.355698
0,0.124244,1.21313e-05,0.356141
0,0.124244,1.23232e-05,0.354999
0,0.124244,1.25151e-05,0.356889
0,0.124244,1.27071e-05,0.35903
0,0.124244,1.2899e-05,0.355969
0,0.124244,1.30909e-05,0.355982
0,0.124244,1.32828e-05,0.352254
0,0.124244,1.34747e-05,0.35512
0,0.124244,1.36667e-05,0.356505
0,0.124244,1.38586e-05,0.353923
0,0.124244,1.40505e-05,0.357647
0,0.124244,1.42424e-05,0.355935
0,0.124244,1.44343e-05,0.354743
0,0.124244,1.46262e-05,0.353797
0,0.124244,1.48182e-05,0.354326
0,0.124244,1.50101e-05,0.354533
0,0.124244,1.5202e-05,0.355881
0,0.127173,5.798e-06,0.356064
0,0.127173,5.98992e-06,0.357276
0,0.127173,6.18184e-06,0.35652
0,0.127173,6.37376e-06,0.356087
0,0.127173,6.56567e-06,0.356293
0,0.127173,6.75759e-06,0.36145
0,0.127173,6.94951e-06,0.356739
0,0.127173,7.14143e-06,0.359107
0,0.127173,7.33335e-06,0.357947
0,0.127173,7.52527e-06,0.358463
0,0.127173,7.71718e-06,0.357582
0,0.127173,7.9091e-06,0.358304
0,0.127173,8.10102e-06,0.359611
0,0.127173,8.29294e-06,0.360517
0,0.127173,8.48486e-06,0.358038
0,0.127173,8.67678e-06,0.359207
0,0.127173,8.86869e-06,0.358324
0,0.127173,9.06061e-06,0.35641
0,0.127173,9.25253e-06,0.359499
0,0.127173,9.44445e-06,0.359135
0,0.127173,9.63637e-06,0.355614
0,0.127173,9.82829e-06,0.359109
0,0.127173,1.00202e-05,0.358168
0,0.127173,1.02121e-05,0.361311
0,0.127173,1.0404e-05,0.358381
0,0.127173,1.0596e-05,0.360645
0,0.127173,1.07879e-05,0.356887
0,0.127173,1.09798e-05,0.357813
0,0.127173,1.11717e-05,0.359043
0,0.127173,1.13636e-05,0.35866
0,0.127173,1.15556e-05,0.35801
0,0.127173,1.17475e-05,0.356848
0,0.127173,1.19394e-05,0.361445
0,0.127173,1.21313e-05,0.358834
0,0.127173,1.23232e-05,0.357226
0,0.127173,1.25151e-05,0.359117
0,0.127173,1.27071e-05,0.357369
0,0.127173,1.2899e-05,0.35676
0,0.127173,1.30909e-05,0.354608
0,0.127173,1.32828e-05,0.354061
0,0.127173,1.34747e-05,0.355737
0,0.127173,1.36667e-05,0.356439
0,0.127173,1.38586e-05,0.356581
0,0.127173,1.40505e-05,0.356641
0,0.127173,1.42424e-05,0.357151
0,0.127173,1.44343e-05,0.355803
0,0.127173,1.46262e-05,0.356828
0,0.127173,1.48182e-05,0.353831
0,0.127173,1.50101e-05,0.356425
0,0.127173,1.5202e-05,0.354898
0,0.130102,5.798e-06,0.355776
0,0.130102,5.98992e-06,0.356686
0,0.130102,6.18184e-06,0.357559
0,0.130102,6.37376e-06,0.355542
0,0.130102,6.56567e-06,0.357587
0,0.130102,6.75759e-06,0.359593
0,0.130102,6.94951e-06,0.359118
0,0.130102,7.14143e-06,0.357656
0,0.130102,7.33335e-06,0.358423
0,0.130102,7.52527e-06,0.360175
0,0.130102,7.71718e-06,0.359967
0,0.130102,7.9091e-06,0.358259
0,0.130102,8.10102e-06,0.359198
0,0.130102,8.29294e-06,0.360645
0,0.130102,8.48486e-06,0.359501
0,0.130102,8.67678e-06,0.361787
0,0.130102,8.86869e-06,0.36103
0,0.130102,9.06061e-06,0.361383
0,0.130102,9.25253e-06,0.361298
0,0.130102,9.44445e-06,0.360541
0,0.130102,9.63637e-06,0.358314
0,0.130102,9.82829e-06,0.360344
0,0.130102,1.00202e-05,0.359667
0,0.130102,1.02121e-05,0.358882
0,0.130102,1.0404e-05,0.359634
0,0.130102,1.0596e-05,0.357572
0,0.130102,1.07879e-05,0.360651
0,0.130102,1.09798e-05,0.36192
0,0.130102,1.11717e-05,0.36112
0,0.130102,1.13636e-05,0.360196
0,0.130102,1.15556e-05,0.359297
0,0.130102,1.17475e-05,0.35981
0,0.130102,1.19394e-05,0.357855
0,0.130102,1.21313e-05,0.359756
0,0.130102,1.23232e-05,0.357689
0,0.130102,1.25151e-05,0.358266
0,0.130102,1.27071e-05,0.358235
0,0.130102,1.2899e-05,0.356956
0,0.130102,1.30909e-05,0.359265
0,0.130102,1.32828e-05,0.359091
0,0.130102,1.34747e-05,0.360786
0,0.130102,1.36667e-05,0.356565
0,0.130102,1.38586e-05,0.359644
0,0.130102,1.40505e-05,0.357111
0,0.130102,1.42424e-05,0.357893
0,0.130102,1.44343e-05,0.355854
0,0.130102,1.46262e-05,0.357926
0,0.130102,1.48182e-05,0.355599
0,0.130102,1.50101e-05,0.356032
0,0.130102,1.5202e-05,0.358477
0,0.133031,5.798e-06,0.358502
0,0.133031,5.98992e-06,0.359783
0,0.133031,6.18184e-06,0.359038
0,0.133031,6.37376e-06,0.36116
0,0.133031,6.56567e-06,0.358778
0,0.133031,6.75759e-06,0.356992
0,0.133031,6.94951e-06,0.359705
0,0.133031,7.14143e-06,0.359852
0,0.133031,7.33335e-06,0.358754
0,0.133031,7.52527e-06,0.362133
0,0.133031,7.71718e-06,0.360397
0,0.133031,7.9091e-06,0.358101
0,0.133031,8.10102e-06,0.359614
0,0.133031,8.29294e-06,0.361694
0,0.133031,8.48486e-06,0.360847
0,0.133031,8.67678e-06,0.361932
0,0.133031,8.86869e-06,0.362859
0,0.133031,9.06061e-06,0.360957
0,0.133031,9.25253e-06,0.360466
0,0.133031,9.44445e-06,0.35932
0,0.133031,9.63637e-06,0.363171
0,0.133031,9.82829e-06,0.358005
0,0.133031,1.00202e-05,0.3624
0,0.133031,1.02121e-05,0.362958
0,0.133031,1.0404e-05,0.359684
0,0.133031,1.0596e-05,0.358018
0,0.133031,1.07879e-05,0.359758
0,0.133031,1.09798e-05,0.360279
0,0.133031,1.11717e-05,0.360833
0,0.133031,1.13636e-05,0.360469
0,0.133031,1.15556e-05,0.357311
0,0.133031,1.17475e-05,0.35978
0,0.133031,1.19394e-05,0.359659
0,0.133031,1.21313e-05,0.361753
0,0.133031,1.23232e-05,0.359506
0,0.133031,1.25151e-05,0.362899
0,0.133031,1.27071e-05,0.359866
0,0.133031,1.2899e-05,0.362106
0,0.133031,1.30909e-05,0.359175
0,0.133031,1.32828e-05,0.35917
0,0.133031,1.34747e-05,0.361047
0,0.133031,1.36667e-05,0.36032
0,0.133031,1.38586e-05,0.358011
0,0.133031,1.40505e-05,0.360612
0,0.133031,1.42424e-05,0.358948
0,0.133031,1.44343e-05,0.35991
0,0.133031,1.46262e-05,0.356991
0,0.133031,1.48182e-05,0.356013
0,0.133031,1.50101e-05,0.356704
0,0.133031,1.5202e-05,0.356518
0,0.13596,5.798e-06,0.357081
0,0.13596,5.98992e-06,0.358995
0,0.13596,6.18184e-06,0.358287
0,0.13596,6.37376e-06,0.357448
0,0.13596,6.56567e-06,0.3592
0,0.13596,6.75759e-06,0.358303
0,0.13596,6.94951e-06,0.361242
0,0.13596,7.14143e-06,0.360723
0,0.13596,7.33335e-06,0.361457
0,0.13596,7.52527e-06,0.360913
0,0.13596,7.71718e-06,0.358382
0,0.13596,7.9091e-06,0.361149
0,0.13596,8.10102e-06,0.361609
0,0.13596,8.29294e-06,0.36199
0,0.13596,8.48486e-06,0.361222
0,0.13596,8.67678e-06,0.36155
0,0.13596,8.86869e-06,0.360927
0,0.13596,9.06061e-06,0.361181
0,0.13596,9.25253e-06,0.361709
0,0.13596,9.44445e-06,0.361856
0,0.13596,9.63637e-06,0.360825
0,0.13596,9.82829e-06,0.360514
0,0.13596,1.00202e-05,0.360077
0,0.13596,1.02121e-05,0.361008
0,0.13596,1.0404e-05,0.363454
0,0.13596,1.0596e-05,0.36243
0,0.13596,1.07879e-05,0.36485
0,0.13596,1.09798e-05,0.361828
0,0.13596,1.11717e-05,0.359585
0,0.13596,1.13636e-05,0.362245
0,0.13596,1.15556e-05,0.36262
0,0.13596,1.17475e-05,0.360872
0,0.13596,1.19394e-05,0.361618
0,0.13596,1.21313e-05,0.36043
0,0.13596,1.23232e-05,0.358321
0,0.13596,1.25151e-05,0.361582
0,0.13596,1.27071e-05,0.360969
0,0.13596,1.2899e-05,0.36135
0,0.13596,1.30909e-05,0.360381
0,0.13596,1.32828e-05,0.36043
0,0.13596,1.34747e-05,0.359868
0,0.13596,1.36667e-05,0.361242
0,0.13596,1.38586e-05,0.358348
0,0.13596,1.40505e-05,0.360489
0,0.13596,1.42424e-05,0.359511
0,0.13596,1.44343e-05,0.358271
0,0.13596,1.46262e-05,0.358691
0,0.13596,1.48182e-05,0.359192
0,0.13596,1.50101e-05,0.358558
0,0.13596,1.5202e-05,0.357896
0,0.13889,5.798e-06,0.355819
0,0.13889,5.98992e-06,0.360502
0,0.13889,6.18184e-06,0.361366
0,0.13889,6.37376e-06,0.359203
0,0.13889,6.56567e-06,0.359075
0,0.13889,6.75759e-06,0.361676
0,0.13889,6.94951e-06,0.359616
0,0.13889,7.14143e-06,0.360356
0,0.13889,7.33335e-06,0.358815
0,0.13889,7.52527e-06,0.361314
0,0.13889,7.71718e-06,0.363355
0,0.13889,7.9091e-06,0.364223
0,0.13889,8.10102e-06,0.360178
0,0.13889,8.29294e-06,0.362259
0,0.13889,8.48486e-06,0.363273
0,0.13889,8.67678e-06,0.361654
0,0.13889,8.86869e-06,0.362564
0,0.13889,9.06061e-06,0.361828
0,0.13889,9.25253e-06,0.361636
0,0.13889,9.44445e-06,0.362157
0,0.13889,9.63637e-06,0.360454
0,0.13889,9.82829e-06,0.362065
0,0.13889,1.00202e-05,0.36316
0,0.13889,1.02121e-05,0.364539
0,0.13889,1.0404e-05,0.363537
0,0.13889,1.0596e-05,0.362774
0,0.13889,1.07879e-05,0.362879
0,0.13889,1.09798e-05,0.362774
0,0.13889,1.11717e-05,0.361907
0,0.13889,1.13636e-05,0.363104
0,0.13889,1.15556e-05,0.361479
0,0.13889,1.17475e-05,0.361912
0,0.13889,1.19394e-05,0.362694
0,0.13889,1.21313e-05,0.36078
0,0.13889,1.23232e-05,0.362524
0,0.13889,1.25151e-05,0.358568
0,0.13889,1.27071e-05,0.361647
0,0.13889,1.2899e-05,0.359833
0,0.13889,1.30909e-05,0.361862
0,0.13889,1.32828e-05,0.360545
0,0.13889,1.34747e-05,0.362741
0,0.13889,1.36667e-05,0.360889
0,0.13889,1.38586e-05,0.358882
0,0.13889,1.40505e-05,0.360132
0,0.13889,1.42424e-05,0.361562
0,0.13889,1.44343e-05,0.361097
0,0.13889,1.46262e-05,0.358535
0,0.13889,1.48182e-05,0.360646
0,0.13889,1.50101e-05,0.357998
0,0.13889,1.5202e-05,0.361651
0,0.141819,5.798e-06,0.358025
0,0.141819,5.98992e-06,0.358356
0,0.141819,6.18184e-06,0.360735
0,0.141819,6.37376e-06,0.359553
0,0.141819,6.56567e-06,0.362267
0,0.141819,6.75759e-06,0.36016
0,0.141819,6.94951e-06,0.361338
0,0.141819,7.14143e-06,0.360603
0,0.141819,7.33335e-06,0.36303
0,0.141819,7.52527e-06,0.361528
0,0.141819,7.71718e-06,0.360947
0,0.141819,7.9091e-06,0.362476
0,0.141819,8.10102e-06,0.360514
0,0.141819,8.29294e-06,0.363278
0,0.141819,8.48486e-06,0.362089
0,0.141819,8.67678e-06,0.363448
0,0.141819,8.86869e-06,0.365872
0,0.141819,9.06061e-06,0.365671
0,0.141819,9.25253e-06,0.363848
0,0.141819,9.44445e-06,0.360845
0,0.141819,9.63637e-06,0.362331
0,0.141819,9.82829e-06,0.364838
0,0.141819,1.00202e-05,0.36369
0,0.141819,1.02121e-05,0.361411
0,0.141819,1.0404e-05,0.361831
0,0.141819,1.0596e-05,0.362702
0,0.141819,1.07879e-05,0.362175
0,0.141819,1.09798e-05,0.3638
0,0.141819,1.11717e-05,0.365834
0,0.141819,1.13636e-05,0.364034
0,0.141819,1.15556e-05,0.364126
0,0.141819,1.17475e-05,0.361676
0,0.141819,1.19394e-05,0.363218
0,0.141819,1.21313e-05,0.363033
0,0.141819,1.23232e-05,0.362635
0,0.141819,1.25151e-05,0.361049
0,0.141819,1.27071e-05,0.360123
0,0.141819,1.2899e-05,0.36528
0,0.141819,1.30909e-05,0.359835
0,0.141819,1.32828e-05,0.362969
0,0.141819,1.34747e-05,0.360987
0,0.141819,1.36667e-05,0.364152
0,0.141819,1.38586e-05,0.360925
0,0.141819,1.40505e-05,0.362387
0,0.141819,1.42424e-05,0.361352
0,0.141819,1.44343e-05,0.359455
0,0.141819,1.46262e-05,0.35788
0,0.141819,1.48182e-05,0.361843
0,0.141819,1.50101e-05,0.364056
0,0.141819,1.5202e-05,0.359782
0,0.144748,5.798e-06,0.360974
0,0.144748,5.98992e-06,0.358958
0,0.144748,6.18184e-06,0.35973
0,0.144748,6.37376e-06,0.360036
0,0.144748,6.56567e-06,0.360697
0,0.144748,6.75759e-06,0.36131
0,0.144748,6.94951e-06,0.359808
0,0.144748,7.14143e-06,0.361589
0,0.144748,7.33335e-06,0.361064
0,0.144748,7.52527e-06,0.363013
0,0.144748,7.71718e-06,0.361017
0,0.144748,7.9091e-06,0.36133
0,0.144748,8.10102e-06,0.361686
0,0.144748,8.29294e-06,0.362966
0,0.144748,8.48486e-06,0.365445
0,0.144748,8.67678e-06,0.361471
0,0.144748,8.86869e-06,0.363463
0,0.144748,9.06061e-06,0.361677
0,0.144748,9.25253e-06,0.365497
0,0.144748,9.44445e-06,0.36349
0,0.144748,9.63637e-06,0.365286
0,0.144748,9.82829e-06,0.362534
0,0.144748,1.00202e-05,0.36731
0,0.144748,1.02121e-05,0.36618
0,0.144748,1.0404e-05,0.366476
0,0.144748,1.0596e-05,0.363334
0,0.144748,1.07879e-05,0.363457
0,0.144748,1.09798e-05,0.363118
0,0.144748,1.11717e-05,0.364439
0,0.144748,1.13636e-05,0.363171
0,0.144748,1.15556e-05,0.365065
0,0.144748,1.17475e-05,0.364401
0,0.144748,1.19394e-05,0.365092
0,0.144748,1.21313e-05,0.363409
0,0.144748,1.23232e-05,0.363342
0,0.144748,1.25151e-05,0.36403
0,0.144748,1.27071e-05,0.363397
0,0.144748,1.2899e-05,0.361893
0,0.144748,1.30909e-05,0.361763
0,0.144748,1.32828e-05,0.363193
0,0.144748,1.34747e-05,0.36296
0,0.144748,1.36667e-05,0.364089
0,0.144748,1.38586e-05,0.362623
0,0.144748,1.40505e-05,0.361368
0,0.144748,1.42424e-05,0.361104
0,0.144748,1.44343e-05,0.359742
0,0.144748,1.46262e-05,0.360223
0,0.144748,1.48182e-05,0.363154
0,0.144748,1.50101e-05,0.361462
0,0.144748,1.5202e-05,0.362244
0,0.147677,5.798e-06,0.358683
0,0.147677,5.98992e-06,0.358652
0,0.147677,6.18184e-06,0.359224
0,0.147677,6.37376e-06,0.362151
0,0.147677,6.56567e-06,0.360789
0,0.147677,6.75759e-06,0.363953
0,0.147677,6.94951e-06,0.364714
0,0.147677,7.14143e-06,0.362823
0,0.147677,7.33335e-06,0.362127
0,0.147677,7.52527e-06,0.361876
0,0.147677,7.71718e-06,0.363524
0,0.147677,7.9091e-06,0.363081
0,0.147677,8.10102e-06,0.363916
0,0.147677,8.29294e-06,0.362853
0,0.147677,8.48486e-06,0.364086
0,0.147677,8.67678e-06,0.362792
0,0.147677,8.86869e-06,0.3648
0,0.147677,9.06061e-06,0.366633
0,0.147677,9.25253e-06,0.366158
0,0.147677,9.44445e-06,0.363102
0,0.147677,9.63637e-06,0.365947
0,0.147677,9.82829e-06,0.362905
0,0.147677,1.00202e-05,0.364992
0,0.147677,1.02121e-05,0.36212
0,0.147677,1.0404e-05,0.363569
0,0.147677,1.0596e-05,0.364958
0,0.147677,1.07879e-05,0.365447
0,0.147677,1.09798e-05,0.36319
0,0.147677,1.11717e-05,0.367311
0,0.147677,1.13636e-05,0.363553
0,0.147677,1.15556e-05,0.3658
0,0.147677,1.17475e-05,0.363676
0,0.147677,1.19394e-05,0.365159
0,0.147677,1.21313e-05,0.365484
0,0.147677,1.23232e-05,0.367331
0,0.147677,1.25151e-05,0.364334
0,0.147677,1.27071e-05,0.364981
0,0.147677,1.2899e-05,0.366431
0,0.147677,1.30909e-05,0.36334
0,0.147677,1.32828e-05,0.364647
0,0.147677,1.34747e-05,0.362358
0,0.147677,1.36667e-05,0.362995
0,0.147677,1.38586e-05,0.359834
0,0.147677,1.40505e-05,0.36431
0,0.147677,1.42424e-05,0.364911
0,0.147677,1.44343e-05,0.363118
0,0.147677,1.46262e-05,0.361604
0,0.147677,1.48182e-05,0.3624
0,0.147677,1.50101e-05,0.363437
0,0.147677,1.5202e-05,0.362648
0,0.150606,5.798e-06,0.357076
0,0.150606,5.98992e-06,0.360603
0,0.150606,6.18184e-06,0.360226
0,0.150606,6.37376e-06,0.360601
0,0.150606,6.56567e-06,0.358561
0,0.150606,6.75759e-06,0.361023
0,0.150606,6.94951e-06,0.361049
0,0.150606,7.14143e-06,0.364421
0,0.150606,7.33335e-06,0.363368
0,0.150606,7.52527e-06,0.364398
0,0.150606,7.71718e-06,0.36162
0,0.150606,7.9091e-06,0.361689
0,0.150606,8.10102e-06,0.363341
0,0.150606,8.29294e-06,0.363496
0,0.150606,8.48486e-06,0.365935
0,0.150606,8.67678e-06,0.36462
0,0.150606,8.86869e-06,0.365792
0,0.150606,9.06061e-06,0.365122
0,0.150606,9.25253e-06,0.364761
0,0.150606,9.44445e-06,0.364616
0,0.150606,9.63637e-06,0.365432
0,0.150606,9.82829e-06,0.365006
0,0.150606,1.00202e-05,0.366532
0,0.150606,1.02121e-05,0.364433
0,0.150606,1.0404e-05,0.362949
0,0.150606,1.0596e-05,0.364653
0,0.150606,1.07879e-05,0.365468
0,0.150606,1.09798e-05,0.363969
0,0.150606,1.11717e-05,0.362927
0,0.150606,1.13636e-05,0.364671
0,0.150606,1.15556e-05,0.364595
0,0.150606,1.17475e-05,0.364648
0,0.150606,1.19394e-05,0.365997
0,0.150606,1.21313e-05,0.36602
0,0.150606,1.23232e-05,0.364085
0,0.150606,1.25151e-05,0.36311
0,0.150606,1.27071e-05,0.364708
0,0.150606,1.2899e-05,0.366855
0,0.150606,1.30909e-05,0.363857
0,0.150606,1.32828e-05,0.365409
0,0.150606,1.34747e-05,0.362211
0,0.150606,1.36667e-05,0.364118
0,0.150606,1.38586e-05,0.363378
0,0.150606,1.40505e-05,0.363846
0,0.150606,1.42424e-05,0.362717
0,0.150606,1.44343e-05,0.36515
0,0.150606,1.46262e-05,0.363767
0,0.150606,1.48182e-05,0.364049
0,0.150606,1.50101e-05,0.362352
0,0.150606,1.5202e-05,0.362505
0,0.153535,5.798e-06,0.360047
0,0.153535,5.98992e-06,0.362685
0,0.153535,6.18184e-06,0.360588
0,0.153535,6.37376e-06,0.359231
0,0.153535,6.56567e-06,0.364336
0,0.153535,6.75759e-06,0.362196
0,0.153535,6.94951e-06,0.362887
0,0.153535,7.14143e-06,0.362769
0,0.153535,7.33335e-06,0.362495
0,0.153535,7.52527e-06,0.364238
0,0.153535,7.71718e-06,0.365273
0,0.153535,7.9091e-06,0.363609
0,0.153535,8.10102e-06,0.365238
0,0.153535,8.29294e-06,0.365474
0,0.153535,8.48486e-06,0.364428
0,0.153535,8.67678e-06,0.366248
0,0.153535,8.86869e-06,0.365171
0,0.153535,9.06061e-06,0.365242
0,0.153535,9.25253e-06,0.36478
0,0.153535,9.44445e-06,0.366278
0,0.153535,9.63637e-06,0.364567
0,0.153535,9.82829e-06,0.366245
0,0.153535,1.00202e-05,0.365651
0,0.153535,1.02121e-05,0.366313
0,0.153535,1.0404e-05,0.364126
0,0.153535,1.0596e-05,0.366381
0,0.153535,1.07879e-05,0.365566
0,0.153535,1.09798e-05,0.367856
0,0.153535,1.11717e-05,0.365093
0,0.153535,1.13636e-05,0.363726
0,0.153535,1.15556e-05,0.36738
0,0.153535,1.17475e-05,0.363911
0,0.153535,1.19394e-05,0.369636
0,0.153535,1.21313e-05,0.368128
0,0.153535,1.23232e-05,0.363889
0,0.153535,1.25151e-05,0.365891
0,0.153535,1.27071e-05,0.366672
0,0.153535,1.2899e-05,0.365818
0,0.153535,1.30909e-05,0.366834
0,0.153535,1.32828e-05,0.36438
0,0.153535,1.34747e-05,0.365337
0,0.153535,1.36667e-05,0.365337
0,0.153535,1.38586e-05,0.363239
0,0.153535,1.40505e-05,0.363464
0,0.153535,1.42424e-05,0.366536
0,0.153535,1.44343e-05,0.365561
0,0.153535,1.46262e-05,0.363205
0,0.153535,1.48182e-05,0.362998
0,0.153535,1.50101e-05,0.363852
0,0.153535,1.5202e-05,0.365381
0,0.156465,5.798e-06,0.360847
0,0.156465,5.98992e-06,0.359867
0,0.156465,6.18184e-06,0.361818
0,0.156465,6.37376e-06,0.360897
0,0.156465,6.56567e-06,0.361626
0,0.156465,6.75759e-06,0.364187
0,0.156465,6.94951e-06,0.362785
0,0.156465,7.14143e-06,0.364877
0,0.156465,7.33335e-06,0.362795
0,0.156465,7.52527e-06,0.363356
0,0.156465,7.71718e-06,0.364216
0,0.156465,7.9091e-06,0.363176
0,0.156465,8.10102e-06,0.366061
0,0.156465,8.29294e-06,0.366029
0,0.156465,8.48486e-06,0.364473
0,0.156465,8.67678e-06,0.364838
0,0.156465,8.86869e-06,0.36538
0,0.156465,9.06061e-06,0.365208
0,0.156465,9.25253e-06,0.365781
0,0.156465,9.44445e-06,0.366019
0,0.156465,9.63637e-06,0.363967
0,0.156465,9.82829e-06,0.365267
0,0.156465,1.00202e-05,0.367814
0,0.156465,1.02121e-05,0.365074
0,0.156465,1.0404e-05,0.364992
0,0.156465,1.0596e-05,0.367478
0,0.156465,1.07879e-05,0.364148
0,0.156465,1.09798e-05,0.364851
0,0.156465,1.11717e-05,0.366181
0,0.156465,1.13636e-05,0.368437
0,0.156465,1.15556e-05,0.36403
0,0.156465,1.17475e-05,0.3676
0,0.156465,1.19394e-05,0.364286
0,0.156465,1.21313e-05,0.367987
0,0.156465,1.23232e-05,0.368185
0,0.156465,1.25151e-05,0.367463
0,0.156465,1.27071e-05,0.366471
0,0.156465,1.2899e-05,0.364324
0,0.156465,1.30909e-05,0.364594
0,0.156465,1.32828e-05,0.367713
0,0.156465,1.34747e-05,0.367593
0,0.156465,1.36667e-05,0.364956
0,0.156465,1.38586e-05,0.365035
0,0.156465,1.40505e-05,0.363935
0,0.156465,1.42424e-05,0.366042
0,0.156465,1.44343e-05,0.364725
0,0.156465,1.46262e-05,0.365104
0,0.156465,1.48182e-05,0.366692
0,0.156465,1.50101e-05,0.367694
0,0.156465,1.5202e-05,0.365827
0,0.159394,5.798e-06,0.360602
0,0.159394,5.98992e-06,0.361565
0,0.159394,6.18184e-06,0.363368
0,0.159394,6.37376e-06,0.362736
0,0.159394,6.56567e-06,0.360851
0,0.159394,6.75759e-06,0.363484
0,0.159394,6.94951e-06,0.363415
0,0.159394,7.14143e-06,0.365369
0,0.159394,7.33335e-06,0.363183
0,0.159394,7.52527e-06,0.364813
0,0.159394,7.71718e-06,0.363155
0,0.159394,7.9091e-06,0.366304
0,0.159394,8.10102e-06,0.366587
0,0.159394,8.29294e-06,0.366432
0,0.159394,8.48486e-06,0.366043
0,0.159394,8.67678e-06,0.365387
0,0.159394,8.86869e-06,0.363961
0,0.159394,9.06061e-06,0.367135
0,0.159394,9.25253e-06,0.366004
0,0.159394,9.44445e-06,0.365869
0,0.159394,9.63637e-06,0.367777
0,0.159394,9.82829e-06,0.36706
0,0.159394,1.00202e-05,0.365309
0,0.159394,1.02121e-05,0.36707
0,0.159394,1.0404e-05,0.367193
0,0.159394,1.0596e-05,0.368186
0,0.159394,1.07879e-05,0.367465
0,0.159394,1.09798e-05,0.369644
0,0.159394,1.11717e-05,0.366179
0,0.159394,1.13636e-05,0.369027
0,0.159394,1.15556e-05,0.367106
0,0.159394,1.17475e-05,0.367736
0,0.159394,1.19394e-05,0.365261
0,0.159394,1.21313e-05,0.367442
0,0.159394,1.23232e-05,0.365445
0,0.159394,1.25151e-05,0.365956
0,0.159394,1.27071e-05,0.366259
0,0.159394,1.2899e-05,0.368341
0,0.159394,1.30909e-05,0.36661
0,0.159394,1.32828e-05,0.367465
0,0.159394,1.34747e-05,0.366268
0,0.159394,1.36667e-05,0.366942
0,0.159394,1.38586e-05,0.366844
0,0.159394,1.40505e-05,0.364595
0,0.159394,1.42424e-05,0.365986
0,0.159394,1.44343e-05,0.36597
0,0.159394,1.46262e-05,0.364432
0,0.159394,1.48182e-05,0.367464
0,0.159394,1.50101e-05,0.368316
0,0.159394,1.5202e-05,0.365154
0,0.162323,5.798e-06,0.361375
0,0.162323,5.98992e-06,0.360814
0,0.162323,6.18184e-06,0.362166
0,0.162323,6.37376e-06,0.363363
0,0.162323,6.56567e-06,0.362584
0,0.162323,6.75759e-06,0.361859
0,0.162323,6.94951e-06,0.366201
0,0.162323,7.14143e-06,0.36406
0,0.162323,7.33335e-06,0.362427
0,0.162323,7.52527e-06,0.363596
0,0.162323,7.71718e-06,0.364207
0,0.162323,7.9091e-06,0.36637
0,0.162323,8.10102e-06,0.364964
0,0.162323,8.29294e-06,0.367214
0,0.162323,8.48486e-06,0.370319
0,0.162323,8.67678e-06,0.365432
0,0.162323,8.86869e-06,0.365543
0,0.162323,9.06061e-06,0.365222
0,0.162323,9.25253e-06,0.36631
0,0.162323,9.44445e-06,0.366626
0,0.162323,9.63637e-06,0.36699
0,0.162323,9.82829e-06,0.36717
0,0.162323,1.00202e-05,0.36701
0,0.162323,1.02121e-05,0.365499
0,0.162323,1.0404e-05,0.367087
0,0.162323,1.0596e-05,0.36639
0,0.162323,1.07879e-05,0.366601
0,0.162323,1.09798e-05,0.365605
0,0.162323,1.11717e-05,0.365116
0,0.162323,1.13636e-05,0.367923
0,0.162323,1.15556e-05,0.368441
0,0.162323,1.17475e-05,0.367258
0,0.162323,1.19394e-05,0.368206
0,0.162323,1.21313e-05,0.366484
0,0.162323,1.23232e-05,0.366446
0,0.162323,1.25151e-05,0.368004
0,0.162323,1.27071e-05,0.368763
0,0.162323,1.2899e-05,0.368283
0,0.162323,1.30909e-05,0.366348
0,0.162323,1.32828e-05,0.366566
0,0.162323,1.34747e-05,0.367191
0,0.162323,1.36667e-05,0.364391
0,0.162323,1.38586e-05,0.367031
0,0.162323,1.40505e-05,0.36727
0,0.162323,1.42424e-05,0.36687
0,0.162323,1.44343e-05,0.367488
0,0.162323,1.46262e-05,0.366901
0,0.162323,1.48182e-05,0.364832
0,0.162323,1.50101e-05,0.366751
0,0.162323,1.5202e-05,0.366911
0,0.165252,5.798e-06,0.360866
0,0.165252,5.98992e-06,0.360258
0,0.165252,6.18184e-06,0.362285
0,0.165252,6.37376e-06,0.36018
0,0.165252,6.56567e-06,0.362375
0,0.165252,6.75759e-06,0.367061
0,0.165252,6.94951e-06,0.364992
0,0.165252,7.14143e-06,0.365807
0,0.165252,7.33335e-06,0.364721
0,0.165252,7.52527e-06,0.36597
0,0.165252,7.71718e-06,0.363413
0,0.165252,7.9091e-06,0.365282
0,0.165252,8.10102e-06,0.365425
0,0.165252,8.29294e-06,0.367359
0,0.165252,8.48486e-06,0.365903
0,0.165252,8.67678e-06,0.369315
0,0.165252,8.86869e-06,0.366904
0,0.165252,9.06061e-06,0.367504
0,0.165252,9.25253e-06,0.366643
0,0.165252,9.44445e-06,0.36584
0,0.165252,9.63637e-06,0.36718
0,0.165252,9.82829e-06,0.365465
0,0.165252,1.00202e-05,0.36669
0,0.165252,1.02121e-05,0.367712
0,0.165252,1.0404e-05,0.365893
0,0.165252,1.0596e-05,0.369884
0,0.165252,1.07879e-05,0.366744
0,0.165252,1.09798e-05,0.366587
0,0.165252,1.11717e-05,0.369256
0,0.165252,1.13636e-05,0.368009
0,0.165252,1.15556e-05,0.369341
0,0.165252,1.17475e-05,0.368842
0,0.165252,1.19394e-05,0.368165
0,0.165252,1.21313e-05,0.371517
0,0.165252,1.23232e-05,0.366272
0,0.165252,1.25151e-05,0.367657
0,0.165252,1.27071e-05,0.368564
0,0.165252,1.2899e-05,0.369845
0,0.165252,1.30909e-05,0.36849
0,0.165252,1.32828e-05,0.369052
0,0.165252,1.34747e-05,0.368898
0,0.165252,1.36667e-05,0.367731
0,0.165252,1.38586e-05,0.367298
0,0.165252,1.40505e-05,0.367264
0,0.165252,1.42424e-05,0.367342
0,0.165252,1.44343e-05,0.367529
0,0.165252,1.46262e-05,0.367209
0,0.165252,1.48182e-05,0.366726
0,0.165252,1.50101e-05,0.366427
0,0.165252,1.5202e-05,0.367684
0,0.168181,5.798e-06,0.361185
0,0.168181,5.98992e-06,0.36268
0,0.168181,6.18184e-06,0.361932
0,0.168181,6.37376e-06,0.362957
0,0.168181,6.56567e-06,0.365218
0,0.168181,6.75759e-06,0.362657
0,0.168181,6.94951e-06,0.362773
0,0.168181,7.14143e-06,0.365287
0,0.168181,7.33335e-06,0.366219
0,0.168181,7.52527e-06,0.365427
0,0.168181,7.71718e-06,0.365468
0,0.168181,7.9091e-06,0.365684
0,0.168181,8.10102e-06,0.365423
0,0.168181,8.29294e-06,0.368217
0,0.168181,8.48486e-06,0.368266
0,0.168181,8.67678e-06,0.365093
0,0.168181,8.86869e-06,0.367231
0,0.168181,9.06061e-06,0.368409
0,0.168181,9.25253e-06,0.366124
0,0.168181,9.44445e-06,0.367623
0,0.168181,9.63637e-06,0.368509
0,0.168181,9.82829e-06,0.368235
0,0.168181,1.00202e-05,0.36783
0,0.168181,1.02121e-05,0.368101
0,0.168181,1.0404e-05,0.367083
0,0.168181,1.0596e-05,0.36803
0,0.168181,1.07879e-05,0.369278
0,0.168181,1.09798e-05,0.371361
0,0.168181,1.11717e-05,0.365694
0,0.168181,1.13636e-05,0.368756
0,0.168181,1.15556e-05,0.369829
0,0.168181,1.17475e-05,0.368001
0,0.168181,1.19394e-05,0.36952
0,0.168181,1.21313e-05,0.367514
0,0.168181,1.23232e-05,0.366358
0,0.168181,1.25151e-05,0.367476
0,0.168181,1.27071e-05,0.367871
0,0.168181,1.2899e-05,0.366589
0,0.168181,1.30909e-05,0.368258
0,0.168181,1.32828e-05,0.36578
0,0.168181,1.34747e-05,0.367672
0,0.168181,1.36667e-05,0.370617
0,0.168181,1.38586e-05,0.368935
0,0.168181,1.40505e-05,0.367927
0,0.168181,1.42424e-05,0.368866
0,0.168181,1.44343e-05,0.368617
0,0.168181,1.46262e-05,0.367468
0,0.168181,1.48182e-05,0.369811
0,0.168181,1.50101e-05,0.368836
0,0.168181,1.5202e-05,0.367604
0,0.17111,5.798e-06,0.360763
0,0.17111,5.98992e-06,0.360095
0,0.17111,6.18184e-06,0.36232
0,0.17111,6.37376e-06,0.363024
0,0.17111,6.56567e-06,0.365744
0,0.17111,6.75759e-06,0.364062
0,0.17111,6.94951e-06,0.365487
0,0.17111,7.14143e-06,0.366344
0,0.17111,7.33335e-06,0.366062
0,0.17111,7.52527e-06,0.367803
0,0.17111,7.71718e-06,0.365613
0,0.17111,7.9091e-06,0.367048
0,0.17111,8.10102e-06,0.365432
0,0.17111,8.29294e-06,0.367934
0,0.17111,8.48486e-06,0.36795
0,0.17111,8.67678e-06,0.367302
0,0.17111,8.86869e-06,0.368085
0,0.17111,9.06061e-06,0.367365
0,0.17111,9.25253e-06,0.367797
0,0.17111,9.44445e-06,0.370107
0,0.17111,9.63637e-06,0.36837
0,0.17111,9.82829e-06,0.369316
0,0.17111,1.00202e-05,0.370362
0,0.17111,1.02121e-05,0.368733
0,0.17111,1.0404e-05,0.368347
0,0.17111,1.0596e-05,0.369129
0,0.17111,1.07879e-05,0.370822
0,0.17111,1.09798e-05,0.368042
0,0.17111,1.11717e-05,0.368542
0,0.17111,1.13636e-05,0.368365
0,0.17111,1.15556e-05,0.367891
0,0.17111,1.17475e-05,0.367289
0,0.17111,1.19394e-05,0.368917
0,0.17111,1.21313e-05,0.368988
0,0.17111,1.23232e-05,0.370868
0,0.17111,1.25151e-05,0.367098
0,0.17111,1.27071e-05,0.367889
0,0.17111,1.2899e-05,0.367108
0,0.17111,1.30909e-05,0.370901
0,0.17111,1.32828e-05,0.367674
0,0.17111,1.34747e-05,0.367999
0,0.17111,1.36667e-05,0.368587
0,0.17111,1.38586e-05,0.366642
0,0.17111,1.40505e-05,0.369173
0,0.17111,1.42424e-05,0.370033
0,0.17111,1.44343e-05,0.367392
0,0.17111,1.46262e-05,0.369473
0,0.17111,1.48182e-05,0.367951
0,0.17111,1.50101e-05,0.36761
0,0.17111,1.5202e-05,0.367975
0,0.17404,5.798e-06,0.36061
0,0.17404,5.98992e-06,0.362467
0,0.17404,6.18184e-06,0.362408
0,0.17404,6.37376e-06,0.363728
0,0.17404,6.56567e-06,0.362774
0,0.17404,6.75759e-06,0.366341
0,0.17404,6.94951e-06,0.36396
0,0.17404,7.14143e-06,0.365158
0,0.17404,7.33335e-06,0.366578
0,0.17404,7.52527e-06,0.366628
0,0.17404,7.71718e-06,0.366293
0,0.17404,7.9091e-06,0.369619
0,0.17404,8.10102e-06,0.369115
0,0.17404,8.29294e-06,0.366593
0,0.17404,8.48486e-06,0.367007
0,0.17404,8.67678e-06,0.367581
0,0.17404,8.86869e-06,0.366906
0,0.17404,9.06061e-06,0.365622
0,0.17404,9.25253e-06,0.367846
0,0.17404,9.44445e-06,0.368495
0,0.17404,9.63637e-06,0.36991
0,0.17404,9.82829e-06,0.367611
0,0.17404,1.00202e-05,0.368414
0,0.17404,1.02121e-05,0.367966
0,0.17404,1.0404e-05,0.369652
0,0.17404,1.0596e-05,0.370537
0,0.17404,1.07879e-05,0.369196
0,0.17404,1.09798e-05,0.366894
0,0.17404,1.11717e-05,0.369652
0,0.17404,1.13636e-05,0.371338
0,0.17404,1.15556e-05,0.368762
0,0.17404,1.17475e-05,0.370871
0,0.17404,1.19394e-05,0.368892
0,0.17404,1.21313e-05,0.370945
0,0.17404,1.23232e-05,0.369205
0,0.17404,1.25151e-05,0.370429
0,0.17404,1.27071e-05,0.367656
0,0.17404,1.2899e-05,0.371496
0,0.17404,1.30909e-05,0.369702
0,0.17404,1.32828e-05,0.371482
0,0.17404,1.34747e-05,0.369427
0,0.17404,1.36667e-05,0.368349
0,0.17404,1.38586e-05,0.371109
0,0.17404,1.40505e-05,0.368753
0,0.17404,1.42424e-05,0.368757
0,0.17404,1.44343e-05,0.368692
0,0.17404,1.46262e-05,0.369952
0,0.17404,1.48182e-05,0.370022
0,0.17404,1.50101e-05,0.369929
0,0.17404,1.5202e-05,0.366832
0,0.176969,5.798e-06,0.362283
0,0.176969,5.98992e-06,0.361005
0,0.176969,6.18184e-06,0.362181
0,0.176969,6.37376e-06,0.364308
0,0.176969,6.56567e-06,0.362016
0,0.176969,6.75759e-06,0.365575
0,0.176969,6.94951e-06,0.367277
0,0.176969,7.14143e-06,0.368624
0,0.176969,7.33335e-06,0.368218
0,0.176969,7.52527e-06,0.368999
0,0.176969,7.71718e-06,0.367829
0,0.176969,7.9091e-06,0.368543
0,0.176969,8.10102e-06,0.367518
0,0.176969,8.29294e-06,0.367301
0,0.176969,8.48486e-06,0.369618
0,0.176969,8.67678e-06,0.36746
0,0.176969,8.86869e-06,0.369523
0,0.176969,9.06061e-06,0.370396
0,0.176969,9.25253e-06,0.369992
0,0.176969,9.44445e-06,0.368497
0,0.176969,9.63637e-06,0.368298
0,0.176969,9.82829e-06,0.370906
0,0.176969,1.00202e-05,0.368286
0,0.176969,1.02121e-05,0.367834
0,0.176969,1.0404e-05,0.370894
0,0.176969,1.0596e-05,0.370738
0,0.176969,1.07879e-05,0.369792
0,0.176969,1.09798e-05,0.370457
0,0.176969,1.11717e-05,0.371222
0,0.176969,1.13636e-05,0.368857
0,0.176969,1.15556e-05,0.370576
0,0.176969,1.17475e-05,0.368282
0,0.176969,1.19394e-05,0.372179
0,0.176969,1.21313e-05,0.369067
0,0.176969,1.23232e-05,0.37143
0,0.176969,1.25151e-05,0.370851
0,0.176969,1.27071e-05,0.371854
0,0.176969,1.2899e-05,0.369985
0,0.176969,1.30909e-05,0.369513
0,0.176969,1.32828e-05,0.370797
0,0.176969,1.34747e-05,0.367958
0,0.176969,1.36667e-05,0.370392
0,0.176969,1.38586e-05,0.367829
0,0.176969,1.40505e-05,0.370776
0,0.176969,1.42424e-05,0.369057
0,0.176969,1.44343e-05,0.369137
0,0.176969,1.46262e-05,0.368524
0,0.176969,1.48182e-05,0.369637
0,0.176969,1.50101e-05,0.369928
0,0.176969,1.5202e-05,0.369989
0,0.179898,5.798e-06,0.362752
0,0.179898,5.98992e-06,0.36521
0,0.179898,6.18184e-06,0.363447
0,0.179898,6.37376e-06,0.36696
0,0.179898,6.56567e-06,0.364289
0,0.179898,6.75759e-06,0.365035
0,0.179898,6.94951e-06,0.365093
0,0.179898,7.14143e-06,0.368297
0,0.179898,7.33335e-06,0.366158
0,0.179898,7.52527e-06,0.366125
0,0.179898,7.71718e-06,0.365671
0,0.179898,7.9091e-06,0.367475
0,0.179898,8.10102e-06,0.368916
0,0.179898,8.29294e-06,0.369172
0,0.179898,8.48486e-06,0.367065
0,0.179898,8.67678e-06,0.366578
0,0.179898,8.86869e-06,0.369711
0,0.179898,9.06061e-06,0.36725
0,0.179898,9.25253e-06,0.367933
0,0.179898,9.44445e-06,0.368312
0,0.179898,9.63637e-06,0.368407
0,0.179898,9.82829e-06,0.369957
0,0.179898,1.00202e-05,0.369035
0,0.179898,1.02121e-05,0.368183
0,0.179898,1.0404e-05,0.370341
0,0.179898,1.0596e-05,0.372296
0,0.179898,1.07879e-05,0.370724
0,0.179898,1.09798e-05,0.370313
0,0.179898,1.11717e-05,0.370947
0,0.179898,1.13636e-05,0.372021
0,0.179898,1.15556e-05,0.37043
0,0.179898,1.17475e-05,0.370353
0,0.179898,1.19394e-05,0.371468
0,0.179898,1.21313e-05,0.367127
0,0.179898,1.23232e-05,0.370926
0,0.179898,1.25151e-05,0.370214
0,0.179898,1.27071e-05,0.367458
0,0.179898,1.2899e-05,0.37058
0,0.179898,1.30909e-05,0.36889
0,0.179898,1.32828e-05,0.371685
0,0.179898,1.34747e-05,0.371041
0,0.179898,1.36667e-05,0.369826
0,0.179898,1.38586e-05,0.368915
0,0.179898,1.40505e-05,0.369305
0,0.179898,1.42424e-05,0.369144
0,0.179898,1.44343e-05,0.36985
0,0.179898,1.46262e-05,0.369641
0,0.179898,1.48182e-05,0.368809
0,0.179898,1.50101e-05,0.371084
0,0.179898,1.5202e-05,0.369968
0,0.182827,5.798e-06,0.362788
0,0.182827,5.98992e-06,0.362951
0,0.182827,6.18184e-06,0.36599
0,0.182827,6.37376e-06,0.363106
0,0.182827,6.56567e-06,0.365404
0,0.182827,6.75759e-06,0.367042
0,0.182827,6.94951e-06,0.366011
0,0.182827,7.14143e-06,0.366764
0,0.182827,7.33335e-06,0.369475
0,0.182827,7.52527e-06,0.36896
0,0.182827,7.71718e-06,0.366243
0,0.182827,7.9091e-06,0.368261
0,0.182827,8.10102e-06,0.371126
0,0.182827,8.29294e-06,0.36906
0,0.182827,8.48486e-06,0.369989
0,0.182827,8.67678e-06,0.366987
0,0.182827,8.86869e-06,0.368705
0,0.182827,9.06061e-06,0.367855
0,0.182827,9.25253e-06,0.370346
0,0.182827,9.44445e-06,0.367798
0,0.182827,9.63637e-06,0.369689
0,0.182827,9.82829e-06,0.370788
0,0.182827,1.00202e-05,0.371468
0,0.182827,1.02121e-05,0.369352
0,0.182827,1.0404e-05,0.369207
0,0.182827,1.0596e-05,0.370993
0,0.182827,1.07879e-05,0.370513
0,0.182827,1.09798e-05,0.369103
0,0.182827,1.11717e-05,0.36933
0,0.182827,1.13636e-05,0.370112
0,0.182827,1.15556e-05,0.370978
0,0.182827,1.17475e-05,0.372793
0,0.182827,1.19394e-05,0.369622
0,0.182827,1.21313e-05,0.370704
0,0.182827,1.23232e-05,0.37121
0,0.182827,1.25151e-05,0.371859
0,0.182827,1.27071e-05,0.370859
0,0.182827,1.2899e-05,0.370108
0,0.182827,1.30909e-05,0.368695
0,0.182827,1.32828e-05,0.372079
0,0.182827,1.34747e-05,0.373915
0,0.182827,1.36667e-05,0.371052
0,0.182827,1.38586e-05,0.372657
0,0.182827,1.40505e-05,0.370097
0,0.182827,1.42424e-05,0.369134
0,0.182827,1.44343e-05,0.36885
0,0.182827,1.46262e-05,0.37053
0,0.182827,1.48182e-05,0.369916
0,0.182827,1.50101e-05,0.367529
0,0.182827,1.5202e-05,0.36922
0,0.185756,5.798e-06,0.363381
0,0.185756,5.98992e-06,0.363936
0,0.185756,6.18184e-06,0.365828
0,0.185756,6.37376e-06,0.364924
0,0.185756,6.56567e-06,0.363376
0,0.185756,6.75759e-06,0.366923
0,0.185756,6.94951e-06,0.366128
0,0.185756,7.14143e-06,0.367228
0,0.185756,7.33335e-06,0.367329
0,0.185756,7.52527e-06,0.368279
0,0.185756,7.71718e-06,0.365518
0,0.185756,7.9091e-06,0.367278
0,0.185756,8.10102e-06,0.36712
0,0.185756,8.29294e-06,0.368944
0,0.185756,8.48486e-06,0.368874
0,0.185756,8.67678e-06,0.370064
0,0.185756,8.86869e-06,0.368586
0,0.185756,9.06061e-06,0.367741
0,0.185756,9.25253e-06,0.369107
0,0.185756,9.44445e-06,0.369631
0,0.185756,9.63637e-06,0.370427
0,0.185756,9.82829e-06,0.371438
0,0.185756,1.00202e-05,0.370472
0,0.185756,1.02121e-05,0.368893
0,0.185756,1.0404e-05,0.369057
0,0.185756,1.0596e-05,0.369478
0,0.185756,1.07879e-05,0.373034
0,0.185756,1.09798e-05,0.371652
0,0.185756,1.11717e-05,0.37098
0,0.185756,1.13636e-05,0.368689
0,0.185756,1.15556e-05,0.371883
0,0.185756,1.17475e-05,0.373668
0,0.185756,1.19394e-05,0.371627
0,0.185756,1.21313e-05,0.371022
0,0.185756,1.23232e-05,0.371184
0,0.185756,1.25151e-05,0.370764
0,0.185756,1.27071e-05,0.370678
0,0.185756,1.2899e-05,0.370029
0,0.185756,1.30909e-05,0.371624
0,0.185756,1.32828e-05,0.371506
0,0.185756,1.34747e-05,0.371194
0,0.185756,1.36667e-05,0.370172
0,0.185756,1.38586e-05,0.370209
0,0.185756,1.40505e-05,0.370408
0,0.185756,1.42424e-05,0.370839
0,0.185756,1.44343e-05,0.370755
0,0.185756,1.46262e-05,0.369877
0,0.185756,1.48182e-05,0.372637
0,0.185756,1.50101e-05,0.370053
0,0.185756,1.5202e-05,0.369996
0,0.188685,5.798e-06,0.364265
0,0.188685,5.98992e-06,0.362338
0,0.188685,6.18184e-06,0.363919
0,0.188685,6.37376e-06,0.365159
0,0.188685,6.56567e-06,0.365164
0,0.188685,6.75759e-06,0.364893
0,0.188685,6.94951e-06,0.366766
0,0.188685,7.14143e-06,0.36746
0,0.188685,7.33335e-06,0.366037
0,0.188685,7.52527e-06,0.368989
0,0.188685,7.71718e-06,0.3676
0,0.188685,7.9091e-06,0.370207
0,0.188685,8.10102e-06,0.370089
0,0.188685,8.29294e-06,0.369881
0,0.188685,8.48486e-06,0.369496
0,0.188685,8.67678e-06,0.371438
0,0.188685,8.86869e-06,0.369984
0,0.188685,9.06061e-06,0.369388
0,0.188685,9.25253e-06,0.369518
0,0.188685,9.44445e-06,0.371178
0,0.188685,9.63637e-06,0.372352
0,0.188685,9.82829e-06,0.372898
0,0.188685,1.00202e-05,0.372588
0,0.188685,1.02121e-05,0.370926
0,0.188685,1.0404e-05,0.370982
0,0.188685,1.0596e-05,0.369834
0,0.188685,1.07879e-05,0.371451
0,0.188685,1.09798e-05,0.371789
0,0.188685,1.11717e-05,0.371419
0,0.188685,1.13636e-05,0.37292
0,0.188685,1.15556e-05,0.372424
0,0.188685,1.17475e-05,0.37026
0,0.188685,1.19394e-05,0.370202
0,0.188685,1.21313e-05,0.372059
0,0.188685,1.23232e-05,0.372693
0,0.188685,1.25151e-05,0.371993
0,0.188685,1.27071e-05,0.372294
0,0.188685,1.2899e-05,0.371322
0,0.188685,1.30909e-05,0.372478
0,0.188685,1.32828e-05,0.371864
0,0.188685,1.34747e-05,0.372592
0,0.188685,1.36667e-05,0.374081
0,0.188685,1.38586e-05,0.370612
0,0.188685,1.40505e-05,0.372769
0,0.188685,1.42424e-05,0.371308
0,0.188685,1.44343e-05,0.371388
0,0.188685,1.46262e-05,0.371249
0,0.188685,1.48182e-05,0.371188
0,0.188685,1.50101e-05,0.370749
0,0.188685,1.5202e-05,0.370088
0,0.191615,5.798e-06,0.362824
0,0.191615,5.98992e-06,0.364809
0,0.191615,6.18184e-06,0.364435
0,0.191615,6.37376e-06,0.364629
0,0.191615,6.56567e-06,0.364985
0,0.191615,6.75759e-06,0.366645
0,0.191615,6.94951e-06,0.368824
0,0.191615,7.14143e-06,0.36815
0,0.191615,7.33335e-06,0.368203
0,0.191615,7.52527e-06,0.367078
0,0.191615,7.71718e-06,0.37138
0,0.191615,7.9091e-06,0.369954
0,0.191615,8.10102e-06,0.36983
0,0.191615,8.29294e-06,0.369767
0,0.191615,8.48486e-06,0.367824
0,0.191615,8.67678e-06,0.369941
0,0.191615,8.86869e-06,0.371862
0,0.191615,9.06061e-06,0.371808
0,0.191615,9.25253e-06,0.369085
0,0.191615,9.44445e-06,0.369733
0,0.191615,9.63637e-06,0.369836
0,0.191615,9.82829e-06,0.372964
0,0.191615,1.00202e-05,0.371289
0,0.191615,1.02121e-05,0.372975
0,0.191615,1.0404e-05,0.37075
0,0.191615,1.0596e-05,0.370937
0,0.191615,1.07879e-05,0.370421
0,0.191615,1.09798e-05,0.371681
0,0.191615,1.11717e-05,0.370734
0,0.191615,1.13636e-05,0.371818
0,0.191615,1.15556e-05,0.374086
0,0.191615,1.17475e-05,0.371776
0,0.191615,1.19394e-05,0.371232
0,0.191615,1.21313e-05,0.371242
0,0.191615,1.23232e-05,0.374063
0,0.191615,1.25151e-05,0.374446
0,0.191615,1.27071e-05,0.370087
0,0.191615,1.2899e-05,0.372417
0,0.191615,1.30909e-05,0.371402
0,0.191615,1.32828e-05,0.371589
0,0.191615,1.34747e-05,0.372113
0,0.191615,1.36667e-05,0.37454
0,0.191615,1.38586e-05,0.371075
0,0.191615,1.40505e-05,0.370852
0,0.191615,1.42424e-05,0.372202
0,0.191615,1.44343e-05,0.37296
0,0.191615,1.46262e-05,0.373014
0,0.191615,1.48182e-05,0.372908
0,0.191615,1.50101e-05,0.372401
0,0.191615,1.5202e-05,0.371241
0,0.194544,5.798e-06,0.361658
0,0.194544,5.98992e-06,0.363827
0,0.194544,6.18184e-06,0.363314
0,0.194544,6.37376e-06,0.363571
0,0.194544,6.56567e-06,0.365974
0,0.194544,6.75759e-06,0.366164
0,0.194544,6.94951e-06,0.369106
0,0.194544,7.14143e-06,0.367089
0,0.194544,7.33335e-06,0.367765
0,0.194544,7.52527e-06,0.369219
0,0.194544,7.71718e-06,0.369642
0,0.194544,7.9091e-06,0.36924
0,0.194544,8.10102e-06,0.370234
0,0.194544,8.29294e-06,0.370606
0,0.194544,8.48486e-06,0.371064
0,0.194544,8.67678e-06,0.36956
0,0.194544,8.86869e-06,0.368754
0,0.194544,9.06061e-06,0.368747
0,0.194544,9.25253e-06,0.370292
0,0.194544,9.44445e-06,0.370925
0,0.194544,9.63637e-06,0.371227
0,0.194544,9.82829e-06,0.371628
0,0.194544,1.00202e-05,0.371785
0,0.194544,1.02121e-05,0.373642
0,0.194544,1.0404e-05,0.371373
0,0.194544,1.0596e-05,0.371704
0,0.194544,1.07879e-05,0.373349
0,0.194544,1.09798e-05,0.37482
0,0.194544,1.11717e-05,0.372414
0,0.194544,1.13636e-05,0.370524
0,0.194544,1.15556e-05,0.372066
0,0.194544,1.17475e-05,0.372946
0,0.194544,1.19394e-05,0.372925
0,0.194544,1.21313e-05,0.374282
0,0.194544,1.23232e-05,0.372747
0,0.194544,1.25151e-05,0.372539
0,0.194544,1.27071e-05,0.371428
0,0.194544,1.2899e-05,0.373329
0,0.194544,1.30909e-05,0.374377
0,0.194544,1.32828e-05,0.369267
0,0.194544,1.34747e-05,0.37131
0,0.194544,1.36667e-05,0.373002
0,0.194544,1.38586e-05,0.374035
0,0.194544,1.40505e-05,0.370597
0,0.194544,1.42424e-05,0.372085
0,0.194544,1.44343e-05,0.371675
0,0.194544,1.46262e-05,0.373909
0,0.194544,1.48182e-05,0.372833
0,0.194544,1.50101e-05,0.373853
0,0.194544,1.5202e-05,0.372701
0,0.197473,5.798e-06,0.363406
0,0.197473,5.98992e-06,0.365098
0,0.197473,6.18184e-06,0.363898
0,0.197473,6.37376e-06,0.363743
0,0.197473,6.56567e-06,0.36663
0,0.197473,6.75759e-06,0.368798
0,0.197473,6.94951e-06,0.367054
0,0.197473,7.14143e-06,0.367118
0,0.197473,7.33335e-06,0.367698
0,0.197473,7.52527e-06,0.370304
0,0.197473,7.71718e-06,0.368445
0,0.197473,7.9091e-06,0.370373
0,0.197473,8.10102e-06,0.369071
0,0.197473,8.29294e-06,0.369366
0,0.197473,8.48486e-06,0.369905
0,0.197473,8.67678e-06,0.370382
0,0.197473,8.86869e-06,0.372756
0,0.197473,9.06061e-06,0.370426
0,0.197473,9.25253e-06,0.3702
0,0.197473,9.44445e-06,0.370098
0,0.197473,9.63637e-06,0.371924
0,0.197473,9.82829e-06,0.370516
0,0.197473,1.00202e-05,0.370884
0,0.197473,1.02121e-05,0.372777
0,0.197473,1.0404e-05,0.371506
0,0.197473,1.0596e-05,0.374382
0,0.197473,1.07879e-05,0.371673
0,0.197473,1.09798e-05,0.371898
0,0.197473,1.11717e-05,0.37109
0,0.197473,1.13636e-05,0.372464
0,0.197473,1.15556e-05,0.372501
0,0.197473,1.17475e-05,0.37295
0,0.197473,1.19394e-05,0.374056
0,0.197473,1.21313e-05,0.372537
0,0.197473,1.23232e-05,0.372658
0,0.197473,1.25151e-05,0.374156
0,0.197473,1.27071e-05,0.371551
0,0.197473,1.2899e-05,0.372716
0,0.197473,1.30909e-05,0.370729
0,0.197473,1.32828e-05,0.374504
0,0.197473,1.34747e-05,0.37301
0,0.197473,1.36667e-05,0.374215
0,0.197473,1.38586e-05,0.373411
0,0.197473,1.40505e-05,0.373058
0,0.197473,1.42424e-05,0.376258
0,0.197473,1.44343e-05,0.373661
0,0.197473,1.46262e-05,0.371585
0,0.197473,1.48182e-05,0.373803
0,0.197473,1.50101e-05,0.372653
0,0.197473,1.5202e-05,0.376715
0,0.200402,5.798e-06,0.36312
0,0.200402,5.98992e-06,0.362487
0,0.200402,6.18184e-06,0.362988
0,0.200402,6.37376e-06,0.366334
0,0.200402,6.56567e-06,0.366106
0,0.200402,6.75759e-06,0.364956
0,0.200402,6.94951e-06,0.368306
0,0.200402,7.14143e-06,0.366564
0,0.200402,7.33335e-06,0.366873
0,0.200402,7.52527e-06,0.367611
0,0.200402,7.71718e-06,0.370696
0,0.200402,7.9091e-06,0.369267
0,0.200402,8.10102e-06,0.372256
0,0.200402,8.29294e-06,0.371266
0,0.200402,8.48486e-06,0.371952
0,0.200402,8.67678e-06,0.37189
0,0.200402,8.86869e-06,0.370471
0,0.200402,9.06061e-06,0.371861
0,0.200402,9.25253e-06,0.370576
0,0.200402,9.44445e-06,0.370607
0,0.200402,9.63637e-06,0.370784
0,0.200402,9.82829e-06,0.37209
0,0.200402,1.00202e-05,0.373174
0,0.200402,1.02121e-05,0.373102
0,0.200402,1.0404e-05,0.372148
0,0.200402,1.0596e-05,0.371576
0,0.200402,1.07879e-05,0.374099
0,0.200402,1.09798e-05,0.374521
0,0.200402,1.11717e-05,0.373577
0,0.200402,1.13636e-05,0.371314
0,0.200402,1.15556e-05,0.372519
0,0.200402,1.17475e-05,0.373284
0,0.200402,1.19394e-05,0.370844
0,0.200402,1.21313e-05,0.374183
0,0.200402,1.23232e-05,0.372811
0,0.200402,1.25151e-05,0.372915
0,0.200402,1.27071e-05,0.373083
0,0.200402,1.2899e-05,0.373774
0,0.200402,1.30909e-05,0.373908
0,0.200402,1.32828e-05,0.375573
0,0.200402,1.34747e-05,0.372192
0,0.200402,1.36667e-05,0.375051
0,0.200402,1.38586e-05,0.371581
0,0.200402,1.40505e-05,0.373853
0,0.200402,1.42424e-05,0.373736
0,0.200402,1.44343e-05,0.374348
0,0.200402,1.46262e-05,0.374287
0,0.200402,1.48182e-05,0.373014
0,0.200402,1.50101e-05,0.372734
0,0.200402,1.5202e-05,0.374221
0,0.203331,5.798e-06,0.363114
0,0.203331,5.98992e-06,0.365983
0,0.203331,6.18184e-06,0.366537
0,0.203331,6.37376e-06,0.367769
0,0.203331,6.56567e-06,0.365437
0,0.203331,6.75759e-06,0.366961
0,0.203331,6.94951e-06,0.367153
0,0.203331,7.14143e-06,0.367991
0,0.203331,7.33335e-06,0.367007
0,0.203331,7.52527e-06,0.368148
0,0.203331,7.71718e-06,0.369242
0,0.203331,7.9091e-06,0.369372
0,0.203331,8.10102e-06,0.369814
0,0.203331,8.29294e-06,0.370586
0,0.203331,8.48486e-06,0.371346
0,0.203331,8.67678e-06,0.37143
0,0.203331,8.86869e-06,0.372646
0,0.203331,9.06061e-06,0.37038
0,0.203331,9.25253e-06,0.370395
0,0.203331,9.44445e-06,0.371661
0,0.203331,9.63637e-06,0.370731
0,0.203331,9.82829e-06,0.372516
0,0.203331,1.00202e-05,0.372459
0,0.203331,1.02121e-05,0.373552
0,0.203331,1.0404e-05,0.375344
0,0.203331,1.0596e-05,0.372597
0,0.203331,1.07879e-05,0.371535
0,0.203331,1.09798e-05,0.372434
0,0.203331,1.11717e-05,0.372067
0,0.203331,1.13636e-05,0.374686
0,0.203331,1.15556e-05,0.371918
0,0.203331,1.17475e-05,0.372728
0,0.203331,1.19394e-05,0.373159
0,0.203331,1.21313e-05,0.37324
0,0.203331,1.23232e-05,0.371832
0,0.203331,1.25151e-05,0.372648
0,0.203331,1.27071e-05,0.370607
0,0.203331,1.2899e-05,0.374993
0,0.203331,1.30909e-05,0.376085
0,0.203331,1.32828e-05,0.374893
0,0.203331,1.34747e-05,0.371744
0,0.203331,1.36667e-05,0.375453
0,0.203331,1.38586e-05,0.377541
0,0.203331,1.40505e-05,0.374462
0,0.203331,1.42424e-05,0.373306
0,0.203331,1.44343e-05,0.3735
0,0.203331,1.46262e-05,0.374746
0,0.203331,1.48182e-05,0.373959
0,0.203331,1.50101e-05,0.372166
0,0.203331,1.5202e-05,0.375172
0,0.20626,5.798e-06,0.365275
0,0.20626,5.98992e-06,0.364724
0,0.20626,6.18184e-06,0.36497
0,0.20626,6.37376e-06,0.366894
0,0.20626,6.56567e-06,0.365967
0,0.20626,6.75759e-06,0.370308
0,0.20626,6.94951e-06,0.367223
0,0.20626,7.14143e-06,0.368009
0,0.20626,7.33335e-06,0.368138
0,0.20626,7.52527e-06,0.368142
0,0.20626,7.71718e-06,0.369813
0,0.20626,7.9091e-06,0.367556
0,0.20626,8.10102e-06,0.370896
0,0.20626,8.29294e-06,0.368316
0,0.20626,8.48486e-06,0.371228
0,0.20626,8.67678e-06,0.369922
0,0.20626,8.86869e-06,0.37054
0,0.20626,9.06061e-06,0.369611
0,0.20626,9.25253e-06,0.371604
0,0.20626,9.44445e-06,0.371452
0,0.20626,9.63637e-06,0.373496
0,0.20626,9.82829e-06,0.372494
0,0.20626,1.00202e-05,0.371731
0,0.20626,1.02121e-05,0.371953
0,0.20626,1.0404e-05,0.373798
0,0.20626,1.0596e-05,0.374097
0,0.20626,1.07879e-05,0.373001
0,0.20626,1.09798e-05,0.372311
0,0.20626,1.11717e-05,0.373699
0,0.20626,1.13636e-05,0.37275
0,0.20626,1.15556e-05,0.373507
0,0.20626,1.17475e-05,0.373241
0,0.20626,1.19394e-05,0.370818
0,0.20626,1.21313e-05,0.374695
0,0.20626,1.23232e-05,0.373828
0,0.20626,1.25151e-05,0.375098
0,0.20626,1.27071e-05,0.375059
0,0.20626,1.2899e-05,0.373731
0,0.20626,1.30909e-05,0.375227
0,0.20626,1.32828e-05,0.373655
0,0.20626,1.34747e-05,0.373526
0,0.20626,1.36667e-05,0.374858
0,0.20626,1.38586e-05,0.374587
0,0.20626,1.40505e-05,0.37424
0,0.20626,1.42424e-05,0.374307
0,0.20626,1.44343e-05,0.374506
0,0.20626,1.46262e-05,0.375036
0,0.20626,1.48182e-05,0.372834
0,0.20626,1.50101e-05,0.374635
0,0.20626,1.5202e-05,0.373653
0,0.20919,5.798e-06,0.365751
0,0.20919,5.98992e-06,0.364703
0,0.20919,6.18184e-06,0.365261
0,0.20919,6.37376e-06,0.366818
0,0.20919,6.56567e-06,0.365908
0,0.20919,6.75759e-06,0.368991
0,0.20919,6.94951e-06,0.366717
0,0.20919,7.14143e-06,0.369941
0,0.20919,7.33335e-06,0.369736
0,0.20919,7.52527e-06,0.371658
0,0.20919,7.71718e-06,0.369137
0,0.20919,7.9091e-06,0.369821
0,0.20919,8.10102e-06,0.371047
0,0.20919,8.29294e-06,0.371254
0,0.20919,8.48486e-06,0.371517
0,0.20919,8.67678e-06,0.373313
0,0.20919,8.86869e-06,0.371782
0,0.20919,9.06061e-06,0.371054
0,0.20919,9.25253e-06,0.373312
0,0.20919,9.44445e-06,0.371068
0,0.20919,9.63637e-06,0.371302
0,0.20919,9.82829e-06,0.375087
0,0.20919,1.00202e-05,0.371451
0,0.20919,1.02121e-05,0.372127
0,0.20919,1.0404e-05,0.371849
0,0.20919,1.0596e-05,0.375411
0,0.20919,1.07879e-05,0.371923
0,0.20919,1.09798e-05,0.374654
0,0.20919,1.11717e-05,0.373641
0,0.20919,1.13636e-05,0.374612
0,0.20919,1.15556e-05,0.374401
0,0.20919,1.17475e-05,0.373339
0,0.20919,1.19394e-05,0.372535
0,0.20919,1.21313e-05,0.374284
0,0.20919,1.23232e-05,0.374321
0,0.20919,1.25151e-05,0.372981
0,0.20919,1.27071e-05,0.375999
0,0.20919,1.2899e-05,0.375826
0,0.20919,1.30909e-05,0.373569
0,0.20919,1.32828e-05,0.374184
0,0.20919,1.34747e-05,0.373907
0,0.20919,1.36667e-05,0.374933
0,0.20919,1.38586e-05,0.37422
0,0.20919,1.40505e-05,0.373788
0,0.20919,1.42424e-05,0.375549
0,0.20919,1.44343e-05,0.374211
0,0.20919,1.46262e-05,0.373867
0,0.20919,1.48182e-05,0.377048
0,0.20919,1.50101e-05,0.37336
0,0.20919,1.5202e-05,0.374706
0,0.212119,5.798e-06,0.364425
0,0.212119,5.98992e-06,0.365568
0,0.212119,6.18184e-06,0.365688
0,0.212119,6.37376e-06,0.365054
0,0.212119,6.56567e-06,0.36862
0,0.212119,6.75759e-06,0.367829
0,0.212119,6.94951e-06,0.368339
0,0.212119,7.14143e-06,0.369159
0,0.212119,7.33335e-06,0.367488
0,0.212119,7.52527e-06,0.369199
0,0.212119,7.71718e-06,0.368287
0,0.212119,7.9091e-06,0.370848
0,0.212119,8.10102e-06,0.371369
0,0.212119,8.29294e-06,0.369629
0,0.212119,8.48486e-06,0.3702
0,0.212119,8.67678e-06,0.369574
0,0.212119,8.86869e-06,0.375054
0,0.212119,9.06061e-06,0.372322
0,0.212119,9.25253e-06,0.371658
0,0.212119,9.44445e-06,0.369818
0,0.212119,9.63637e-06,0.372905
0,0.212119,9.82829e-06,0.374513
0,0.212119,1.00202e-05,0.372177
0,0.212119,1.02121e-05,0.374574
0,0.212119,1.0404e-05,0.374936
0,0.212119,1.0596e-05,0.374881
0,0.212119,1.07879e-05,0.373208
0,0.212119,1.09798e-05,0.374537
0,0.212119,1.11717e-05,0.373116
0,0.212119,1.13636e-05,0.375042
0,0.212119,1.15556e-05,0.37416
0,0.212119,1.17475e-05,0.375935
0,0.212119,1.19394e-05,0.373108
0,0.212119,1.21313e-05,0.37278
0,0.212119,1.23232e-05,0.372248
0,0.212119,1.25151e-05,0.376153
0,0.212119,1.27071e-05,0.375105
0,0.212119,1.2899e-05,0.375585
0,0.212119,1.30909e-05,0.374861
0,0.212119,1.32828e-05,0.374609
0,0.212119,1.34747e-05,0.375946
0,0.212119,1.36667e-05,0.377454
0,0.212119,1.38586e-05,0.376432
0,0.212119,1.40505e-05,0.375167
0,0.212119,1.42424e-05,0.374328
0,0.212119,1.44343e-05,0.375923
0,0.212119,1.46262e-05,0.375805
0,0.212119,1.48182e-05,0.374103
0,0.212119,1.50101e-05,0.378021
0,0.212119,1.5202e-05,0.378304
0,0.215048,5.798e-06,0.364836
0,0.215048,5.98992e-06,0.364655
0,0.215048,6.18184e-06,0.364863
0,0.215048,6.37376e-06,0.367356
0,0.215048,6.56567e-06,0.3683
0,0.215048,6.75759e-06,0.368788
0,0.215048,6.94951e-06,0.370017
0,0.215048,7.14143e-06,0.369274
0,0.215048,7.33335e-06,0.368379
0,0.215048,7.52527e-06,0.371175
0,0.215048,7.71718e-06,0.369593
0,0.215048,7.9091e-06,0.370198
0,0.215048,8.10102e-06,0.369548
0,0.215048,8.29294e-06,0.372529
0,0.215048,8.48486e-06,0.371678
0,0.215048,8.67678e-06,0.372133
0,0.215048,8.86869e-06,0.372237
0,0.215048,9.06061e-06,0.37254
0,0.215048,9.25253e-06,0.371108
0,0.215048,9.44445e-06,0.373566
0,0.215048,9.63637e-06,0.373516
0,0.215048,9.82829e-06,0.372343
0,0.215048,1.00202e-05,0.371725
0,0.215048,1.02121e-05,0.374181
0,0.215048,1.0404e-05,0.372691
0,0.215048,1.0596e-05,0.373757
0,0.215048,1.07879e-05,0.372931
0,0.215048,1.09798e-05,0.373396
0,0.215048,1.11717e-05,0.372369
0,0.215048,1.13636e-05,0.37545
0,0.215048,1.15556e-05,0.372678
0,0.215048,1.17475e-05,0.376207
0,0.215048,1.19394e-05,0.375378
0,0.215048,1.21313e-05,0.375119
0,0.215048,1.23232e-05,0.375513
0,0.215048,1.25151e-05,0.37484
0,0.215048,1.27071e-05,0.37336
0,0.215048,1.2899e-05,0.375351
0,0.215048,1.30909e-05,0.375077
0,0.215048,1.32828e-05,0.378452
0,0.215048,1.34747e-05,0.376607
0,0.215048,1.36667e-05,0.376621
0,0.215048,1.38586e-05,0.377035
0,0.215048,1.40505e-05,0.375753
0,0.215048,1.42424e-05,0.37332
0,0.215048,1.44343e-05,0.374537
0,0.215048,1.46262e-05,0.375985
0,0.215048,1.48182e-05,0.374653
0,0.215048,1.50101e-05,0.377096
0,0.215048,1.5202e-05,0.37367
0,0.217977,5.798e-06,0.364615
0,0.217977,5.98992e-06,0.363474
0,0.217977,6.18184e-06,0.367486
0,0.217977,6.37376e-06,0.366911
0,0.217977,6.56567e-06,0.365493
0,0.217977,6.75759e-06,0.369813
0,0.217977,6.94951e-06,0.370247
0,0.217977,7.14143e-06,0.36981
0,0.217977,7.33335e-06,0.369824
0,0.217977,7.52527e-06,0.368811
0,0.217977,7.71718e-06,0.372155
0,0.217977,7.9091e-06,0.370664
0,0.217977,8.10102e-06,0.370928
0,0.217977,8.29294e-06,0.37181
0,0.217977,8.48486e-06,0.368273
0,0.217977,8.67678e-06,0.373021
0,0.217977,8.86869e-06,0.372645
0,0.217977,9.06061e-06,0.37379
0,0.217977,9.25253e-06,0.37254
0,0.217977,9.44445e-06,0.373492
0,0.217977,9.63637e-06,0.372052
0,0.217977,9.82829e-06,0.373986
0,0.217977,1.00202e-05,0.374908
0,0.217977,1.02121e-05,0.372813
0,0.217977,1.0404e-05,0.374297
0,0.217977,1.0596e-05,0.372511
0,0.217977,1.07879e-05,0.374324
0,0.217977,1.09798e-05,0.376202
0,0.217977,1.11717e-05,0.376205
0,0.217977,1.13636e-05,0.375564
0,0.217977,1.15556e-05,0.37515
0,0.217977,1.17475e-05,0.373691
0,0.217977,1.19394e-05,0.374439
0,0.217977,1.21313e-05,0.377085
0,0.217977,1.23232e-05,0.376535
0,0.217977,1.25151e-05,0.375316
0,0.217977,1.27071e-05,0.375978
0,0.217977,1.2899e-05,0.374858
0,0.217977,1.30909e-05,0.376185
0,0.217977,1.32828e-05,0.377453
0,0.217977,1.34747e-05,0.37631
0,0.217977,1.36667e-05,0.375612
0,0.217977,1.38586e-05,0.37462
0,0.217977,1.40505e-05,0.375611
0,0.217977,1.42424e-05,0.378505
0,0.217977,1.44343e-05,0.377428
0,0.217977,1.46262e-05,0.376641
0,0.217977,1.48182e-05,0.377474
0,0.217977,1.50101e-05,0.375656
0,0.217977,1.5202e-05,0.378542
0,0.220906,5.798e-06,0.364718
0,0.220906,5.98992e-06,0.366102
0,0.220906,6.18184e-06,0.367304
0,0.220906,6.37376e-06,0.366895
0,0.220906,6.56567e-06,0.369876
0,0.220906,6.75759e-06,0.368057
0,0.220906,6.94951e-06,0.367408
0,0.220906,7.14143e-06,0.368068
0,0.220906,7.33335e-06,0.370005
0,0.220906,7.52527e-06,0.370909
0,0.220906,7.71718e-06,0.369822
0,0.220906,7.9091e-06,0.370294
0,0.220906,8.10102e-06,0.37196
0,0.220906,8.29294e-06,0.372469
0,0.220906,8.48486e-06,0.370605
0,0.220906,8.67678e-06,0.371019
0,0.220906,8.86869e-06,0.373409
0,0.220906,9.06061e-06,0.372682
0,0.220906,9.25253e-06,0.373878
0,0.220906,9.44445e-06,0.376214
0,0.220906,9.63637e-06,0.371999
0,0.220906,9.82829e-06,0.373598
0,0.220906,1.00202e-05,0.375653
0,0.220906,1.02121e-05,0.375981
0,0.220906,1.0404e-05,0.373156
0,0.220906,1.0596e-05,0.375334
0,0.220906,1.07879e-05,0.374653
0,0.220906,1.09798e-05,0.375413
0,0.220906,1.11717e-05,0.373904
0,0.220906,1.13636e-05,0.374419
0,0.220906,1.15556e-05,0.375122
0,0.220906,1.17475e-05,0.375711
0,0.220906,1.19394e-05,0.374656
0,0.220906,1.21313e-05,0.374383
0,0.220906,1.23232e-05,0.377252
0,0.220906,1.25151e-05,0.376004
0,0.220906,1.27071e-05,0.37666
0,0.220906,1.2899e-05,0.375101
0,0.220906,1.30909e-05,0.376906
0,0.220906,1.32828e-05,0.375927
0,0.220906,1.34747e-05,0.374927
0,0.220906,1.36667e-05,0.37905
0,0.220906,1.38586e-05,0.375252
0,0.220906,1.40505e-05,0.375765
0,0.220906,1.42424e-05,0.377627
0,0.220906,1.44343e-05,0.37295
0,0.220906,1.46262e-05,0.375131
0,0.220906,1.48182e-05,0.376842
0,0.220906,1.50101e-05,0.376945
0,0.220906,1.5202e-05,0.376695
0,0.223835,5.798e-06,0.366292
0,0.223835,5.98992e-06,0.366501
0,0.223835,6.18184e-06,0.367417
0,0.223835,6.37376e-06,0.36777
0,0.223835,6.56567e-06,0.368191
0,0.223835,6.75759e-06,0.368448
0,0.223835,6.94951e-06,0.368737
0,0.223835,7.14143e-06,0.369364
0,0.223835,7.33335e-06,0.371179
0,0.223835,7.52527e-06,0.369151
0,0.223835,7.71718e-06,0.370899
0,0.223835,7.9091e-06,0.370591
0,0.223835,8.10102e-06,0.371563
0,0.223835,8.29294e-06,0.372326
0,0.223835,8.48486e-06,0.373615
0,0.223835,8.67678e-06,0.3724
0,0.223835,8.86869e-06,0.373378
0,0.223835,9.06061e-06,0.372885
0,0.223835,9.25253e-06,0.375169
0,0.223835,9.44445e-06,0.373504
0,0.223835,9.63637e-06,0.372678
0,0.223835,9.82829e-06,0.374446
0,0.223835,1.00202e-05,0.375218
0,0.223835,1.02121e-05,0.374255
0,0.223835,1.0404e-05,0.373661
0,0.223835,1.0596e-05,0.374483
0,0.223835,1.07879e-05,0.375153
0,0.223835,1.09798e-05,0.376473
0,0.223835,1.11717e-05,0.375149
0,0.223835,1.13636e-05,0.377022
0,0.223835,1.15556e-05,0.375928
0,0.223835,1.17475e-05,0.375111
0,0.223835,1.19394e-05,0.379952
0,0.223835,1.21313e-05,0.37686
0,0.223835,1.23232e-05,0.374737
0,0.223835,1.25151e-05,0.375238
0,0.223835,1.27071e-05,0.3761
0,0.223835,1.2899e-05,0.37745
0,0.223835,1.30909e-05,0.376354
0,0.223835,1.32828e-05,0.375205
0,0.223835,1.34747e-05,0.375709
0,0.223835,1.36667e-05,0.378667
0,0.223835,1.38586e-05,0.377306
0,0.223835,1.40505e-05,0.377624
0,0.223835,1.42424e-05,0.377047
0,0.223835,1.44343e-05,0.378226
0,0.223835,1.46262e-05,0.377096
0,0.223835,1.48182e-05,0.375882
0,0.223835,1.50101e-05,0.378167
0,0.223835,1.5202e-05,0.377503
0,0.226765,5.798e-06,0.365839
0,0.226765,5.98992e-06,0.369145
0,0.226765,6.18184e-06,0.366382
0,0.226765,6.37376e-06,0.368433
0,0.226765,6.56567e-06,0.367918
0,0.226765,6.75759e-06,0.369705
0,0.226765,6.94951e-06,0.368571
0,0.226765,7.14143e-06,0.372148
0,0.226765,7.33335e-06,0.369873
0,0.226765,7.52527e-06,0.371189
0,0.226765,7.71718e-06,0.371424
0,0.226765,7.9091e-06,0.37117
0,0.226765,8.10102e-06,0.372846
0,0.226765,8.29294e-06,0.372993
0,0.226765,8.48486e-06,0.37203
0,0.226765,8.67678e-06,0.372016
0,0.226765,8.86869e-06,0.371178
0,0.226765,9.06061e-06,0.372555
0,0.226765,9.25253e-06,0.373111
0,0.226765,9.44445e-06,0.370773
0,0.226765,9.63637e-06,0.374247
0,0.226765,9.82829e-06,0.374117
0,0.226765,1.00202e-05,0.375436
0,0.226765,1.02121e-05,0.373546
0,0.226765,1.0404e-05,0.372431
0,0.226765,1.0596e-05,0.373398
0,0.226765,1.07879e-05,0.37673
0,0.226765,1.09798e-05,0.37447
0,0.226765,1.11717e-05,0.377028
0,0.226765,1.13636e-05,0.374863
0,0.226765,1.15556e-05,0.374766
0,0.226765,1.17475e-05,0.374945
0,0.226765,1.19394e-05,0.374672
0,0.226765,1.21313e-05,0.378327
0,0.226765,1.23232e-05,0.380147
0,0.226765,1.25151e-05,0.376131
0,0.226765,1.27071e-05,0.3753
0,0.226765,1.2899e-05,0.3782
0,0.226765,1.30909e-05,0.375785
0,0.226765,1.32828e-05,0.376749
0,0.226765,1.34747e-05,0.376488
0,0.226765,1.36667e-05,0.379196
0,0.226765,1.38586e-05,0.375037
0,0.226765,1.40505e-05,0.376377
0,0.226765,1.42424e-05,0.380418
0,0.226765,1.44343e-05,0.37624
0,0.226765,1.46262e-05,0.376103
0,0.226765,1.48182e-05,0.376898
0,0.226765,1.50101e-05,0.37694
0,0.226765,1.5202e-05,0.374737
