omega,tau,action,Count
0,0,1,0.248124
0,0,2,0.255282
0,0,3,0.240472
0,0,4,0.256122
0,0.010101,1,0.294006
0,0.010101,2,0.251466
0,0.010101,3,0.215454
0,0.010101,4,0.239074
0,0.020202,1,0.237245
0,0.020202,2,0.292329
0,0.020202,3,0.202711
0,0.020202,4,0.267715
0,0.030303,1,0.266118
0,0.030303,2,0.299081
0,0.030303,3,0.20972
0,0.030303,4,0.225081
0,0.040404,1,0.263737
0,0.040404,2,0.293697
0,0.040404,3,0.192051
0,0.040404,4,0.250515
0,0.0505051,1,0.252651
0,0.0505051,2,0.262626
0,0.0505051,3,0.200448
0,0.0505051,4,0.284275
0,0.0606061,1,0.224283
0,0.0606061,2,0.355005
0,0.0606061,3,0.1901
0,0.0606061,4,0.230611
0,0.0707071,1,0.225479
0,0.0707071,2,0.341765
0,0.0707071,3,0.164423
0,0.0707071,4,0.268332
0,0.0808081,1,0.228753
0,0.0808081,2,0.320644
0,0.0808081,3,0.217561
0,0.0808081,4,0.233043
0,0.0909091,1,0.219689
0,0.0909091,2,0.37895
0,0.0909091,3,0.177332
0,0.0909091,4,0.224029
0,0.10101,1,0.19458
0,0.10101,2,0.378781
0,0.10101,3,0.216658
0,0.10101,4,0.20998
0,0.111111,1,0.240664
0,0.111111,2,0.369488
0,0.111111,3,0.186359
0,0.111111,4,0.203489
0,0.121212,1,0.204322
0,0.121212,2,0.412613
0,0.121212,3,0.184623
0,0.121212,4,0.198442
0,0.131313,1,0.176441
0,0.131313,2,0.413898
0,0.131313,3,0.222076
0,0.131313,4,0.187585
0,0.141414,1,0.192113
0,0.141414,2,0.460299
0,0.141414,3,0.161612
0,0.141414,4,0.185976
0,0.151515,1,0.175605
0,0.151515,2,0.443149
0,0.151515,3,0.192096
0,0.151515,4,0.189149
0,0.161616,1,0.162608
0,0.161616,2,0.498044
0,0.161616,3,0.163883
0,0.161616,4,0.175465
0,0.171717,1,0.161102
0,0.171717,2,0.579233
0,0.171717,3,0.112861
0,0.171717,4,0.146804
0,0.181818,1,0.165353
0,0.181818,2,0.54087
0,0.181818,3,0.15483
0,0.181818,4,0.138947
0,0.191919,1,0.139258
0,0.191919,2,0.569224
0,0.191919,3,0.138461
0,0.191919,4,0.153057
0,0.20202,1,0.15135
0,0.20202,2,0.54162
0,0.20202,3,0.175697
0,0.20202,4,0.131334
0,0.212121,1,0.14419
0,0.212121,2,0.578669
0,0.212121,3,0.140346
0,0.212121,4,0.136796
0,0.222222,1,0.151499
0,0.222222,2,0.509968
0,0.222222,3,0.161196
0,0.222222,4,0.177337
0,0.232323,1,0.182616
0,0.232323,2,0.524578
0,0.232323,3,0.128928
0,0.232323,4,0.163878
0,0.242424,1,0.172686
0,0.242424,2,0.545122
0,0.242424,3,0.110691
0,0.242424,4,0.171501
0,0.252525,1,0.155787
0,0.252525,2,0.536282
0,0.252525,3,0.148578
0,0.252525,4,0.159354
0,0.262626,1,0.153839
0,0.262626,2,0.560285
0,0.262626,3,0.124672
0,0.262626,4,0.161204
0,0.272727,1,0.135765
0,0.272727,2,0.575905
0,0.272727,3,0.160248
0,0.272727,4,0.128081
0,0.282828,1,0.158725
0,0.282828,2,0.574083
0,0.282828,3,0.104098
0,0.282828,4,0.163095
0,0.292929,1,0.111867
0,0.292929,2,0.634654
0,0.292929,3,0.138643
0,0.292929,4,0.114836
0,0.30303,1,0.157765
0,0.30303,2,0.602561
0,0.30303,3,0.0878941
0,0.30303,4,0.151779
0,0.313131,1,0.141048
0,0.313131,2,0.640056
0,0.313131,3,0.0853604
0,0.313131,4,0.133535
0,0.323232,1,0.126508
0,0.323232,2,0.644607
0,0.323232,3,0.117195
0,0.323232,4,0.111689
0,0.333333,1,0.102303
0,0.333333,2,0.673062
0,0.333333,3,0.112614
0,0.333333,4,0.112021
0,0.343434,1,0.139718
0,0.343434,2,0.599274
0,0.343434,3,0.121687
0,0.343434,4,0.139321
0,0.353535,1,0.143004
0,0.353535,2,0.648555
0,0.353535,3,0.0736139
0,0.353535,4,0.134827
0,0.363636,1,0.14054
0,0.363636,2,0.616511
0,0.363636,3,0.105493
0,0.363636,4,0.137457
0,0.373737,1,0.140491
0,0.373737,2,0.636222
0,0.373737,3,0.0792326
0,0.373737,4,0.144055
0,0.383838,1,0.125893
0,0.383838,2,0.6853
0,0.383838,3,0.0619172
0,0.383838,4,0.126889
0,0.393939,1,0.13945
0,0.393939,2,0.632359
0,0.393939,3,0.0909237
0,0.393939,4,0.137267
0,0.40404,1,0.134711
0,0.40404,2,0.648093
0,0.40404,3,0.0907856
0,0.40404,4,0.12641
0,0.414141,1,0.133101
0,0.414141,2,0.663766
0,0.414141,3,0.0713224
0,0.414141,4,0.13181
0,0.424242,1,0.105027
0,0.424242,2,0.7242
0,0.424242,3,0.0668625
0,0.424242,4,0.103911
0,0.434343,1,0.112135
0,0.434343,2,0.720439
0,0.434343,3,0.0590267
0,0.434343,4,0.1084
0,0.444444,1,0.114427
0,0.444444,2,0.692605
0,0.444444,3,0.0695088
0,0.444444,4,0.12346
0,0.454545,1,0.126393
0,0.454545,2,0.666308
0,0.454545,3,0.0805706
0,0.454545,4,0.126728
0,0.464646,1,0.107276
0,0.464646,2,0.715985
0,0.464646,3,0.072017
0,0.464646,4,0.104722
0,0.474747,1,0.145613
0,0.474747,2,0.648433
0,0.474747,3,0.057661
0,0.474747,4,0.148293
0,0.484848,1,0.108475
0,0.484848,2,0.73839
0,0.484848,3,0.045262
0,0.484848,4,0.107873
0,0.494949,1,0.110087
0,0.494949,2,0.735922
0,0.494949,3,0.0464244
0,0.494949,4,0.107567
0,0.505051,1,0.115702
0,0.505051,2,0.718132
0,0.505051,3,0.0530972
0,0.505051,4,0.113069
0,0.515152,1,0.123689
0,0.515152,2,0.690033
0,0.515152,3,0.0672346
0,0.515152,4,0.119043
0,0.525253,1,0.0987869
0,0.525253,2,0.770136
0,0.525253,3,0.0306152
0,0.525253,4,0.100462
0,0.535354,1,0.109839
0,0.535354,2,0.731776
0,0.535354,3,0.0512416
0,0.535354,4,0.107143
0,0.545455,1,0.101911
0,0.545455,2,0.763729
0,0.545455,3,0.0351979
0,0.545455,4,0.0991625
0,0.555556,1,0.115838
0,0.555556,2,0.726948
0,0.555556,3,0.0435761
0,0.555556,4,0.113638
0,0.565657,1,0.112598
0,0.565657,2,0.744187
0,0.565657,3,0.02671
0,0.565657,4,0.116505
0,0.575758,1,0.10939
0,0.575758,2,0.725245
0,0.575758,3,0.0581074
0,0.575758,4,0.107258
0,0.585859,1,0.12012
0,0.585859,2,0.704473
0,0.585859,3,0.0551396
0,0.585859,4,0.120267
0,0.59596,1,0.0962076
0,0.59596,2,0.787522
0,0.59596,3,0.0321512
0,0.59596,4,0.0841189
0,0.606061,1,0.116718
0,0.606061,2,0.730183
0,0.606061,3,0.0376408
0,0.606061,4,0.115458
0,0.616162,1,0.130467
0,0.616162,2,0.709809
0,0.616162,3,0.0213695
0,0.616162,4,0.138355
0,0.626263,1,0.111397
0,0.626263,2,0.737855
0,0.626263,3,0.0353397
0,0.626263,4,0.115408
0,0.636364,1,0.120213
0,0.636364,2,0.727316
0,0.636364,3,0.0324766
0,0.636364,4,0.119994
0,0.646465,1,0.143076
0,0.646465,2,0.680347
0,0.646465,3,0.0385281
0,0.646465,4,0.138049
0,0.656566,1,0.104356
0,0.656566,2,0.760329
0,0.656566,3,0.0329771
0,0.656566,4,0.102337
0,0.666667,1,0.135277
0,0.666667,2,0.69269
0,0.666667,3,0.0313819
0,0.666667,4,0.140651
0,0.676768,1,0.125734
0,0.676768,2,0.728795
0,0.676768,3,0.0189115
0,0.676768,4,0.126559
0,0.686869,1,0.129514
0,0.686869,2,0.703209
0,0.686869,3,0.0341026
0,0.686869,4,0.133174
0,0.69697,1,0.123251
0,0.69697,2,0.733721
0,0.69697,3,0.0201759
0,0.69697,4,0.122852
0,0.707071,1,0.15359
0,0.707071,2,0.666794
0,0.707071,3,0.0272142
0,0.707071,4,0.152402
0,0.717172,1,0.138408
0,0.717172,2,0.698516
0,0.717172,3,0.0246752
0,0.717172,4,0.138401
0,0.727273,1,0.142815
0,0.727273,2,0.688603
0,0.727273,3,0.0146501
0,0.727273,4,0.153931
0,0.737374,1,0.150158
0,0.737374,2,0.686796
0,0.737374,3,0.023423
0,0.737374,4,0.139623
0,0.747475,1,0.142444
0,0.747475,2,0.691643
0,0.747475,3,0.0261349
0,0.747475,4,0.139777
0,0.757576,1,0.126718
0,0.757576,2,0.734824
0,0.757576,3,0.0112152
0,0.757576,4,0.127242
0,0.767677,1,0.116827
0,0.767677,2,0.755496
0,0.767677,3,0.0108564
0,0.767677,4,0.116821
0,0.777778,1,0.123682
0,0.777778,2,0.733099
0,0.777778,3,0.0178693
0,0.777778,4,0.12535
0,0.787879,1,0.151821
0,0.787879,2,0.690621
0,0.787879,3,0.0095674
0,0.787879,4,0.14799
0,0.79798,1,0.135577
0,0.79798,2,0.713378
0,0.79798,3,0.0113839
0,0.79798,4,0.139661
0,0.808081,1,0.153713
0,0.808081,2,0.680402
0,0.808081,3,0.015932
0,0.808081,4,0.149953
0,0.818182,1,0.138503
0,0.818182,2,0.686968
0,0.818182,3,0.0360275
0,0.818182,4,0.138501
0,0.828283,1,0.122454
0,0.828283,2,0.742393
0,0.828283,3,0.0168673
0,0.828283,4,0.118286
0,0.838384,1,0.128346
0,0.838384,2,0.741895
0,0.838384,3,0.0025045
0,0.838384,4,0.127255
0,0.848485,1,0.114361
0,0.848485,2,0.756831
0,0.848485,3,0.014446
0,0.848485,4,0.114361
0,0.858586,1,0.121722
0,0.858586,2,0.74173
0,0.858586,3,0.0153864
0,0.858586,4,0.121162
0,0.868687,1,0.116717
0,0.868687,2,0.761155
0,0.868687,3,0.0042629
0,0.868687,4,0.117864
0,0.878788,1,0.13631
0,0.878788,2,0.718849
0,0.878788,3,0.0086714
0,0.878788,4,0.136169
0,0.888889,1,0.133924
0,0.888889,2,0.731217
0,0.888889,3,0.0073383
0,0.888889,4,0.127521
0,0.89899,1,0.154337
0,0.89899,2,0.681789
0,0.89899,3,0.0123705
0,0.89899,4,0.151503
0,0.909091,1,0.131082
0,0.909091,2,0.737388
0,0.909091,3,0.0011187
0,0.909091,4,0.130412
0,0.919192,1,0.116089
0,0.919192,2,0.762212
0,0.919192,3,0.0050955
0,0.919192,4,0.116603
0,0.929293,1,0.148166
0,0.929293,2,0.698611
0,0.929293,3,0.0056011
0,0.929293,4,0.147622
0,0.939394,1,0.148097
0,0.939394,2,0.697381
0,0.939394,3,0.0066008
0,0.939394,4,0.14792
0,0.949495,1,0.125747
0,0.949495,2,0.742509
0,0.949495,3,0.0041076
0,0.949495,4,0.127637
0,0.959596,1,0.137497
0,0.959596,2,0.711756
0,0.959596,3,0.0062094
0,0.959596,4,0.144537
0,0.969697,1,0.162521
0,0.969697,2,0.673794
0,0.969697,3,0.0062146
0,0.969697,4,0.15747
0,0.979798,1,0.151736
0,0.979798,2,0.681196
0,0.979798,3,0.01422
0,0.979798,4,0.152848
0,0.989899,1,0.139825
0,0.989899,2,0.708917
0,0.989899,3,0.0051836
0,0.989899,4,0.146074
0,1,1,0.185478
0,1,2,0.627357
0,1,3,0.0031156
0,1,4,0.184049
0.8,0,1,0.236472
0.8,0,2,0.242042
0.8,0,3,0.243602
0.8,0,4,0.277883
0.8,0.010101,1,0.2576
0.8,0.010101,2,0.250159
0.8,0.010101,3,0.257044
0.8,0.010101,4,0.235196
0.8,0.020202,1,0.252202
0.8,0.020202,2,0.282369
0.8,0.020202,3,0.251057
0.8,0.020202,4,0.214372
0.8,0.030303,1,0.232653
0.8,0.030303,2,0.292239
0.8,0.030303,3,0.2257
0.8,0.030303,4,0.249408
0.8,0.040404,1,0.266923
0.8,0.040404,2,0.255831
0.8,0.040404,3,0.230901
0.8,0.040404,4,0.246346
0.8,0.0505051,1,0.242132
0.8,0.0505051,2,0.302634
0.8,0.0505051,3,0.196277
0.8,0.0505051,4,0.258957
0.8,0.0606061,1,0.257876
0.8,0.0606061,2,0.258838
0.8,0.0606061,3,0.222674
0.8,0.0606061,4,0.260611
0.8,0.0707071,1,0.229028
0.8,0.0707071,2,0.302497
0.8,0.0707071,3,0.226473
0.8,0.0707071,4,0.242001
0.8,0.0808081,1,0.252847
0.8,0.0808081,2,0.309806
0.8,0.0808081,3,0.18364
0.8,0.0808081,4,0.253707
0.8,0.0909091,1,0.228593
0.8,0.0909091,2,0.341667
0.8,0.0909091,3,0.193792
0.8,0.0909091,4,0.235948
0.8,0.10101,1,0.230684
0.8,0.10101,2,0.332443
0.8,0.10101,3,0.207165
0.8,0.10101,4,0.229708
0.8,0.111111,1,0.215072
0.8,0.111111,2,0.338594
0.8,0.111111,3,0.214476
0.8,0.111111,4,0.231858
0.8,0.121212,1,0.234248
0.8,0.121212,2,0.338849
0.8,0.121212,3,0.222718
0.8,0.121212,4,0.204185
0.8,0.131313,1,0.180221
0.8,0.131313,2,0.407106
0.8,0.131313,3,0.21863
0.8,0.131313,4,0.194043
0.8,0.141414,1,0.190342
0.8,0.141414,2,0.445767
0.8,0.141414,3,0.166286
0.8,0.141414,4,0.197605
0.8,0.151515,1,0.186182
0.8,0.151515,2,0.433895
0.8,0.151515,3,0.19152
0.8,0.151515,4,0.188402
0.8,0.161616,1,0.176513
0.8,0.161616,2,0.506456
0.8,0.161616,3,0.142919
0.8,0.161616,4,0.174112
0.8,0.171717,1,0.15728
0.8,0.171717,2,0.502482
0.8,0.171717,3,0.158197
0.8,0.171717,4,0.182042
0.8,0.181818,1,0.194903
0.8,0.181818,2,0.491373
0.8,0.181818,3,0.14808
0.8,0.181818,4,0.165644
0.8,0.191919,1,0.17147
0.8,0.191919,2,0.491202
0.8,0.191919,3,0.177461
0.8,0.191919,4,0.159867
0.8,0.20202,1,0.120923
0.8,0.20202,2,0.577429
0.8,0.20202,3,0.151904
0.8,0.20202,4,0.149744
0.8,0.212121,1,0.139052
0.8,0.212121,2,0.567457
0.8,0.212121,3,0.161243
0.8,0.212121,4,0.132249
0.8,0.222222,1,0.150902
0.8,0.222222,2,0.575297
0.8,0.222222,3,0.123098
0.8,0.222222,4,0.150703
0.8,0.232323,1,0.140089
0.8,0.232323,2,0.547558
0.8,0.232323,3,0.178025
0.8,0.232323,4,0.134327
0.8,0.242424,1,0.116134
0.8,0.242424,2,0.584794
0.8,0.242424,3,0.168988
0.8,0.242424,4,0.130083
0.8,0.252525,1,0.15698
0.8,0.252525,2,0.582052
0.8,0.252525,3,0.129077
0.8,0.252525,4,0.131891
0.8,0.262626,1,0.134454
0.8,0.262626,2,0.609475
0.8,0.262626,3,0.139392
0.8,0.262626,4,0.11668
0.8,0.272727,1,0.161006
0.8,0.272727,2,0.568089
0.8,0.272727,3,0.104474
0.8,0.272727,4,0.166431
0.8,0.282828,1,0.0914696
0.8,0.282828,2,0.73261
0.8,0.282828,3,0.0820859
0.8,0.282828,4,0.0938341
0.8,0.292929,1,0.111677
0.8,0.292929,2,0.665831
0.8,0.292929,3,0.102808
0.8,0.292929,4,0.119684
0.8,0.30303,1,0.130433
0.8,0.30303,2,0.609296
0.8,0.30303,3,0.122435
0.8,0.30303,4,0.137836
0.8,0.313131,1,0.126754
0.8,0.313131,2,0.655575
0.8,0.313131,3,0.0949027
0.8,0.313131,4,0.122768
0.8,0.323232,1,0.0924573
0.8,0.323232,2,0.733283
0.8,0.323232,3,0.0782364
0.8,0.323232,4,0.0960233
0.8,0.333333,1,0.0977103
0.8,0.333333,2,0.708775
0.8,0.333333,3,0.10224
0.8,0.333333,4,0.0912749
0.8,0.343434,1,0.0951425
0.8,0.343434,2,0.738001
0.8,0.343434,3,0.0639392
0.8,0.343434,4,0.102917
0.8,0.353535,1,0.108821
0.8,0.353535,2,0.679724
0.8,0.353535,3,0.0996577
0.8,0.353535,4,0.111797
0.8,0.363636,1,0.11972
0.8,0.363636,2,0.701351
0.8,0.363636,3,0.053082
0.8,0.363636,4,0.125847
0.8,0.373737,1,0.0992117
0.8,0.373737,2,0.72698
0.8,0.373737,3,0.063174
0.8,0.373737,4,0.110635
0.8,0.383838,1,0.0779513
0.8,0.383838,2,0.788912
0.8,0.383838,3,0.0607698
0.8,0.383838,4,0.0723672
0.8,0.393939,1,0.130603
0.8,0.393939,2,0.69177
0.8,0.393939,3,0.0495743
0.8,0.393939,4,0.128052
0.8,0.40404,1,0.0806083
0.8,0.40404,2,0.759395
0.8,0.40404,3,0.0787558
0.8,0.40404,4,0.0812407
0.8,0.414141,1,0.0812377
0.8,0.414141,2,0.778767
0.8,0.414141,3,0.0595029
0.8,0.414141,4,0.0804929
0.8,0.424242,1,0.072357
0.8,0.424242,2,0.792912
0.8,0.424242,3,0.0563733
0.8,0.424242,4,0.0783576
0.8,0.434343,1,0.102332
0.8,0.434343,2,0.745376
0.8,0.434343,3,0.0501918
0.8,0.434343,4,0.1021
0.8,0.444444,1,0.0872635
0.8,0.444444,2,0.738233
0.8,0.444444,3,0.0875409
0.8,0.444444,4,0.0869624
0.8,0.454545,1,0.0787662
0.8,0.454545,2,0.76765
0.8,0.454545,3,0.0698827
0.8,0.454545,4,0.0837014
0.8,0.464646,1,0.112407
0.8,0.464646,2,0.741961
0.8,0.464646,3,0.0376314
0.8,0.464646,4,0.108
0.8,0.474747,1,0.0667973
0.8,0.474747,2,0.823254
0.8,0.474747,3,0.0367093
0.8,0.474747,4,0.0732396
0.8,0.484848,1,0.0856398
0.8,0.484848,2,0.792731
0.8,0.484848,3,0.0363533
0.8,0.484848,4,0.0852756
0.8,0.494949,1,0.0488846
0.8,0.494949,2,0.861261
0.8,0.494949,3,0.0436317
0.8,0.494949,4,0.0462229
0.8,0.505051,1,0.0846002
0.8,0.505051,2,0.781641
0.8,0.505051,3,0.0484236
0.8,0.505051,4,0.0853348
0.8,0.515152,1,0.0977842
0.8,0.515152,2,0.767857
0.8,0.515152,3,0.0411898
0.8,0.515152,4,0.0931689
0.8,0.525253,1,0.0881789
0.8,0.525253,2,0.778546
0.8,0.525253,3,0.0449804
0.8,0.525253,4,0.0882945
0.8,0.535354,1,0.0477252
0.8,0.535354,2,0.87428
0.8,0.535354,3,0.0289883
0.8,0.535354,4,0.0490066
0.8,0.545455,1,0.0564147
0.8,0.545455,2,0.856556
0.8,0.545455,3,0.0318015
0.8,0.545455,4,0.0552278
0.8,0.555556,1,0.0714911
0.8,0.555556,2,0.81728
0.8,0.555556,3,0.0399991
0.8,0.555556,4,0.0712297
0.8,0.565657,1,0.0728022
0.8,0.565657,2,0.823297
0.8,0.565657,3,0.0309176
0.8,0.565657,4,0.0729827
0.8,0.575758,1,0.0595996
0.8,0.575758,2,0.869833
0.8,0.575758,3,0.0100228
0.8,0.575758,4,0.060545
0.8,0.585859,1,0.0719908
0.8,0.585859,2,0.822637
0.8,0.585859,3,0.0370468
0.8,0.585859,4,0.0683258
0.8,0.59596,1,0.054306
0.8,0.59596,2,0.875652
0.8,0.59596,3,0.012311
0.8,0.59596,4,0.0577311
0.8,0.606061,1,0.0842119
0.8,0.606061,2,0.813835
0.8,0.606061,3,0.0209269
0.8,0.606061,4,0.0810264
0.8,0.616162,1,0.0626984
0.8,0.616162,2,0.850639
0.8,0.616162,3,0.0234554
0.8,0.616162,4,0.0632073
0.8,0.626263,1,0.0937397
0.8,0.626263,2,0.788943
0.8,0.626263,3,0.0235587
0.8,0.626263,4,0.093759
0.8,0.636364,1,0.0710915
0.8,0.636364,2,0.817575
0.8,0.636364,3,0.0400753
0.8,0.636364,4,0.0712587
0.8,0.646465,1,0.0730773
0.8,0.646465,2,0.827935
0.8,0.646465,3,0.0259827
0.8,0.646465,4,0.073005
0.8,0.656566,1,0.0732353
0.8,0.656566,2,0.832963
0.8,0.656566,3,0.019337
0.8,0.656566,4,0.0744646
0.8,0.666667,1,0.0802379
0.8,0.666667,2,0.802904
0.8,0.666667,3,0.0366187
0.8,0.666667,4,0.0802396
0.8,0.676768,1,0.0603367
0.8,0.676768,2,0.858209
0.8,0.676768,3,0.0231186
0.8,0.676768,4,0.0583357
0.8,0.686869,1,0.0948921
0.8,0.686869,2,0.800089
0.8,0.686869,3,0.0101314
0.8,0.686869,4,0.0948876
0.8,0.69697,1,0.0733883
0.8,0.69697,2,0.832304
0.8,0.69697,3,0.0202634
0.8,0.69697,4,0.0740439
0.8,0.707071,1,0.0622825
0.8,0.707071,2,0.849359
0.8,0.707071,3,0.0260801
0.8,0.707071,4,0.0622782
0.8,0.717172,1,0.0811824
0.8,0.717172,2,0.82458
0.8,0.717172,3,0.0136367
0.8,0.717172,4,0.0806009
0.8,0.727273,1,0.0587294
0.8,0.727273,2,0.878501
0.8,0.727273,3,0.0020471
0.8,0.727273,4,0.0607229
0.8,0.737374,1,0.0796867
0.8,0.737374,2,0.833158
0.8,0.737374,3,0.0074657
0.8,0.737374,4,0.0796901
0.8,0.747475,1,0.0532055
0.8,0.747475,2,0.871739
0.8,0.747475,3,0.02285
0.8,0.747475,4,0.0522051
0.8,0.757576,1,0.0895645
0.8,0.757576,2,0.800019
0.8,0.757576,3,0.0191885
0.8,0.757576,4,0.0912277
0.8,0.767677,1,0.0745051
0.8,0.767677,2,0.839687
0.8,0.767677,3,0.0124959
0.8,0.767677,4,0.0733121
0.8,0.777778,1,0.0900309
0.8,0.777778,2,0.812455
0.8,0.777778,3,0.0076512
0.8,0.777778,4,0.0898631
0.8,0.787879,1,0.0897631
0.8,0.787879,2,0.808128
0.8,0.787879,3,0.0109173
0.8,0.787879,4,0.0911915
0.8,0.79798,1,0.0649244
0.8,0.79798,2,0.866805
0.8,0.79798,3,0.0033461
0.8,0.79798,4,0.0649243
0.8,0.808081,1,0.0740832
0.8,0.808081,2,0.843492
0.8,0.808081,3,0.0083422
0.8,0.808081,4,0.0740823
0.8,0.818182,1,0.0763677
0.8,0.818182,2,0.837031
0.8,0.818182,3,0.0102321
0.8,0.818182,4,0.0763688
0.8,0.828283,1,0.0846494
0.8,0.828283,2,0.824375
0.8,0.828283,3,0.0063258
0.8,0.828283,4,0.0846494
0.8,0.838384,1,0.0811394
0.8,0.838384,2,0.815446
0.8,0.838384,3,0.0222709
0.8,0.838384,4,0.081144
0.8,0.848485,1,0.06815
0.8,0.848485,2,0.832576
0.8,0.848485,3,0.0291265
0.8,0.848485,4,0.0701478
0.8,0.858586,1,0.104639
0.8,0.858586,2,0.780517
0.8,0.858586,3,0.0101951
0.8,0.858586,4,0.10465
0.8,0.868687,1,0.0589712
0.8,0.868687,2,0.878802
0.8,0.868687,3,0.0032565
0.8,0.868687,4,0.0589708
0.8,0.878788,1,0.0702726
0.8,0.878788,2,0.855731
0.8,0.878788,3,0.0037938
0.8,0.878788,4,0.0702026
0.8,0.888889,1,0.0755922
0.8,0.888889,2,0.840385
0.8,0.888889,3,0.0096795
0.8,0.888889,4,0.0743429
0.8,0.89899,1,0.0986075
0.8,0.89899,2,0.789637
0.8,0.89899,3,0.0072162
0.8,0.89899,4,0.104539
0.8,0.909091,1,0.0822566
0.8,0.909091,2,0.830043
0.8,0.909091,3,0.0054442
0.8,0.909091,4,0.0822562
0.8,0.919192,1,0.0701777
0.8,0.919192,2,0.857633
0.8,0.919192,3,0.0020126
0.8,0.919192,4,0.0701763
0.8,0.929293,1,0.0792074
0.8,0.929293,2,0.841568
0.8,0.929293,3,1.78e-05
0.8,0.929293,4,0.0792064
0.8,0.939394,1,0.0749566
0.8,0.939394,2,0.844012
0.8,0.939394,3,0.0052002
0.8,0.939394,4,0.0758315
0.8,0.949495,1,0.0936938
0.8,0.949495,2,0.810582
0.8,0.949495,3,0.0020308
0.8,0.949495,4,0.0936932
0.8,0.959596,1,0.0833053
0.8,0.959596,2,0.831324
0.8,0.959596,3,0.002078
0.8,0.959596,4,0.0832925
0.8,0.969697,1,0.0615182
0.8,0.969697,2,0.869869
0.8,0.969697,3,0.0090931
0.8,0.969697,4,0.0595194
0.8,0.979798,1,0.0767702
0.8,0.979798,2,0.838083
0.8,0.979798,3,0.0083766
0.8,0.979798,4,0.0767698
0.8,0.989899,1,0.112177
0.8,0.989899,2,0.768231
0.8,0.989899,3,0.0037475
0.8,0.989899,4,0.115845
0.8,1,1,0.0943761
0.8,1,2,0.807576
0.8,1,3,0.0036702
0.8,1,4,0.0943775
1,0,1,0.238601
1,0,2,0.256516
1,0,3,0.252038
1,0,4,0.252845
1,0.010101,1,0.261302
1,0.010101,2,0.228853
1,0.010101,3,0.218704
1,0.010101,4,0.291141
1,0.020202,1,0.224286
1,0.020202,2,0.233379
1,0.020202,3,0.25886
1,0.020202,4,0.283476
1,0.030303,1,0.289217
1,0.030303,2,0.199672
1,0.030303,3,0.247306
1,0.030303,4,0.263806
1,0.040404,1,0.259351
1,0.040404,2,0.252498
1,0.040404,3,0.213229
1,0.040404,4,0.274922
1,0.0505051,1,0.280893
1,0.0505051,2,0.273595
1,0.0505051,3,0.203521
1,0.0505051,4,0.24199
1,0.0606061,1,0.256618
1,0.0606061,2,0.257036
1,0.0606061,3,0.241047
1,0.0606061,4,0.245298
1,0.0707071,1,0.264966
1,0.0707071,2,0.241416
1,0.0707071,3,0.205097
1,0.0707071,4,0.288521
1,0.0808081,1,0.286489
1,0.0808081,2,0.281639
1,0.0808081,3,0.171937
1,0.0808081,4,0.259935
1,0.0909091,1,0.267526
1,0.0909091,2,0.294216
1,0.0909091,3,0.193127
1,0.0909091,4,0.245131
1,0.10101,1,0.236095
1,0.10101,2,0.381613
1,0.10101,3,0.186099
1,0.10101,4,0.196194
1,0.111111,1,0.213408
1,0.111111,2,0.3587
1,0.111111,3,0.216424
1,0.111111,4,0.211468
1,0.121212,1,0.193151
1,0.121212,2,0.377844
1,0.121212,3,0.220075
1,0.121212,4,0.20893
1,0.131313,1,0.226671
1,0.131313,2,0.375439
1,0.131313,3,0.190958
1,0.131313,4,0.206932
1,0.141414,1,0.205003
1,0.141414,2,0.383406
1,0.141414,3,0.189672
1,0.141414,4,0.221919
1,0.151515,1,0.172565
1,0.151515,2,0.450137
1,0.151515,3,0.21256
1,0.151515,4,0.164738
1,0.161616,1,0.197855
1,0.161616,2,0.421491
1,0.161616,3,0.213026
1,0.161616,4,0.167629
1,0.171717,1,0.151634
1,0.171717,2,0.454236
1,0.171717,3,0.239179
1,0.171717,4,0.154951
1,0.181818,1,0.161948
1,0.181818,2,0.432799
1,0.181818,3,0.23777
1,0.181818,4,0.167482
1,0.191919,1,0.184136
1,0.191919,2,0.432371
1,0.191919,3,0.19221
1,0.191919,4,0.191283
1,0.20202,1,0.165601
1,0.20202,2,0.445166
1,0.20202,3,0.198014
1,0.20202,4,0.191219
1,0.212121,1,0.170651
1,0.212121,2,0.439234
1,0.212121,3,0.225598
1,0.212121,4,0.164517
1,0.222222,1,0.141966
1,0.222222,2,0.471947
1,0.222222,3,0.242152
1,0.222222,4,0.143935
1,0.232323,1,0.114815
1,0.232323,2,0.553377
1,0.232323,3,0.198577
1,0.232323,4,0.133231
1,0.242424,1,0.172841
1,0.242424,2,0.521289
1,0.242424,3,0.129878
1,0.242424,4,0.175991
1,0.252525,1,0.158879
1,0.252525,2,0.524373
1,0.252525,3,0.157903
1,0.252525,4,0.158845
1,0.262626,1,0.162419
1,0.262626,2,0.477382
1,0.262626,3,0.181802
1,0.262626,4,0.178398
1,0.272727,1,0.159418
1,0.272727,2,0.497778
1,0.272727,3,0.164393
1,0.272727,4,0.178412
1,0.282828,1,0.15265
1,0.282828,2,0.537377
1,0.282828,3,0.16724
1,0.282828,4,0.142733
1,0.292929,1,0.14226
1,0.292929,2,0.55739
1,0.292929,3,0.17084
1,0.292929,4,0.12951
1,0.30303,1,0.162451
1,0.30303,2,0.515251
1,0.30303,3,0.157743
1,0.30303,4,0.164555
1,0.313131,1,0.161082
1,0.313131,2,0.53849
1,0.313131,3,0.138503
1,0.313131,4,0.161925
1,0.323232,1,0.114736
1,0.323232,2,0.634074
1,0.323232,3,0.124414
1,0.323232,4,0.126776
1,0.333333,1,0.120687
1,0.333333,2,0.595877
1,0.333333,3,0.134376
1,0.333333,4,0.14906
1,0.343434,1,0.130322
1,0.343434,2,0.627327
1,0.343434,3,0.10003
1,0.343434,4,0.142321
1,0.353535,1,0.140124
1,0.353535,2,0.60343
1,0.353535,3,0.119987
1,0.353535,4,0.13646
1,0.363636,1,0.155252
1,0.363636,2,0.56961
1,0.363636,3,0.11871
1,0.363636,4,0.156428
1,0.373737,1,0.116759
1,0.373737,2,0.663651
1,0.373737,3,0.0850804
1,0.373737,4,0.134509
1,0.383838,1,0.0982344
1,0.383838,2,0.725232
1,0.383838,3,0.0911166
1,0.383838,4,0.0854169
1,0.393939,1,0.138345
1,0.393939,2,0.632534
1,0.393939,3,0.100262
1,0.393939,4,0.128858
1,0.40404,1,0.0921099
1,0.40404,2,0.74907
1,0.40404,3,0.067605
1,0.40404,4,0.0912155
1,0.414141,1,0.0930294
1,0.414141,2,0.758459
1,0.414141,3,0.0567109
1,0.414141,4,0.091801
1,0.424242,1,0.122847
1,0.424242,2,0.68449
1,0.424242,3,0.0850121
1,0.424242,4,0.107651
1,0.434343,1,0.098668
1,0.434343,2,0.726391
1,0.434343,3,0.0671234
1,0.434343,4,0.107817
1,0.444444,1,0.0716859
1,0.444444,2,0.798005
1,0.444444,3,0.0671633
1,0.444444,4,0.0631461
1,0.454545,1,0.112783
1,0.454545,2,0.70779
1,0.454545,3,0.0600098
1,0.454545,4,0.119417
1,0.464646,1,0.0991284
1,0.464646,2,0.756339
1,0.464646,3,0.0430047
1,0.464646,4,0.101528
1,0.474747,1,0.0433964
1,0.474747,2,0.880127
1,0.474747,3,0.0311434
1,0.474747,4,0.0453331
1,0.484848,1,0.0490928
1,0.484848,2,0.861294
1,0.484848,3,0.0389151
1,0.484848,4,0.050698
1,0.494949,1,0.0609137
1,0.494949,2,0.844773
1,0.494949,3,0.035027
1,0.494949,4,0.0592868
1,0.505051,1,0.0617036
1,0.505051,2,0.846271
1,0.505051,3,0.0372609
1,0.505051,4,0.0547645
1,0.515152,1,0.0749063
1,0.515152,2,0.810912
1,0.515152,3,0.0416337
1,0.515152,4,0.0725482
1,0.525253,1,0.0938576
1,0.525253,2,0.808909
1,0.525253,3,0.0063679
1,0.525253,4,0.0908656
1,0.535354,1,0.0819228
1,0.535354,2,0.805
1,0.535354,3,0.0300669
1,0.535354,4,0.0830106
1,0.545455,1,0.0572179
1,0.545455,2,0.874627
1,0.545455,3,0.0120926
1,0.545455,4,0.0560623
1,0.555556,1,0.0509987
1,0.555556,2,0.840108
1,0.555556,3,0.0598333
1,0.555556,4,0.0490598
1,0.565657,1,0.0438572
1,0.565657,2,0.889388
1,0.565657,3,0.0237071
1,0.565657,4,0.0430476
1,0.575758,1,0.0463116
1,0.575758,2,0.883033
1,0.575758,3,0.0243402
1,0.575758,4,0.0463153
1,0.585859,1,0.0425748
1,0.585859,2,0.891349
1,0.585859,3,0.0201981
1,0.585859,4,0.045878
1,0.59596,1,0.0550031
1,0.59596,2,0.884717
1,0.59596,3,0.0084308
1,0.59596,4,0.0518489
1,0.606061,1,0.0227586
1,0.606061,2,0.936788
1,0.606061,3,0.0176606
1,0.606061,4,0.0227925
1,0.616162,1,0.0568171
1,0.616162,2,0.853772
1,0.616162,3,0.0302829
1,0.616162,4,0.0591279
1,0.626263,1,0.0557638
1,0.626263,2,0.858029
1,0.626263,3,0.0304785
1,0.626263,4,0.0557287
1,0.636364,1,0.0340052
1,0.636364,2,0.90964
1,0.636364,3,0.0217274
1,0.636364,4,0.0346273
1,0.646465,1,0.0424606
1,0.646465,2,0.898052
1,0.646465,3,0.0199206
1,0.646465,4,0.0395666
1,0.656566,1,0.0583695
1,0.656566,2,0.88184
1,0.656566,3,0.0069474
1,0.656566,4,0.0528433
1,0.666667,1,0.077679
1,0.666667,2,0.827824
1,0.666667,3,0.0167389
1,0.666667,4,0.0777583
1,0.676768,1,0.0487703
1,0.676768,2,0.888354
1,0.676768,3,0.014485
1,0.676768,4,0.0483906
1,0.686869,1,0.0498191
1,0.686869,2,0.890987
1,0.686869,3,0.0077673
1,0.686869,4,0.0514266
1,0.69697,1,0.0556308
1,0.69697,2,0.871185
1,0.69697,3,0.0177308
1,0.69697,4,0.0554533
1,0.707071,1,0.0356828
1,0.707071,2,0.907857
1,0.707071,3,0.0206842
1,0.707071,4,0.0357759
1,0.717172,1,0.051209
1,0.717172,2,0.881798
1,0.717172,3,0.0157622
1,0.717172,4,0.0512306
1,0.727273,1,0.0915731
1,0.727273,2,0.794979
1,0.727273,3,0.025202
1,0.727273,4,0.0882462
1,0.737374,1,0.0572374
1,0.737374,2,0.872995
1,0.737374,3,0.0125322
1,0.737374,4,0.0572357
1,0.747475,1,0.0579775
1,0.747475,2,0.862147
1,0.747475,3,0.0214499
1,0.747475,4,0.0584259
1,0.757576,1,0.0393044
1,0.757576,2,0.910551
1,0.757576,3,0.0108911
1,0.757576,4,0.0392531
1,0.767677,1,0.0383794
1,0.767677,2,0.916491
1,0.767677,3,0.0067527
1,0.767677,4,0.0383766
1,0.777778,1,0.0446528
1,0.777778,2,0.89696
1,0.777778,3,0.0136675
1,0.777778,4,0.0447195
1,0.787879,1,0.0484827
1,0.787879,2,0.898098
1,0.787879,3,0.0035303
1,0.787879,4,0.0498895
1,0.79798,1,0.0445582
1,0.79798,2,0.898313
1,0.79798,3,0.0101224
1,0.79798,4,0.0470064
1,0.808081,1,0.0567152
1,0.808081,2,0.881391
1,0.808081,3,0.0051747
1,0.808081,4,0.0567187
1,0.818182,1,0.0538517
1,0.818182,2,0.884853
1,0.818182,3,0.0060143
1,0.818182,4,0.0552809
1,0.828283,1,0.052352
1,0.828283,2,0.893281
1,0.828283,3,0.0020166
1,0.828283,4,0.0523502
1,0.838384,1,0.0517584
1,0.838384,2,0.885895
1,0.838384,3,0.0086222
1,0.838384,4,0.053724
1,0.848485,1,0.0480968
1,0.848485,2,0.890018
1,0.848485,3,0.0138231
1,0.848485,4,0.0480619
1,0.858586,1,0.0544228
1,0.858586,2,0.879911
1,0.858586,3,0.0112448
1,0.858586,4,0.0544212
1,0.868687,1,0.0576416
1,0.868687,2,0.882693
1,0.868687,3,0.0020214
1,0.868687,4,0.0576438
1,0.878788,1,0.0789732
1,0.878788,2,0.837632
1,0.878788,3,0.0044541
1,0.878788,4,0.0789403
1,0.888889,1,0.0782801
1,0.888889,2,0.841542
1,0.888889,3,0.0019019
1,0.888889,4,0.0782764
1,0.89899,1,0.0485983
1,0.89899,2,0.895909
1,0.89899,3,0.0069143
1,0.89899,4,0.0485786
1,0.909091,1,0.0502097
1,0.909091,2,0.888385
1,0.909091,3,0.0095345
1,0.909091,4,0.0518707
1,0.919192,1,0.0259127
1,0.919192,2,0.93731
1,0.919192,3,0.0125357
1,0.919192,4,0.0242413
1,0.929293,1,0.0424093
1,0.929293,2,0.904734
1,0.929293,3,0.0104458
1,0.929293,4,0.042411
1,0.939394,1,0.0401271
1,0.939394,2,0.914628
1,0.939394,3,0.0051207
1,0.939394,4,0.0401242
1,0.949495,1,0.0470135
1,0.949495,2,0.900633
1,0.949495,3,0.0033431
1,0.949495,4,0.0490103
1,0.959596,1,0.0328598
1,0.959596,2,0.929256
1,0.959596,3,0.0050234
1,0.959596,4,0.0328604
1,0.969697,1,0.0600488
1,0.969697,2,0.879865
1,0.969697,3,4.36e-05
1,0.969697,4,0.0600428
1,0.979798,1,0.0626292
1,0.979798,2,0.86981
1,0.979798,3,0.0048227
1,0.979798,4,0.0627379
1,0.989899,1,0.056179
1,0.989899,2,0.877228
1,0.989899,3,0.010412
1,0.989899,4,0.0561813
1,1,1,0.0514762
1,1,2,0.893391
1,1,3,0.0036526
1,1,4,0.0514802
