omega,gamma,theta_1,firm,profit
0,0,0.9,1,0.0873745
0,0,0.9,2,0.125807
0,0,1,1,0.0881829
0,0,1,2,0.124888
0,0,1.1,1,0.0886486
0,0,1.1,2,0.124386
0,0.010101,0.9,1,0.0878998
0,0.010101,0.9,2,0.126044
0,0.010101,1,1,0.0894142
0,0.010101,1,2,0.125842
0,0.010101,1.1,1,0.0875709
0,0.010101,1.1,2,0.125358
0,0.020202,0.9,1,0.0915888
0,0.020202,0.9,2,0.125314
0,0.020202,1,1,0.0862264
0,0.020202,1,2,0.126334
0,0.020202,1.1,1,0.0869548
0,0.020202,1.1,2,0.125937
0,0.030303,0.9,1,0.0914809
0,0.030303,0.9,2,0.126602
0,0.030303,1,1,0.0895727
0,0.030303,1,2,0.126033
0,0.030303,1.1,1,0.0874261
0,0.030303,1.1,2,0.125028
0,0.040404,0.9,1,0.0913481
0,0.040404,0.9,2,0.128187
0,0.040404,1,1,0.0899491
0,0.040404,1,2,0.125869
0,0.040404,1.1,1,0.0874206
0,0.040404,1.1,2,0.125343
0,0.0505051,0.9,1,0.0927561
0,0.0505051,0.9,2,0.127809
0,0.0505051,1,1,0.0915198
0,0.0505051,1,2,0.125211
0,0.0505051,1.1,1,0.0876984
0,0.0505051,1.1,2,0.123722
0,0.0606061,0.9,1,0.0926478
0,0.0606061,0.9,2,0.129246
0,0.0606061,1,1,0.090669
0,0.0606061,1,2,0.126902
0,0.0606061,1.1,1,0.088148
0,0.0606061,1.1,2,0.123947
0,0.0707071,0.9,1,0.0931662
0,0.0707071,0.9,2,0.129473
0,0.0707071,1,1,0.0899342
0,0.0707071,1,2,0.126035
0,0.0707071,1.1,1,0.0886257
0,0.0707071,1.1,2,0.125203
0,0.0808081,0.9,1,0.0914143
0,0.0808081,0.9,2,0.133911
0,0.0808081,1,1,0.0922453
0,0.0808081,1,2,0.126349
0,0.0808081,1.1,1,0.0892243
0,0.0808081,1.1,2,0.122279
0,0.0909091,0.9,1,0.0962464
0,0.0909091,0.9,2,0.130086
0,0.0909091,1,1,0.093794
0,0.0909091,1,2,0.125625
0,0.0909091,1.1,1,0.0877406
0,0.0909091,1.1,2,0.121175
0,0.10101,0.9,1,0.0973794
0,0.10101,0.9,2,0.13064
0,0.10101,1,1,0.0937876
0,0.10101,1,2,0.127321
0,0.10101,1.1,1,0.0897732
0,0.10101,1.1,2,0.122243
0,0.111111,0.9,1,0.0993201
0,0.111111,0.9,2,0.13037
0,0.111111,1,1,0.0950402
0,0.111111,1,2,0.126847
0,0.111111,1.1,1,0.0902309
0,0.111111,1.1,2,0.121497
0,0.121212,0.9,1,0.101202
0,0.121212,0.9,2,0.131308
0,0.121212,1,1,0.0948301
0,0.121212,1,2,0.128208
0,0.121212,1.1,1,0.0902281
0,0.121212,1.1,2,0.121969
0,0.131313,0.9,1,0.101049
0,0.131313,0.9,2,0.132332
0,0.131313,1,1,0.096596
0,0.131313,1,2,0.127022
0,0.131313,1.1,1,0.088613
0,0.131313,1.1,2,0.123833
0,0.141414,0.9,1,0.102122
0,0.141414,0.9,2,0.132122
0,0.141414,1,1,0.0975115
0,0.141414,1,2,0.125582
0,0.141414,1.1,1,0.0895307
0,0.141414,1.1,2,0.122243
0,0.151515,0.9,1,0.103582
0,0.151515,0.9,2,0.133672
0,0.151515,1,1,0.0973689
0,0.151515,1,2,0.128384
0,0.151515,1.1,1,0.0900004
0,0.151515,1.1,2,0.122361
0,0.161616,0.9,1,0.104821
0,0.161616,0.9,2,0.134307
0,0.161616,1,1,0.0966293
0,0.161616,1,2,0.127336
0,0.161616,1.1,1,0.0904812
0,0.161616,1.1,2,0.121404
0,0.171717,0.9,1,0.108015
0,0.171717,0.9,2,0.132454
0,0.171717,1,1,0.0992733
0,0.171717,1,2,0.127569
0,0.171717,1.1,1,0.0928383
0,0.171717,1.1,2,0.120145
0,0.181818,0.9,1,0.107498
0,0.181818,0.9,2,0.133893
0,0.181818,1,1,0.0997601
0,0.181818,1,2,0.127001
0,0.181818,1.1,1,0.0929866
0,0.181818,1.1,2,0.119331
0,0.191919,0.9,1,0.109026
0,0.191919,0.9,2,0.133967
0,0.191919,1,1,0.100108
0,0.191919,1,2,0.127297
0,0.191919,1.1,1,0.093679
0,0.191919,1.1,2,0.118893
0,0.20202,0.9,1,0.110212
0,0.20202,0.9,2,0.135805
0,0.20202,1,1,0.10152
0,0.20202,1,2,0.127633
0,0.20202,1.1,1,0.0925339
0,0.20202,1.1,2,0.120185
0,0.212121,0.9,1,0.11109
0,0.212121,0.9,2,0.133909
0,0.212121,1,1,0.10278
0,0.212121,1,2,0.126999
0,0.212121,1.1,1,0.0938593
0,0.212121,1.1,2,0.118753
0,0.222222,0.9,1,0.110407
0,0.222222,0.9,2,0.136617
0,0.222222,1,1,0.102987
0,0.222222,1,2,0.127577
0,0.222222,1.1,1,0.0925681
0,0.222222,1.1,2,0.120819
0,0.232323,0.9,1,0.113252
0,0.232323,0.9,2,0.135389
0,0.232323,1,1,0.10362
0,0.232323,1,2,0.127594
0,0.232323,1.1,1,0.0940388
0,0.232323,1.1,2,0.118703
0,0.242424,0.9,1,0.114398
0,0.242424,0.9,2,0.135495
0,0.242424,1,1,0.104877
0,0.242424,1,2,0.127204
0,0.242424,1.1,1,0.0958212
0,0.242424,1.1,2,0.11778
0,0.252525,0.9,1,0.115448
0,0.252525,0.9,2,0.134481
0,0.252525,1,1,0.106324
0,0.252525,1,2,0.126265
0,0.252525,1.1,1,0.0942887
0,0.252525,1.1,2,0.118391
0,0.262626,0.9,1,0.115677
0,0.262626,0.9,2,0.136333
0,0.262626,1,1,0.105399
0,0.262626,1,2,0.12817
0,0.262626,1.1,1,0.0952535
0,0.262626,1.1,2,0.116972
0,0.272727,0.9,1,0.117184
0,0.272727,0.9,2,0.135773
0,0.272727,1,1,0.107094
0,0.272727,1,2,0.127016
0,0.272727,1.1,1,0.0965062
0,0.272727,1.1,2,0.116542
0,0.282828,0.9,1,0.117699
0,0.282828,0.9,2,0.13611
0,0.282828,1,1,0.107505
0,0.282828,1,2,0.126746
0,0.282828,1.1,1,0.0961422
0,0.282828,1.1,2,0.11678
0,0.292929,0.9,1,0.118892
0,0.292929,0.9,2,0.135742
0,0.292929,1,1,0.108208
0,0.292929,1,2,0.12653
0,0.292929,1.1,1,0.0963383
0,0.292929,1.1,2,0.116059
0,0.30303,0.9,1,0.119905
0,0.30303,0.9,2,0.136108
0,0.30303,1,1,0.109809
0,0.30303,1,2,0.125524
0,0.30303,1.1,1,0.0975903
0,0.30303,1.1,2,0.115158
0,0.313131,0.9,1,0.119595
0,0.313131,0.9,2,0.136206
0,0.313131,1,1,0.110172
0,0.313131,1,2,0.125358
0,0.313131,1.1,1,0.0972419
0,0.313131,1.1,2,0.115645
0,0.323232,0.9,1,0.120356
0,0.323232,0.9,2,0.136897
0,0.323232,1,1,0.110743
0,0.323232,1,2,0.124446
0,0.323232,1.1,1,0.0971958
0,0.323232,1.1,2,0.114769
0,0.333333,0.9,1,0.121971
0,0.333333,0.9,2,0.137654
0,0.333333,1,1,0.110665
0,0.333333,1,2,0.124687
0,0.333333,1.1,1,0.09755
0,0.333333,1.1,2,0.114816
0,0.343434,0.9,1,0.122738
0,0.343434,0.9,2,0.13856
0,0.343434,1,1,0.111185
0,0.343434,1,2,0.124729
0,0.343434,1.1,1,0.0992502
0,0.343434,1.1,2,0.113683
0,0.353535,0.9,1,0.124275
0,0.353535,0.9,2,0.14036
0,0.353535,1,1,0.111861
0,0.353535,1,2,0.124685
0,0.353535,1.1,1,0.0996665
0,0.353535,1.1,2,0.112119
0,0.363636,0.9,1,0.125489
0,0.363636,0.9,2,0.138742
0,0.363636,1,1,0.11251
0,0.363636,1,2,0.125765
0,0.363636,1.1,1,0.0985299
0,0.363636,1.1,2,0.112088
0,0.373737,0.9,1,0.127283
0,0.373737,0.9,2,0.140182
0,0.373737,1,1,0.112992
0,0.373737,1,2,0.124644
0,0.373737,1.1,1,0.0994124
0,0.373737,1.1,2,0.111768
0,0.383838,0.9,1,0.128042
0,0.383838,0.9,2,0.140893
0,0.383838,1,1,0.112904
0,0.383838,1,2,0.125917
0,0.383838,1.1,1,0.0998659
0,0.383838,1.1,2,0.11193
0,0.393939,0.9,1,0.130056
0,0.393939,0.9,2,0.136818
0,0.393939,1,1,0.112811
0,0.393939,1,2,0.127142
0,0.393939,1.1,1,0.0999097
0,0.393939,1.1,2,0.111171
0,0.40404,0.9,1,0.129635
0,0.40404,0.9,2,0.139819
0,0.40404,1,1,0.114491
0,0.40404,1,2,0.125683
0,0.40404,1.1,1,0.0999162
0,0.40404,1.1,2,0.111247
0,0.414141,0.9,1,0.131396
0,0.414141,0.9,2,0.14083
0,0.414141,1,1,0.115688
0,0.414141,1,2,0.12663
0,0.414141,1.1,1,0.10048
0,0.414141,1.1,2,0.110194
0,0.424242,0.9,1,0.133663
0,0.424242,0.9,2,0.140807
0,0.424242,1,1,0.114988
0,0.424242,1,2,0.126842
0,0.424242,1.1,1,0.100332
0,0.424242,1.1,2,0.111337
0,0.434343,0.9,1,0.134763
0,0.434343,0.9,2,0.139366
0,0.434343,1,1,0.116768
0,0.434343,1,2,0.12581
0,0.434343,1.1,1,0.101092
0,0.434343,1.1,2,0.110026
0,0.444444,0.9,1,0.136129
0,0.444444,0.9,2,0.137786
0,0.444444,1,1,0.11767
0,0.444444,1,2,0.126271
0,0.444444,1.1,1,0.101018
0,0.444444,1.1,2,0.109104
0,0.454545,0.9,1,0.136677
0,0.454545,0.9,2,0.138982
0,0.454545,1,1,0.119133
0,0.454545,1,2,0.125955
0,0.454545,1.1,1,0.100721
0,0.454545,1.1,2,0.111092
0,0.464646,0.9,1,0.137155
0,0.464646,0.9,2,0.137137
0,0.464646,1,1,0.119712
0,0.464646,1,2,0.126158
0,0.464646,1.1,1,0.0999197
0,0.464646,1.1,2,0.110986
0,0.474747,0.9,1,0.140307
0,0.474747,0.9,2,0.136318
0,0.474747,1,1,0.120751
0,0.474747,1,2,0.124176
0,0.474747,1.1,1,0.100833
0,0.474747,1.1,2,0.110712
0,0.484848,0.9,1,0.13811
0,0.484848,0.9,2,0.135707
0,0.484848,1,1,0.121809
0,0.484848,1,2,0.124825
0,0.484848,1.1,1,0.101235
0,0.484848,1.1,2,0.10834
0,0.494949,0.9,1,0.140127
0,0.494949,0.9,2,0.13552
0,0.494949,1,1,0.122982
0,0.494949,1,2,0.122773
0,0.494949,1.1,1,0.102217
0,0.494949,1.1,2,0.109044
0,0.505051,0.9,1,0.142063
0,0.505051,0.9,2,0.134185
0,0.505051,1,1,0.123887
0,0.505051,1,2,0.122813
0,0.505051,1.1,1,0.103113
0,0.505051,1.1,2,0.108046
0,0.515152,0.9,1,0.141614
0,0.515152,0.9,2,0.132652
0,0.515152,1,1,0.123321
0,0.515152,1,2,0.12162
0,0.515152,1.1,1,0.103221
0,0.515152,1.1,2,0.107785
0,0.525253,0.9,1,0.142129
0,0.525253,0.9,2,0.132055
0,0.525253,1,1,0.124674
0,0.525253,1,2,0.120888
0,0.525253,1.1,1,0.104178
0,0.525253,1.1,2,0.107489
0,0.535354,0.9,1,0.142365
0,0.535354,0.9,2,0.131795
0,0.535354,1,1,0.125217
0,0.535354,1,2,0.119892
0,0.535354,1.1,1,0.1046
0,0.535354,1.1,2,0.107877
0,0.545455,0.9,1,0.142818
0,0.545455,0.9,2,0.12946
0,0.545455,1,1,0.125062
0,0.545455,1,2,0.118914
0,0.545455,1.1,1,0.105291
0,0.545455,1.1,2,0.10626
0,0.555556,0.9,1,0.142882
0,0.555556,0.9,2,0.130568
0,0.555556,1,1,0.125943
0,0.555556,1,2,0.117577
0,0.555556,1.1,1,0.105562
0,0.555556,1.1,2,0.106283
0,0.565657,0.9,1,0.142403
0,0.565657,0.9,2,0.130325
0,0.565657,1,1,0.125911
0,0.565657,1,2,0.116404
0,0.565657,1.1,1,0.105995
0,0.565657,1.1,2,0.104273
0,0.575758,0.9,1,0.141179
0,0.575758,0.9,2,0.129662
0,0.575758,1,1,0.126507
0,0.575758,1,2,0.115366
0,0.575758,1.1,1,0.105864
0,0.575758,1.1,2,0.103195
0,0.585859,0.9,1,0.141569
0,0.585859,0.9,2,0.129463
0,0.585859,1,1,0.127439
0,0.585859,1,2,0.114463
0,0.585859,1.1,1,0.107332
0,0.585859,1.1,2,0.101933
0,0.59596,0.9,1,0.140089
0,0.59596,0.9,2,0.13112
0,0.59596,1,1,0.126587
0,0.59596,1,2,0.114356
0,0.59596,1.1,1,0.106811
0,0.59596,1.1,2,0.100966
0,0.606061,0.9,1,0.141303
0,0.606061,0.9,2,0.130046
0,0.606061,1,1,0.126986
0,0.606061,1,2,0.113606
0,0.606061,1.1,1,0.10877
0,0.606061,1.1,2,0.0996027
0,0.616162,0.9,1,0.142218
0,0.616162,0.9,2,0.129042
0,0.616162,1,1,0.126198
0,0.616162,1,2,0.113382
0,0.616162,1.1,1,0.107921
0,0.616162,1.1,2,0.0978821
0,0.626263,0.9,1,0.143535
0,0.626263,0.9,2,0.128548
0,0.626263,1,1,0.125811
0,0.626263,1,2,0.112079
0,0.626263,1.1,1,0.10887
0,0.626263,1.1,2,0.0977158
0,0.636364,0.9,1,0.14339
0,0.636364,0.9,2,0.128376
0,0.636364,1,1,0.125139
0,0.636364,1,2,0.112814
0,0.636364,1.1,1,0.106728
0,0.636364,1.1,2,0.0958097
0,0.646465,0.9,1,0.145094
0,0.646465,0.9,2,0.126915
0,0.646465,1,1,0.124627
0,0.646465,1,2,0.111381
0,0.646465,1.1,1,0.10779
0,0.646465,1.1,2,0.0956315
0,0.656566,0.9,1,0.147566
0,0.656566,0.9,2,0.126521
0,0.656566,1,1,0.125158
0,0.656566,1,2,0.111315
0,0.656566,1.1,1,0.10912
0,0.656566,1.1,2,0.0930761
0,0.666667,0.9,1,0.145079
0,0.666667,0.9,2,0.12601
0,0.666667,1,1,0.124599
0,0.666667,1,2,0.110354
0,0.666667,1.1,1,0.10766
0,0.666667,1.1,2,0.0937751
0,0.676768,0.9,1,0.145927
0,0.676768,0.9,2,0.126072
0,0.676768,1,1,0.125555
0,0.676768,1,2,0.10943
0,0.676768,1.1,1,0.105145
0,0.676768,1.1,2,0.0926761
0,0.686869,0.9,1,0.147254
0,0.686869,0.9,2,0.123514
0,0.686869,1,1,0.125142
0,0.686869,1,2,0.109255
0,0.686869,1.1,1,0.106773
0,0.686869,1.1,2,0.0914969
0,0.69697,0.9,1,0.146863
0,0.69697,0.9,2,0.126731
0,0.69697,1,1,0.124461
0,0.69697,1,2,0.110451
0,0.69697,1.1,1,0.104023
0,0.69697,1.1,2,0.0909211
0,0.707071,0.9,1,0.147317
0,0.707071,0.9,2,0.124447
0,0.707071,1,1,0.125411
0,0.707071,1,2,0.108426
0,0.707071,1.1,1,0.103788
0,0.707071,1.1,2,0.090217
0,0.717172,0.9,1,0.147038
0,0.717172,0.9,2,0.123731
0,0.717172,1,1,0.126008
0,0.717172,1,2,0.107769
0,0.717172,1.1,1,0.104973
0,0.717172,1.1,2,0.0893659
0,0.727273,0.9,1,0.14808
0,0.727273,0.9,2,0.122793
0,0.727273,1,1,0.127124
0,0.727273,1,2,0.107036
0,0.727273,1.1,1,0.103533
0,0.727273,1.1,2,0.0895605
0,0.737374,0.9,1,0.148867
0,0.737374,0.9,2,0.121691
0,0.737374,1,1,0.126967
0,0.737374,1,2,0.106733
0,0.737374,1.1,1,0.103864
0,0.737374,1.1,2,0.0882186
0,0.747475,0.9,1,0.147385
0,0.747475,0.9,2,0.12312
0,0.747475,1,1,0.12728
0,0.747475,1,2,0.105515
0,0.747475,1.1,1,0.102782
0,0.747475,1.1,2,0.0874693
0,0.757576,0.9,1,0.150429
0,0.757576,0.9,2,0.120907
0,0.757576,1,1,0.127425
0,0.757576,1,2,0.103437
0,0.757576,1.1,1,0.103235
0,0.757576,1.1,2,0.0878629
0,0.767677,0.9,1,0.151929
0,0.767677,0.9,2,0.119434
0,0.767677,1,1,0.127156
0,0.767677,1,2,0.103966
0,0.767677,1.1,1,0.103561
0,0.767677,1.1,2,0.0856586
0,0.777778,0.9,1,0.150029
0,0.777778,0.9,2,0.117666
0,0.777778,1,1,0.126329
0,0.777778,1,2,0.105024
0,0.777778,1.1,1,0.102552
0,0.777778,1.1,2,0.0853685
0,0.787879,0.9,1,0.152046
0,0.787879,0.9,2,0.115165
0,0.787879,1,1,0.129047
0,0.787879,1,2,0.101162
0,0.787879,1.1,1,0.103428
0,0.787879,1.1,2,0.0836125
0,0.79798,0.9,1,0.151003
0,0.79798,0.9,2,0.115876
0,0.79798,1,1,0.1268
0,0.79798,1,2,0.103272
0,0.79798,1.1,1,0.102108
0,0.79798,1.1,2,0.0841427
0,0.808081,0.9,1,0.149184
0,0.808081,0.9,2,0.118001
0,0.808081,1,1,0.127949
0,0.808081,1,2,0.101312
0,0.808081,1.1,1,0.103019
0,0.808081,1.1,2,0.0827894
0,0.818182,0.9,1,0.151046
0,0.818182,0.9,2,0.115991
0,0.818182,1,1,0.127362
0,0.818182,1,2,0.0994737
0,0.818182,1.1,1,0.103131
0,0.818182,1.1,2,0.0808413
0,0.828283,0.9,1,0.155
0,0.828283,0.9,2,0.11174
0,0.828283,1,1,0.125836
0,0.828283,1,2,0.0997436
0,0.828283,1.1,1,0.103124
0,0.828283,1.1,2,0.0803583
0,0.838384,0.9,1,0.151379
0,0.838384,0.9,2,0.114895
0,0.838384,1,1,0.128751
0,0.838384,1,2,0.0972094
0,0.838384,1.1,1,0.10257
0,0.838384,1.1,2,0.0803495
0,0.848485,0.9,1,0.152612
0,0.848485,0.9,2,0.111604
0,0.848485,1,1,0.127516
0,0.848485,1,2,0.0970219
0,0.848485,1.1,1,0.102478
0,0.848485,1.1,2,0.0785233
0,0.858586,0.9,1,0.15191
0,0.858586,0.9,2,0.112821
0,0.858586,1,1,0.12725
0,0.858586,1,2,0.096657
0,0.858586,1.1,1,0.100841
0,0.858586,1.1,2,0.0780657
0,0.868687,0.9,1,0.154221
0,0.868687,0.9,2,0.109313
0,0.868687,1,1,0.127226
0,0.868687,1,2,0.09585
0,0.868687,1.1,1,0.101482
0,0.868687,1.1,2,0.0766575
0,0.878788,0.9,1,0.151305
0,0.878788,0.9,2,0.113851
0,0.878788,1,1,0.127924
0,0.878788,1,2,0.0945762
0,0.878788,1.1,1,0.100118
0,0.878788,1.1,2,0.0769294
0,0.888889,0.9,1,0.154068
0,0.888889,0.9,2,0.110477
0,0.888889,1,1,0.125423
0,0.888889,1,2,0.0961591
0,0.888889,1.1,1,0.101131
0,0.888889,1.1,2,0.0744847
0,0.89899,0.9,1,0.150891
0,0.89899,0.9,2,0.112259
0,0.89899,1,1,0.128832
0,0.89899,1,2,0.0910109
0,0.89899,1.1,1,0.100302
0,0.89899,1.1,2,0.0737392
0,0.909091,0.9,1,0.15341
0,0.909091,0.9,2,0.108725
0,0.909091,1,1,0.127458
0,0.909091,1,2,0.091472
0,0.909091,1.1,1,0.0982582
0,0.909091,1.1,2,0.0743773
0,0.919192,0.9,1,0.152205
0,0.919192,0.9,2,0.109032
0,0.919192,1,1,0.12549
0,0.919192,1,2,0.0926283
0,0.919192,1.1,1,0.0997159
0,0.919192,1.1,2,0.0714068
0,0.929293,0.9,1,0.152173
0,0.929293,0.9,2,0.108042
0,0.929293,1,1,0.124634
0,0.929293,1,2,0.0928329
0,0.929293,1.1,1,0.0984808
0,0.929293,1.1,2,0.0713678
0,0.939394,0.9,1,0.154656
0,0.939394,0.9,2,0.105594
0,0.939394,1,1,0.125006
0,0.939394,1,2,0.0925998
0,0.939394,1.1,1,0.0981795
0,0.939394,1.1,2,0.0708563
0,0.949495,0.9,1,0.155922
0,0.949495,0.9,2,0.103532
0,0.949495,1,1,0.126556
0,0.949495,1,2,0.0892276
0,0.949495,1.1,1,0.100325
0,0.949495,1.1,2,0.0677571
0,0.959596,0.9,1,0.154873
0,0.959596,0.9,2,0.105241
0,0.959596,1,1,0.125834
0,0.959596,1,2,0.0892963
0,0.959596,1.1,1,0.0984715
0,0.959596,1.1,2,0.0680754
0,0.969697,0.9,1,0.153934
0,0.969697,0.9,2,0.105804
0,0.969697,1,1,0.125893
0,0.969697,1,2,0.089514
0,0.969697,1.1,1,0.0963452
0,0.969697,1.1,2,0.0690249
0,0.979798,0.9,1,0.151938
0,0.979798,0.9,2,0.106175
0,0.979798,1,1,0.125724
0,0.979798,1,2,0.0882593
0,0.979798,1.1,1,0.0975271
0,0.979798,1.1,2,0.0674623
0,0.989899,0.9,1,0.154546
0,0.989899,0.9,2,0.104725
0,0.989899,1,1,0.125608
0,0.989899,1,2,0.0883185
0,0.989899,1.1,1,0.097384
0,0.989899,1.1,2,0.0666831
0,1,0.9,1,0.152251
0,1,0.9,2,0.105708
0,1,1,1,0.126105
0,1,1,2,0.0862552
0,1,1.1,1,0.0969089
0,1,1.1,2,0.0654954
0.8,0,0.9,1,0.0900187
0.8,0,0.9,2,0.12746
0.8,0,1,1,0.0912947
0.8,0,1,2,0.127111
0.8,0,1.1,1,0.0911849
0.8,0,1.1,2,0.127196
0.8,0.010101,0.9,1,0.0904434
0.8,0.010101,0.9,2,0.12854
0.8,0.010101,1,1,0.0895112
0.8,0.010101,1,2,0.127889
0.8,0.010101,1.1,1,0.0899071
0.8,0.010101,1.1,2,0.12714
0.8,0.020202,0.9,1,0.091257
0.8,0.020202,0.9,2,0.128958
0.8,0.020202,1,1,0.0909421
0.8,0.020202,1,2,0.128341
0.8,0.020202,1.1,1,0.0912044
0.8,0.020202,1.1,2,0.126778
0.8,0.030303,0.9,1,0.0930958
0.8,0.030303,0.9,2,0.12894
0.8,0.030303,1,1,0.0911829
0.8,0.030303,1,2,0.128883
0.8,0.030303,1.1,1,0.0902491
0.8,0.030303,1.1,2,0.127135
0.8,0.040404,0.9,1,0.0933178
0.8,0.040404,0.9,2,0.129783
0.8,0.040404,1,1,0.092799
0.8,0.040404,1,2,0.128431
0.8,0.040404,1.1,1,0.0913048
0.8,0.040404,1.1,2,0.125726
0.8,0.0505051,0.9,1,0.0939521
0.8,0.0505051,0.9,2,0.129665
0.8,0.0505051,1,1,0.0920267
0.8,0.0505051,1,2,0.128474
0.8,0.0505051,1.1,1,0.090646
0.8,0.0505051,1.1,2,0.12738
0.8,0.0606061,0.9,1,0.0952586
0.8,0.0606061,0.9,2,0.129626
0.8,0.0606061,1,1,0.0935725
0.8,0.0606061,1,2,0.129059
0.8,0.0606061,1.1,1,0.0923479
0.8,0.0606061,1.1,2,0.12643
0.8,0.0707071,0.9,1,0.0963627
0.8,0.0707071,0.9,2,0.130698
0.8,0.0707071,1,1,0.094617
0.8,0.0707071,1,2,0.128083
0.8,0.0707071,1.1,1,0.0930989
0.8,0.0707071,1.1,2,0.125477
0.8,0.0808081,0.9,1,0.0975174
0.8,0.0808081,0.9,2,0.132123
0.8,0.0808081,1,1,0.0961636
0.8,0.0808081,1,2,0.12804
0.8,0.0808081,1.1,1,0.0927055
0.8,0.0808081,1.1,2,0.125715
0.8,0.0909091,0.9,1,0.0984992
0.8,0.0909091,0.9,2,0.131749
0.8,0.0909091,1,1,0.0953578
0.8,0.0909091,1,2,0.12897
0.8,0.0909091,1.1,1,0.0920988
0.8,0.0909091,1.1,2,0.125296
0.8,0.10101,0.9,1,0.10018
0.8,0.10101,0.9,2,0.131882
0.8,0.10101,1,1,0.0964266
0.8,0.10101,1,2,0.129518
0.8,0.10101,1.1,1,0.0933193
0.8,0.10101,1.1,2,0.124506
0.8,0.111111,0.9,1,0.100312
0.8,0.111111,0.9,2,0.134106
0.8,0.111111,1,1,0.0953142
0.8,0.111111,1,2,0.129646
0.8,0.111111,1.1,1,0.0943199
0.8,0.111111,1.1,2,0.123309
0.8,0.121212,0.9,1,0.102709
0.8,0.121212,0.9,2,0.13319
0.8,0.121212,1,1,0.0981109
0.8,0.121212,1,2,0.129937
0.8,0.121212,1.1,1,0.0931862
0.8,0.121212,1.1,2,0.123694
0.8,0.131313,0.9,1,0.102579
0.8,0.131313,0.9,2,0.133782
0.8,0.131313,1,1,0.099004
0.8,0.131313,1,2,0.129022
0.8,0.131313,1.1,1,0.0959216
0.8,0.131313,1.1,2,0.124678
0.8,0.141414,0.9,1,0.103403
0.8,0.141414,0.9,2,0.136571
0.8,0.141414,1,1,0.0997697
0.8,0.141414,1,2,0.129413
0.8,0.141414,1.1,1,0.0950668
0.8,0.141414,1.1,2,0.124588
0.8,0.151515,0.9,1,0.104913
0.8,0.151515,0.9,2,0.133623
0.8,0.151515,1,1,0.099928
0.8,0.151515,1,2,0.129027
0.8,0.151515,1.1,1,0.09548
0.8,0.151515,1.1,2,0.123455
0.8,0.161616,0.9,1,0.106139
0.8,0.161616,0.9,2,0.135461
0.8,0.161616,1,1,0.100715
0.8,0.161616,1,2,0.129139
0.8,0.161616,1.1,1,0.0959262
0.8,0.161616,1.1,2,0.122511
0.8,0.171717,0.9,1,0.105714
0.8,0.171717,0.9,2,0.136069
0.8,0.171717,1,1,0.101758
0.8,0.171717,1,2,0.128465
0.8,0.171717,1.1,1,0.0963977
0.8,0.171717,1.1,2,0.122653
0.8,0.181818,0.9,1,0.106364
0.8,0.181818,0.9,2,0.13601
0.8,0.181818,1,1,0.10226
0.8,0.181818,1,2,0.130026
0.8,0.181818,1.1,1,0.0974986
0.8,0.181818,1.1,2,0.121873
0.8,0.191919,0.9,1,0.107684
0.8,0.191919,0.9,2,0.137053
0.8,0.191919,1,1,0.103468
0.8,0.191919,1,2,0.129542
0.8,0.191919,1.1,1,0.0973526
0.8,0.191919,1.1,2,0.122451
0.8,0.20202,0.9,1,0.110795
0.8,0.20202,0.9,2,0.137902
0.8,0.20202,1,1,0.104255
0.8,0.20202,1,2,0.129554
0.8,0.20202,1.1,1,0.0966747
0.8,0.20202,1.1,2,0.12402
0.8,0.212121,0.9,1,0.111848
0.8,0.212121,0.9,2,0.137497
0.8,0.212121,1,1,0.104253
0.8,0.212121,1,2,0.129452
0.8,0.212121,1.1,1,0.0986576
0.8,0.212121,1.1,2,0.121028
0.8,0.222222,0.9,1,0.113574
0.8,0.222222,0.9,2,0.137241
0.8,0.222222,1,1,0.105994
0.8,0.222222,1,2,0.129677
0.8,0.222222,1.1,1,0.0979781
0.8,0.222222,1.1,2,0.120244
0.8,0.232323,0.9,1,0.114517
0.8,0.232323,0.9,2,0.137958
0.8,0.232323,1,1,0.107387
0.8,0.232323,1,2,0.128704
0.8,0.232323,1.1,1,0.0991659
0.8,0.232323,1.1,2,0.120859
0.8,0.242424,0.9,1,0.114731
0.8,0.242424,0.9,2,0.137702
0.8,0.242424,1,1,0.107795
0.8,0.242424,1,2,0.129103
0.8,0.242424,1.1,1,0.0990876
0.8,0.242424,1.1,2,0.120988
0.8,0.252525,0.9,1,0.114889
0.8,0.252525,0.9,2,0.138135
0.8,0.252525,1,1,0.109157
0.8,0.252525,1,2,0.129609
0.8,0.252525,1.1,1,0.0996279
0.8,0.252525,1.1,2,0.120211
0.8,0.262626,0.9,1,0.116008
0.8,0.262626,0.9,2,0.138999
0.8,0.262626,1,1,0.108958
0.8,0.262626,1,2,0.129536
0.8,0.262626,1.1,1,0.0990303
0.8,0.262626,1.1,2,0.12052
0.8,0.272727,0.9,1,0.117424
0.8,0.272727,0.9,2,0.137887
0.8,0.272727,1,1,0.107823
0.8,0.272727,1,2,0.129119
0.8,0.272727,1.1,1,0.0996453
0.8,0.272727,1.1,2,0.119248
0.8,0.282828,0.9,1,0.118119
0.8,0.282828,0.9,2,0.139793
0.8,0.282828,1,1,0.11042
0.8,0.282828,1,2,0.128961
0.8,0.282828,1.1,1,0.0995956
0.8,0.282828,1.1,2,0.120578
0.8,0.292929,0.9,1,0.11901
0.8,0.292929,0.9,2,0.141438
0.8,0.292929,1,1,0.110539
0.8,0.292929,1,2,0.130095
0.8,0.292929,1.1,1,0.101155
0.8,0.292929,1.1,2,0.116933
0.8,0.30303,0.9,1,0.120404
0.8,0.30303,0.9,2,0.141337
0.8,0.30303,1,1,0.111596
0.8,0.30303,1,2,0.126931
0.8,0.30303,1.1,1,0.0998735
0.8,0.30303,1.1,2,0.118471
0.8,0.313131,0.9,1,0.120263
0.8,0.313131,0.9,2,0.146609
0.8,0.313131,1,1,0.112432
0.8,0.313131,1,2,0.128033
0.8,0.313131,1.1,1,0.101703
0.8,0.313131,1.1,2,0.117565
0.8,0.323232,0.9,1,0.121049
0.8,0.323232,0.9,2,0.14659
0.8,0.323232,1,1,0.113081
0.8,0.323232,1,2,0.128249
0.8,0.323232,1.1,1,0.101186
0.8,0.323232,1.1,2,0.118108
0.8,0.333333,0.9,1,0.122262
0.8,0.333333,0.9,2,0.14904
0.8,0.333333,1,1,0.113024
0.8,0.333333,1,2,0.126358
0.8,0.333333,1.1,1,0.102359
0.8,0.333333,1.1,2,0.116393
0.8,0.343434,0.9,1,0.123072
0.8,0.343434,0.9,2,0.149474
0.8,0.343434,1,1,0.114702
0.8,0.343434,1,2,0.125454
0.8,0.343434,1.1,1,0.103093
0.8,0.343434,1.1,2,0.115533
0.8,0.353535,0.9,1,0.125251
0.8,0.353535,0.9,2,0.149647
0.8,0.353535,1,1,0.112851
0.8,0.353535,1,2,0.128531
0.8,0.353535,1.1,1,0.102395
0.8,0.353535,1.1,2,0.116876
0.8,0.363636,0.9,1,0.126552
0.8,0.363636,0.9,2,0.150652
0.8,0.363636,1,1,0.114714
0.8,0.363636,1,2,0.131002
0.8,0.363636,1.1,1,0.102902
0.8,0.363636,1.1,2,0.114313
0.8,0.373737,0.9,1,0.129264
0.8,0.373737,0.9,2,0.15086
0.8,0.373737,1,1,0.114168
0.8,0.373737,1,2,0.134294
0.8,0.373737,1.1,1,0.103105
0.8,0.373737,1.1,2,0.114764
0.8,0.383838,0.9,1,0.13064
0.8,0.383838,0.9,2,0.148679
0.8,0.383838,1,1,0.114817
0.8,0.383838,1,2,0.133242
0.8,0.383838,1.1,1,0.103577
0.8,0.383838,1.1,2,0.115133
0.8,0.393939,0.9,1,0.133561
0.8,0.393939,0.9,2,0.151126
0.8,0.393939,1,1,0.114463
0.8,0.393939,1,2,0.134438
0.8,0.393939,1.1,1,0.103029
0.8,0.393939,1.1,2,0.114278
0.8,0.40404,0.9,1,0.134614
0.8,0.40404,0.9,2,0.147985
0.8,0.40404,1,1,0.115789
0.8,0.40404,1,2,0.134823
0.8,0.40404,1.1,1,0.103408
0.8,0.40404,1.1,2,0.112848
0.8,0.414141,0.9,1,0.136208
0.8,0.414141,0.9,2,0.146765
0.8,0.414141,1,1,0.115844
0.8,0.414141,1,2,0.133582
0.8,0.414141,1.1,1,0.103433
0.8,0.414141,1.1,2,0.114885
0.8,0.424242,0.9,1,0.138172
0.8,0.424242,0.9,2,0.1458
0.8,0.424242,1,1,0.117594
0.8,0.424242,1,2,0.135946
0.8,0.424242,1.1,1,0.102802
0.8,0.424242,1.1,2,0.1134
0.8,0.434343,0.9,1,0.140023
0.8,0.434343,0.9,2,0.144247
0.8,0.434343,1,1,0.117575
0.8,0.434343,1,2,0.133868
0.8,0.434343,1.1,1,0.103511
0.8,0.434343,1.1,2,0.112846
0.8,0.444444,0.9,1,0.141072
0.8,0.444444,0.9,2,0.142992
0.8,0.444444,1,1,0.120006
0.8,0.444444,1,2,0.135254
0.8,0.444444,1.1,1,0.104112
0.8,0.444444,1.1,2,0.115863
0.8,0.454545,0.9,1,0.1436
0.8,0.454545,0.9,2,0.142427
0.8,0.454545,1,1,0.121743
0.8,0.454545,1,2,0.133228
0.8,0.454545,1.1,1,0.104062
0.8,0.454545,1.1,2,0.117644
0.8,0.464646,0.9,1,0.142882
0.8,0.464646,0.9,2,0.141301
0.8,0.464646,1,1,0.123073
0.8,0.464646,1,2,0.131973
0.8,0.464646,1.1,1,0.103555
0.8,0.464646,1.1,2,0.115923
0.8,0.474747,0.9,1,0.146886
0.8,0.474747,0.9,2,0.140842
0.8,0.474747,1,1,0.123705
0.8,0.474747,1,2,0.130837
0.8,0.474747,1.1,1,0.103123
0.8,0.474747,1.1,2,0.119901
0.8,0.484848,0.9,1,0.148369
0.8,0.484848,0.9,2,0.138782
0.8,0.484848,1,1,0.126732
0.8,0.484848,1,2,0.129519
0.8,0.484848,1.1,1,0.104893
0.8,0.484848,1.1,2,0.117679
0.8,0.494949,0.9,1,0.14791
0.8,0.494949,0.9,2,0.137534
0.8,0.494949,1,1,0.127367
0.8,0.494949,1,2,0.127849
0.8,0.494949,1.1,1,0.104732
0.8,0.494949,1.1,2,0.116491
0.8,0.505051,0.9,1,0.148547
0.8,0.505051,0.9,2,0.1366
0.8,0.505051,1,1,0.129146
0.8,0.505051,1,2,0.128086
0.8,0.505051,1.1,1,0.105738
0.8,0.505051,1.1,2,0.117462
0.8,0.515152,0.9,1,0.149902
0.8,0.515152,0.9,2,0.135623
0.8,0.515152,1,1,0.130184
0.8,0.515152,1,2,0.12662
0.8,0.515152,1.1,1,0.106548
0.8,0.515152,1.1,2,0.113373
0.8,0.525253,0.9,1,0.151392
0.8,0.525253,0.9,2,0.136017
0.8,0.525253,1,1,0.130289
0.8,0.525253,1,2,0.124431
0.8,0.525253,1.1,1,0.108278
0.8,0.525253,1.1,2,0.114667
0.8,0.535354,0.9,1,0.153934
0.8,0.535354,0.9,2,0.134467
0.8,0.535354,1,1,0.132702
0.8,0.535354,1,2,0.123601
0.8,0.535354,1.1,1,0.107837
0.8,0.535354,1.1,2,0.112184
0.8,0.545455,0.9,1,0.151481
0.8,0.545455,0.9,2,0.133941
0.8,0.545455,1,1,0.132506
0.8,0.545455,1,2,0.12164
0.8,0.545455,1.1,1,0.109676
0.8,0.545455,1.1,2,0.111895
0.8,0.555556,0.9,1,0.149897
0.8,0.555556,0.9,2,0.133662
0.8,0.555556,1,1,0.135114
0.8,0.555556,1,2,0.120546
0.8,0.555556,1.1,1,0.108599
0.8,0.555556,1.1,2,0.108401
0.8,0.565657,0.9,1,0.150543
0.8,0.565657,0.9,2,0.133928
0.8,0.565657,1,1,0.134838
0.8,0.565657,1,2,0.118158
0.8,0.565657,1.1,1,0.110375
0.8,0.565657,1.1,2,0.108808
0.8,0.575758,0.9,1,0.148299
0.8,0.575758,0.9,2,0.132202
0.8,0.575758,1,1,0.135895
0.8,0.575758,1,2,0.118298
0.8,0.575758,1.1,1,0.112067
0.8,0.575758,1.1,2,0.107171
0.8,0.585859,0.9,1,0.145585
0.8,0.585859,0.9,2,0.134508
0.8,0.585859,1,1,0.136099
0.8,0.585859,1,2,0.116748
0.8,0.585859,1.1,1,0.112291
0.8,0.585859,1.1,2,0.1052
0.8,0.59596,0.9,1,0.146748
0.8,0.59596,0.9,2,0.133387
0.8,0.59596,1,1,0.13468
0.8,0.59596,1,2,0.114747
0.8,0.59596,1.1,1,0.114755
0.8,0.59596,1.1,2,0.102948
0.8,0.606061,0.9,1,0.14656
0.8,0.606061,0.9,2,0.133699
0.8,0.606061,1,1,0.135095
0.8,0.606061,1,2,0.115291
0.8,0.606061,1.1,1,0.114428
0.8,0.606061,1.1,2,0.102089
0.8,0.616162,0.9,1,0.144879
0.8,0.616162,0.9,2,0.134474
0.8,0.616162,1,1,0.130537
0.8,0.616162,1,2,0.115072
0.8,0.616162,1.1,1,0.114697
0.8,0.616162,1.1,2,0.10085
0.8,0.626263,0.9,1,0.147222
0.8,0.626263,0.9,2,0.132069
0.8,0.626263,1,1,0.131897
0.8,0.626263,1,2,0.113436
0.8,0.626263,1.1,1,0.115591
0.8,0.626263,1.1,2,0.0992055
0.8,0.636364,0.9,1,0.14441
0.8,0.636364,0.9,2,0.132579
0.8,0.636364,1,1,0.130604
0.8,0.636364,1,2,0.113718
0.8,0.636364,1.1,1,0.116631
0.8,0.636364,1.1,2,0.0979913
0.8,0.646465,0.9,1,0.147027
0.8,0.646465,0.9,2,0.131686
0.8,0.646465,1,1,0.128728
0.8,0.646465,1,2,0.114013
0.8,0.646465,1.1,1,0.114152
0.8,0.646465,1.1,2,0.0967408
0.8,0.656566,0.9,1,0.146726
0.8,0.656566,0.9,2,0.131172
0.8,0.656566,1,1,0.127665
0.8,0.656566,1,2,0.114467
0.8,0.656566,1.1,1,0.113751
0.8,0.656566,1.1,2,0.0951777
0.8,0.666667,0.9,1,0.148594
0.8,0.666667,0.9,2,0.130986
0.8,0.666667,1,1,0.128322
0.8,0.666667,1,2,0.11319
0.8,0.666667,1.1,1,0.114725
0.8,0.666667,1.1,2,0.0939522
0.8,0.676768,0.9,1,0.149538
0.8,0.676768,0.9,2,0.131104
0.8,0.676768,1,1,0.127499
0.8,0.676768,1,2,0.111863
0.8,0.676768,1.1,1,0.112645
0.8,0.676768,1.1,2,0.0940254
0.8,0.686869,0.9,1,0.150427
0.8,0.686869,0.9,2,0.129483
0.8,0.686869,1,1,0.128879
0.8,0.686869,1,2,0.111759
0.8,0.686869,1.1,1,0.110464
0.8,0.686869,1.1,2,0.0918455
0.8,0.69697,0.9,1,0.150032
0.8,0.69697,0.9,2,0.128099
0.8,0.69697,1,1,0.127858
0.8,0.69697,1,2,0.111446
0.8,0.69697,1.1,1,0.108573
0.8,0.69697,1.1,2,0.0916099
0.8,0.707071,0.9,1,0.149725
0.8,0.707071,0.9,2,0.128741
0.8,0.707071,1,1,0.127551
0.8,0.707071,1,2,0.11034
0.8,0.707071,1.1,1,0.108544
0.8,0.707071,1.1,2,0.0914269
0.8,0.717172,0.9,1,0.149965
0.8,0.717172,0.9,2,0.128345
0.8,0.717172,1,1,0.128509
0.8,0.717172,1,2,0.109766
0.8,0.717172,1.1,1,0.106758
0.8,0.717172,1.1,2,0.0904012
0.8,0.727273,0.9,1,0.151793
0.8,0.727273,0.9,2,0.126861
0.8,0.727273,1,1,0.128968
0.8,0.727273,1,2,0.109096
0.8,0.727273,1.1,1,0.106841
0.8,0.727273,1.1,2,0.0888284
0.8,0.737374,0.9,1,0.151038
0.8,0.737374,0.9,2,0.126103
0.8,0.737374,1,1,0.130386
0.8,0.737374,1,2,0.109324
0.8,0.737374,1.1,1,0.107032
0.8,0.737374,1.1,2,0.0888826
0.8,0.747475,0.9,1,0.152588
0.8,0.747475,0.9,2,0.125818
0.8,0.747475,1,1,0.129627
0.8,0.747475,1,2,0.107382
0.8,0.747475,1.1,1,0.10377
0.8,0.747475,1.1,2,0.0884306
0.8,0.757576,0.9,1,0.153579
0.8,0.757576,0.9,2,0.124712
0.8,0.757576,1,1,0.129683
0.8,0.757576,1,2,0.107629
0.8,0.757576,1.1,1,0.106609
0.8,0.757576,1.1,2,0.0873524
0.8,0.767677,0.9,1,0.15233
0.8,0.767677,0.9,2,0.123855
0.8,0.767677,1,1,0.129132
0.8,0.767677,1,2,0.106242
0.8,0.767677,1.1,1,0.107612
0.8,0.767677,1.1,2,0.0856875
0.8,0.777778,0.9,1,0.152313
0.8,0.777778,0.9,2,0.124029
0.8,0.777778,1,1,0.130615
0.8,0.777778,1,2,0.10509
0.8,0.777778,1.1,1,0.104455
0.8,0.777778,1.1,2,0.0858084
0.8,0.787879,0.9,1,0.153673
0.8,0.787879,0.9,2,0.122722
0.8,0.787879,1,1,0.130207
0.8,0.787879,1,2,0.104803
0.8,0.787879,1.1,1,0.106178
0.8,0.787879,1.1,2,0.0837781
0.8,0.79798,0.9,1,0.153395
0.8,0.79798,0.9,2,0.122648
0.8,0.79798,1,1,0.129291
0.8,0.79798,1,2,0.10491
0.8,0.79798,1.1,1,0.10669
0.8,0.79798,1.1,2,0.0851644
0.8,0.808081,0.9,1,0.153573
0.8,0.808081,0.9,2,0.121522
0.8,0.808081,1,1,0.129818
0.8,0.808081,1,2,0.104223
0.8,0.808081,1.1,1,0.105372
0.8,0.808081,1.1,2,0.0832186
0.8,0.818182,0.9,1,0.154366
0.8,0.818182,0.9,2,0.120478
0.8,0.818182,1,1,0.130396
0.8,0.818182,1,2,0.102673
0.8,0.818182,1.1,1,0.104257
0.8,0.818182,1.1,2,0.0825498
0.8,0.828283,0.9,1,0.156602
0.8,0.828283,0.9,2,0.11919
0.8,0.828283,1,1,0.129305
0.8,0.828283,1,2,0.101489
0.8,0.828283,1.1,1,0.104554
0.8,0.828283,1.1,2,0.0809526
0.8,0.838384,0.9,1,0.154328
0.8,0.838384,0.9,2,0.119151
0.8,0.838384,1,1,0.129249
0.8,0.838384,1,2,0.101981
0.8,0.838384,1.1,1,0.104664
0.8,0.838384,1.1,2,0.0798836
0.8,0.848485,0.9,1,0.154458
0.8,0.848485,0.9,2,0.117681
0.8,0.848485,1,1,0.129537
0.8,0.848485,1,2,0.101096
0.8,0.848485,1.1,1,0.104258
0.8,0.848485,1.1,2,0.0791375
0.8,0.858586,0.9,1,0.155049
0.8,0.858586,0.9,2,0.117462
0.8,0.858586,1,1,0.129808
0.8,0.858586,1,2,0.0995138
0.8,0.858586,1.1,1,0.103683
0.8,0.858586,1.1,2,0.0790164
0.8,0.868687,0.9,1,0.157358
0.8,0.868687,0.9,2,0.114747
0.8,0.868687,1,1,0.128435
0.8,0.868687,1,2,0.0988467
0.8,0.868687,1.1,1,0.10483
0.8,0.868687,1.1,2,0.0773092
0.8,0.878788,0.9,1,0.155997
0.8,0.878788,0.9,2,0.11317
0.8,0.878788,1,1,0.128911
0.8,0.878788,1,2,0.0984612
0.8,0.878788,1.1,1,0.104454
0.8,0.878788,1.1,2,0.0766215
0.8,0.888889,0.9,1,0.153292
0.8,0.888889,0.9,2,0.114093
0.8,0.888889,1,1,0.130005
0.8,0.888889,1,2,0.0955899
0.8,0.888889,1.1,1,0.104091
0.8,0.888889,1.1,2,0.0758902
0.8,0.89899,0.9,1,0.155449
0.8,0.89899,0.9,2,0.114686
0.8,0.89899,1,1,0.128152
0.8,0.89899,1,2,0.0964619
0.8,0.89899,1.1,1,0.102442
0.8,0.89899,1.1,2,0.0765602
0.8,0.909091,0.9,1,0.155525
0.8,0.909091,0.9,2,0.111764
0.8,0.909091,1,1,0.129157
0.8,0.909091,1,2,0.0948317
0.8,0.909091,1.1,1,0.101953
0.8,0.909091,1.1,2,0.074762
0.8,0.919192,0.9,1,0.154709
0.8,0.919192,0.9,2,0.112763
0.8,0.919192,1,1,0.128423
0.8,0.919192,1,2,0.0952507
0.8,0.919192,1.1,1,0.101221
0.8,0.919192,1.1,2,0.0747541
0.8,0.929293,0.9,1,0.157533
0.8,0.929293,0.9,2,0.111793
0.8,0.929293,1,1,0.129705
0.8,0.929293,1,2,0.0939362
0.8,0.929293,1.1,1,0.101621
0.8,0.929293,1.1,2,0.0731824
0.8,0.939394,0.9,1,0.155252
0.8,0.939394,0.9,2,0.109726
0.8,0.939394,1,1,0.127645
0.8,0.939394,1,2,0.0939583
0.8,0.939394,1.1,1,0.101702
0.8,0.939394,1.1,2,0.0726728
0.8,0.949495,0.9,1,0.155637
0.8,0.949495,0.9,2,0.108059
0.8,0.949495,1,1,0.130492
0.8,0.949495,1,2,0.0916638
0.8,0.949495,1.1,1,0.101634
0.8,0.949495,1.1,2,0.0710881
0.8,0.959596,0.9,1,0.156595
0.8,0.959596,0.9,2,0.107741
0.8,0.959596,1,1,0.127713
0.8,0.959596,1,2,0.0937763
0.8,0.959596,1.1,1,0.0990527
0.8,0.959596,1.1,2,0.0720331
0.8,0.969697,0.9,1,0.154582
0.8,0.969697,0.9,2,0.108847
0.8,0.969697,1,1,0.127571
0.8,0.969697,1,2,0.091404
0.8,0.969697,1.1,1,0.101605
0.8,0.969697,1.1,2,0.0692703
0.8,0.979798,0.9,1,0.156041
0.8,0.979798,0.9,2,0.106144
0.8,0.979798,1,1,0.12805
0.8,0.979798,1,2,0.0906694
0.8,0.979798,1.1,1,0.100083
0.8,0.979798,1.1,2,0.0688974
0.8,0.989899,0.9,1,0.154194
0.8,0.989899,0.9,2,0.107372
0.8,0.989899,1,1,0.128838
0.8,0.989899,1,2,0.0898183
0.8,0.989899,1.1,1,0.101241
0.8,0.989899,1.1,2,0.0678639
0.8,1,0.9,1,0.158197
0.8,1,0.9,2,0.104228
0.8,1,1,1,0.127417
0.8,1,1,2,0.0896828
0.8,1,1.1,1,0.099951
0.8,1,1.1,2,0.0683914
1,0,0.9,1,0.0931202
1,0,0.9,2,0.145193
1,0,1,1,0.0930381
1,0,1,2,0.14552
1,0,1.1,1,0.0923675
1,0,1.1,2,0.146172
1,0.010101,0.9,1,0.0956847
1,0.010101,0.9,2,0.144805
1,0.010101,1,1,0.0941037
1,0.010101,1,2,0.146705
1,0.010101,1.1,1,0.0949436
1,0.010101,1.1,2,0.143602
1,0.020202,0.9,1,0.0962617
1,0.020202,0.9,2,0.145657
1,0.020202,1,1,0.0955909
1,0.020202,1,2,0.143172
1,0.020202,1.1,1,0.0940874
1,0.020202,1.1,2,0.143517
1,0.030303,0.9,1,0.0966184
1,0.030303,0.9,2,0.143164
1,0.030303,1,1,0.0952273
1,0.030303,1,2,0.146476
1,0.030303,1.1,1,0.0957617
1,0.030303,1.1,2,0.142083
1,0.040404,0.9,1,0.0961696
1,0.040404,0.9,2,0.147327
1,0.040404,1,1,0.096826
1,0.040404,1,2,0.143353
1,0.040404,1.1,1,0.0961408
1,0.040404,1.1,2,0.139955
1,0.0505051,0.9,1,0.0993752
1,0.0505051,0.9,2,0.14622
1,0.0505051,1,1,0.0962347
1,0.0505051,1,2,0.143985
1,0.0505051,1.1,1,0.0961211
1,0.0505051,1.1,2,0.140842
1,0.0606061,0.9,1,0.0978948
1,0.0606061,0.9,2,0.147712
1,0.0606061,1,1,0.0991877
1,0.0606061,1,2,0.140087
1,0.0606061,1.1,1,0.0965036
1,0.0606061,1.1,2,0.139999
1,0.0707071,0.9,1,0.0986298
1,0.0707071,0.9,2,0.147023
1,0.0707071,1,1,0.0990907
1,0.0707071,1,2,0.143374
1,0.0707071,1.1,1,0.0976786
1,0.0707071,1.1,2,0.13882
1,0.0808081,0.9,1,0.099528
1,0.0808081,0.9,2,0.149645
1,0.0808081,1,1,0.0980684
1,0.0808081,1,2,0.142702
1,0.0808081,1.1,1,0.0970815
1,0.0808081,1.1,2,0.137721
1,0.0909091,0.9,1,0.100444
1,0.0909091,0.9,2,0.146854
1,0.0909091,1,1,0.0997781
1,0.0909091,1,2,0.140286
1,0.0909091,1.1,1,0.0964091
1,0.0909091,1.1,2,0.139505
1,0.10101,0.9,1,0.100376
1,0.10101,0.9,2,0.147789
1,0.10101,1,1,0.100403
1,0.10101,1,2,0.142944
1,0.10101,1.1,1,0.100078
1,0.10101,1.1,2,0.136122
1,0.111111,0.9,1,0.103242
1,0.111111,0.9,2,0.147618
1,0.111111,1,1,0.100135
1,0.111111,1,2,0.142458
1,0.111111,1.1,1,0.0994354
1,0.111111,1.1,2,0.136282
1,0.121212,0.9,1,0.103195
1,0.121212,0.9,2,0.150081
1,0.121212,1,1,0.100895
1,0.121212,1,2,0.141628
1,0.121212,1.1,1,0.0976977
1,0.121212,1.1,2,0.137067
1,0.131313,0.9,1,0.105627
1,0.131313,0.9,2,0.147077
1,0.131313,1,1,0.101594
1,0.131313,1,2,0.142081
1,0.131313,1.1,1,0.100147
1,0.131313,1.1,2,0.134129
1,0.141414,0.9,1,0.104611
1,0.141414,0.9,2,0.148793
1,0.141414,1,1,0.103141
1,0.141414,1,2,0.142901
1,0.141414,1.1,1,0.0991476
1,0.141414,1.1,2,0.136708
1,0.151515,0.9,1,0.1056
1,0.151515,0.9,2,0.150145
1,0.151515,1,1,0.104316
1,0.151515,1,2,0.140891
1,0.151515,1.1,1,0.0995805
1,0.151515,1.1,2,0.133102
1,0.161616,0.9,1,0.108582
1,0.161616,0.9,2,0.147755
1,0.161616,1,1,0.104686
1,0.161616,1,2,0.141606
1,0.161616,1.1,1,0.1006
1,0.161616,1.1,2,0.133036
1,0.171717,0.9,1,0.108345
1,0.171717,0.9,2,0.15095
1,0.171717,1,1,0.104321
1,0.171717,1,2,0.142149
1,0.171717,1.1,1,0.100164
1,0.171717,1.1,2,0.132276
1,0.181818,0.9,1,0.109894
1,0.181818,0.9,2,0.150462
1,0.181818,1,1,0.107082
1,0.181818,1,2,0.139845
1,0.181818,1.1,1,0.100095
1,0.181818,1.1,2,0.133859
1,0.191919,0.9,1,0.113524
1,0.191919,0.9,2,0.148638
1,0.191919,1,1,0.106035
1,0.191919,1,2,0.140852
1,0.191919,1.1,1,0.102977
1,0.191919,1.1,2,0.130253
1,0.20202,0.9,1,0.113529
1,0.20202,0.9,2,0.148756
1,0.20202,1,1,0.107986
1,0.20202,1,2,0.140538
1,0.20202,1.1,1,0.102837
1,0.20202,1.1,2,0.132081
1,0.212121,0.9,1,0.114048
1,0.212121,0.9,2,0.148313
1,0.212121,1,1,0.108498
1,0.212121,1,2,0.140719
1,0.212121,1.1,1,0.103045
1,0.212121,1.1,2,0.130255
1,0.222222,0.9,1,0.114173
1,0.222222,0.9,2,0.150146
1,0.222222,1,1,0.109793
1,0.222222,1,2,0.139484
1,0.222222,1.1,1,0.100782
1,0.222222,1.1,2,0.131824
1,0.232323,0.9,1,0.115446
1,0.232323,0.9,2,0.15122
1,0.232323,1,1,0.111203
1,0.232323,1,2,0.139287
1,0.232323,1.1,1,0.103641
1,0.232323,1.1,2,0.129203
1,0.242424,0.9,1,0.118156
1,0.242424,0.9,2,0.152014
1,0.242424,1,1,0.110493
1,0.242424,1,2,0.138324
1,0.242424,1.1,1,0.103276
1,0.242424,1.1,2,0.130225
1,0.252525,0.9,1,0.119433
1,0.252525,0.9,2,0.149663
1,0.252525,1,1,0.111803
1,0.252525,1,2,0.140079
1,0.252525,1.1,1,0.10408
1,0.252525,1.1,2,0.129264
1,0.262626,0.9,1,0.118641
1,0.262626,0.9,2,0.15643
1,0.262626,1,1,0.111267
1,0.262626,1,2,0.138081
1,0.262626,1.1,1,0.10582
1,0.262626,1.1,2,0.125648
1,0.272727,0.9,1,0.121225
1,0.272727,0.9,2,0.153551
1,0.272727,1,1,0.113193
1,0.272727,1,2,0.138533
1,0.272727,1.1,1,0.104488
1,0.272727,1.1,2,0.126569
1,0.282828,0.9,1,0.121167
1,0.282828,0.9,2,0.156712
1,0.282828,1,1,0.113692
1,0.282828,1,2,0.139425
1,0.282828,1.1,1,0.105099
1,0.282828,1.1,2,0.126608
1,0.292929,0.9,1,0.122242
1,0.292929,0.9,2,0.157562
1,0.292929,1,1,0.114394
1,0.292929,1,2,0.136823
1,0.292929,1.1,1,0.106311
1,0.292929,1.1,2,0.125597
1,0.30303,0.9,1,0.123308
1,0.30303,0.9,2,0.158796
1,0.30303,1,1,0.115898
1,0.30303,1,2,0.137376
1,0.30303,1.1,1,0.10501
1,0.30303,1.1,2,0.126071
1,0.313131,0.9,1,0.123915
1,0.313131,0.9,2,0.164351
1,0.313131,1,1,0.114676
1,0.313131,1,2,0.138972
1,0.313131,1.1,1,0.106966
1,0.313131,1.1,2,0.123293
1,0.323232,0.9,1,0.123408
1,0.323232,0.9,2,0.167382
1,0.323232,1,1,0.116269
1,0.323232,1,2,0.137865
1,0.323232,1.1,1,0.105789
1,0.323232,1.1,2,0.122628
1,0.333333,0.9,1,0.126773
1,0.333333,0.9,2,0.168535
1,0.333333,1,1,0.115329
1,0.333333,1,2,0.141467
1,0.333333,1.1,1,0.107259
1,0.333333,1.1,2,0.122347
1,0.343434,0.9,1,0.127499
1,0.343434,0.9,2,0.170788
1,0.343434,1,1,0.118842
1,0.343434,1,2,0.137059
1,0.343434,1.1,1,0.107224
1,0.343434,1.1,2,0.121617
1,0.353535,0.9,1,0.13145
1,0.353535,0.9,2,0.17058
1,0.353535,1,1,0.116679
1,0.353535,1,2,0.140768
1,0.353535,1.1,1,0.108525
1,0.353535,1.1,2,0.120451
1,0.363636,0.9,1,0.132442
1,0.363636,0.9,2,0.16961
1,0.363636,1,1,0.116541
1,0.363636,1,2,0.144741
1,0.363636,1.1,1,0.107761
1,0.363636,1.1,2,0.120587
1,0.373737,0.9,1,0.136193
1,0.373737,0.9,2,0.169512
1,0.373737,1,1,0.118187
1,0.373737,1,2,0.142107
1,0.373737,1.1,1,0.107369
1,0.373737,1.1,2,0.120083
1,0.383838,0.9,1,0.138702
1,0.383838,0.9,2,0.16722
1,0.383838,1,1,0.118532
1,0.383838,1,2,0.143176
1,0.383838,1.1,1,0.109557
1,0.383838,1.1,2,0.119902
1,0.393939,0.9,1,0.141626
1,0.393939,0.9,2,0.164579
1,0.393939,1,1,0.118268
1,0.393939,1,2,0.143093
1,0.393939,1.1,1,0.107282
1,0.393939,1.1,2,0.120341
1,0.40404,0.9,1,0.144192
1,0.40404,0.9,2,0.165551
1,0.40404,1,1,0.118329
1,0.40404,1,2,0.149303
1,0.40404,1.1,1,0.107749
1,0.40404,1.1,2,0.11918
1,0.414141,0.9,1,0.146481
1,0.414141,0.9,2,0.161902
1,0.414141,1,1,0.120524
1,0.414141,1,2,0.146078
1,0.414141,1.1,1,0.107868
1,0.414141,1.1,2,0.118434
1,0.424242,0.9,1,0.1489
1,0.424242,0.9,2,0.159426
1,0.424242,1,1,0.122549
1,0.424242,1,2,0.145988
1,0.424242,1.1,1,0.106641
1,0.424242,1.1,2,0.118783
1,0.434343,0.9,1,0.15053
1,0.434343,0.9,2,0.157164
1,0.434343,1,1,0.12344
1,0.434343,1,2,0.145722
1,0.434343,1.1,1,0.106436
1,0.434343,1.1,2,0.122663
1,0.444444,0.9,1,0.153891
1,0.444444,0.9,2,0.155981
1,0.444444,1,1,0.12571
1,0.444444,1,2,0.145615
1,0.444444,1.1,1,0.107024
1,0.444444,1.1,2,0.12365
1,0.454545,0.9,1,0.15795
1,0.454545,0.9,2,0.15545
1,0.454545,1,1,0.127093
1,0.454545,1,2,0.142478
1,0.454545,1.1,1,0.106894
1,0.454545,1.1,2,0.126924
1,0.464646,0.9,1,0.158797
1,0.464646,0.9,2,0.152881
1,0.464646,1,1,0.129164
1,0.464646,1,2,0.142009
1,0.464646,1.1,1,0.105894
1,0.464646,1.1,2,0.125472
1,0.474747,0.9,1,0.162274
1,0.474747,0.9,2,0.152653
1,0.474747,1,1,0.13109
1,0.474747,1,2,0.139336
1,0.474747,1.1,1,0.107256
1,0.474747,1.1,2,0.126401
1,0.484848,0.9,1,0.165765
1,0.484848,0.9,2,0.14961
1,0.484848,1,1,0.133287
1,0.484848,1,2,0.138618
1,0.484848,1.1,1,0.107263
1,0.484848,1.1,2,0.12573
1,0.494949,0.9,1,0.168351
1,0.494949,0.9,2,0.148684
1,0.494949,1,1,0.135037
1,0.494949,1,2,0.136969
1,0.494949,1.1,1,0.108287
1,0.494949,1.1,2,0.123705
1,0.505051,0.9,1,0.171668
1,0.505051,0.9,2,0.145543
1,0.505051,1,1,0.137295
1,0.505051,1,2,0.134392
1,0.505051,1.1,1,0.108623
1,0.505051,1.1,2,0.121554
1,0.515152,0.9,1,0.170797
1,0.515152,0.9,2,0.146493
1,0.515152,1,1,0.136268
1,0.515152,1,2,0.131171
1,0.515152,1.1,1,0.110059
1,0.515152,1.1,2,0.121497
1,0.525253,0.9,1,0.172991
1,0.525253,0.9,2,0.14461
1,0.525253,1,1,0.141545
1,0.525253,1,2,0.131854
1,0.525253,1.1,1,0.111531
1,0.525253,1.1,2,0.118975
1,0.535354,0.9,1,0.177003
1,0.535354,0.9,2,0.142548
1,0.535354,1,1,0.142669
1,0.535354,1,2,0.129943
1,0.535354,1.1,1,0.113365
1,0.535354,1.1,2,0.119823
1,0.545455,0.9,1,0.179476
1,0.545455,0.9,2,0.142353
1,0.545455,1,1,0.141529
1,0.545455,1,2,0.126679
1,0.545455,1.1,1,0.114066
1,0.545455,1.1,2,0.118903
1,0.555556,0.9,1,0.172962
1,0.555556,0.9,2,0.142438
1,0.555556,1,1,0.144147
1,0.555556,1,2,0.125186
1,0.555556,1.1,1,0.114252
1,0.555556,1.1,2,0.114356
1,0.565657,0.9,1,0.178572
1,0.565657,0.9,2,0.14257
1,0.565657,1,1,0.144847
1,0.565657,1,2,0.123914
1,0.565657,1.1,1,0.116589
1,0.565657,1.1,2,0.114172
1,0.575758,0.9,1,0.175961
1,0.575758,0.9,2,0.142146
1,0.575758,1,1,0.146235
1,0.575758,1,2,0.121651
1,0.575758,1.1,1,0.116853
1,0.575758,1.1,2,0.111142
1,0.585859,0.9,1,0.175132
1,0.585859,0.9,2,0.142203
1,0.585859,1,1,0.146695
1,0.585859,1,2,0.121475
1,0.585859,1.1,1,0.118523
1,0.585859,1.1,2,0.110632
1,0.59596,0.9,1,0.170917
1,0.59596,0.9,2,0.140841
1,0.59596,1,1,0.146886
1,0.59596,1,2,0.12
1,0.59596,1.1,1,0.1187
1,0.59596,1.1,2,0.108285
1,0.606061,0.9,1,0.168164
1,0.606061,0.9,2,0.142024
1,0.606061,1,1,0.147195
1,0.606061,1,2,0.118755
1,0.606061,1.1,1,0.119339
1,0.606061,1.1,2,0.106306
1,0.616162,0.9,1,0.166767
1,0.616162,0.9,2,0.142761
1,0.616162,1,1,0.144107
1,0.616162,1,2,0.119307
1,0.616162,1.1,1,0.121091
1,0.616162,1.1,2,0.104473
1,0.626263,0.9,1,0.16692
1,0.626263,0.9,2,0.143138
1,0.626263,1,1,0.145563
1,0.626263,1,2,0.116219
1,0.626263,1.1,1,0.121379
1,0.626263,1.1,2,0.101597
1,0.636364,0.9,1,0.170531
1,0.636364,0.9,2,0.141406
1,0.636364,1,1,0.146299
1,0.636364,1,2,0.116349
1,0.636364,1.1,1,0.122665
1,0.636364,1.1,2,0.100425
1,0.646465,0.9,1,0.172858
1,0.646465,0.9,2,0.140345
1,0.646465,1,1,0.139984
1,0.646465,1,2,0.116987
1,0.646465,1.1,1,0.123527
1,0.646465,1.1,2,0.0990198
1,0.656566,0.9,1,0.17061
1,0.656566,0.9,2,0.139816
1,0.656566,1,1,0.142032
1,0.656566,1,2,0.116587
1,0.656566,1.1,1,0.122359
1,0.656566,1.1,2,0.0968991
1,0.666667,0.9,1,0.173465
1,0.666667,0.9,2,0.137473
1,0.666667,1,1,0.139382
1,0.666667,1,2,0.117094
1,0.666667,1.1,1,0.121618
1,0.666667,1.1,2,0.0959848
1,0.676768,0.9,1,0.171158
1,0.676768,0.9,2,0.140112
1,0.676768,1,1,0.137712
1,0.676768,1,2,0.115578
1,0.676768,1.1,1,0.123448
1,0.676768,1.1,2,0.0942322
1,0.686869,0.9,1,0.169833
1,0.686869,0.9,2,0.137665
1,0.686869,1,1,0.136752
1,0.686869,1,2,0.116582
1,0.686869,1.1,1,0.118888
1,0.686869,1.1,2,0.0946096
1,0.69697,0.9,1,0.174878
1,0.69697,0.9,2,0.136089
1,0.69697,1,1,0.137595
1,0.69697,1,2,0.114737
1,0.69697,1.1,1,0.115836
1,0.69697,1.1,2,0.0937932
1,0.707071,0.9,1,0.172216
1,0.707071,0.9,2,0.13788
1,0.707071,1,1,0.138879
1,0.707071,1,2,0.113604
1,0.707071,1.1,1,0.116169
1,0.707071,1.1,2,0.0927717
1,0.717172,0.9,1,0.175244
1,0.717172,0.9,2,0.137355
1,0.717172,1,1,0.136837
1,0.717172,1,2,0.114496
1,0.717172,1.1,1,0.115914
1,0.717172,1.1,2,0.0909692
1,0.727273,0.9,1,0.175863
1,0.727273,0.9,2,0.136041
1,0.727273,1,1,0.137415
1,0.727273,1,2,0.11371
1,0.727273,1.1,1,0.114137
1,0.727273,1.1,2,0.0907632
1,0.737374,0.9,1,0.177161
1,0.737374,0.9,2,0.135249
1,0.737374,1,1,0.137626
1,0.737374,1,2,0.112326
1,0.737374,1.1,1,0.113525
1,0.737374,1.1,2,0.0904352
1,0.747475,0.9,1,0.179304
1,0.747475,0.9,2,0.133565
1,0.747475,1,1,0.138342
1,0.747475,1,2,0.111024
1,0.747475,1.1,1,0.111668
1,0.747475,1.1,2,0.0897083
1,0.757576,0.9,1,0.182953
1,0.757576,0.9,2,0.132008
1,0.757576,1,1,0.139407
1,0.757576,1,2,0.110226
1,0.757576,1.1,1,0.110168
1,0.757576,1.1,2,0.0886519
1,0.767677,0.9,1,0.180412
1,0.767677,0.9,2,0.132853
1,0.767677,1,1,0.139024
1,0.767677,1,2,0.1101
1,0.767677,1.1,1,0.110328
1,0.767677,1.1,2,0.0882001
1,0.777778,0.9,1,0.181635
1,0.777778,0.9,2,0.135399
1,0.777778,1,1,0.138079
1,0.777778,1,2,0.110594
1,0.777778,1.1,1,0.110431
1,0.777778,1.1,2,0.0870456
1,0.787879,0.9,1,0.186508
1,0.787879,0.9,2,0.131083
1,0.787879,1,1,0.140249
1,0.787879,1,2,0.10857
1,0.787879,1.1,1,0.110116
1,0.787879,1.1,2,0.0880302
1,0.79798,0.9,1,0.183775
1,0.79798,0.9,2,0.130872
1,0.79798,1,1,0.139276
1,0.79798,1,2,0.107907
1,0.79798,1.1,1,0.109916
1,0.79798,1.1,2,0.0865901
1,0.808081,0.9,1,0.186612
1,0.808081,0.9,2,0.128973
1,0.808081,1,1,0.140233
1,0.808081,1,2,0.108167
1,0.808081,1.1,1,0.108558
1,0.808081,1.1,2,0.0863455
1,0.818182,0.9,1,0.188836
1,0.818182,0.9,2,0.126536
1,0.818182,1,1,0.140112
1,0.818182,1,2,0.106441
1,0.818182,1.1,1,0.110332
1,0.818182,1.1,2,0.0836274
1,0.828283,0.9,1,0.191778
1,0.828283,0.9,2,0.125205
1,0.828283,1,1,0.139662
1,0.828283,1,2,0.105994
1,0.828283,1.1,1,0.110092
1,0.828283,1.1,2,0.0832508
1,0.838384,0.9,1,0.193055
1,0.838384,0.9,2,0.125309
1,0.838384,1,1,0.140637
1,0.838384,1,2,0.103956
1,0.838384,1.1,1,0.109592
1,0.838384,1.1,2,0.0822083
1,0.848485,0.9,1,0.191729
1,0.848485,0.9,2,0.126483
1,0.848485,1,1,0.143739
1,0.848485,1,2,0.103763
1,0.848485,1.1,1,0.10971
1,0.848485,1.1,2,0.0809571
1,0.858586,0.9,1,0.190362
1,0.858586,0.9,2,0.125166
1,0.858586,1,1,0.144782
1,0.858586,1,2,0.100418
1,0.858586,1.1,1,0.109975
1,0.858586,1.1,2,0.0803559
1,0.868687,0.9,1,0.198614
1,0.868687,0.9,2,0.123151
1,0.868687,1,1,0.142607
1,0.868687,1,2,0.103081
1,0.868687,1.1,1,0.109605
1,0.868687,1.1,2,0.0795373
1,0.878788,0.9,1,0.2011
1,0.878788,0.9,2,0.120755
1,0.878788,1,1,0.141736
1,0.878788,1,2,0.103472
1,0.878788,1.1,1,0.110696
1,0.878788,1.1,2,0.0774005
1,0.888889,0.9,1,0.201573
1,0.888889,0.9,2,0.119811
1,0.888889,1,1,0.143001
1,0.888889,1,2,0.100672
1,0.888889,1.1,1,0.109156
1,0.888889,1.1,2,0.0778152
1,0.89899,0.9,1,0.198862
1,0.89899,0.9,2,0.119977
1,0.89899,1,1,0.143006
1,0.89899,1,2,0.101239
1,0.89899,1.1,1,0.108022
1,0.89899,1.1,2,0.0762576
1,0.909091,0.9,1,0.200907
1,0.909091,0.9,2,0.118295
1,0.909091,1,1,0.144243
1,0.909091,1,2,0.0984086
1,0.909091,1.1,1,0.106972
1,0.909091,1.1,2,0.076438
1,0.919192,0.9,1,0.205852
1,0.919192,0.9,2,0.118249
1,0.919192,1,1,0.143737
1,0.919192,1,2,0.0993844
1,0.919192,1.1,1,0.10787
1,0.919192,1.1,2,0.074607
1,0.929293,0.9,1,0.20919
1,0.929293,0.9,2,0.116297
1,0.929293,1,1,0.144109
1,0.929293,1,2,0.0984464
1,0.929293,1.1,1,0.107637
1,0.929293,1.1,2,0.0755619
1,0.939394,0.9,1,0.209662
1,0.939394,0.9,2,0.117886
1,0.939394,1,1,0.141801
1,0.939394,1,2,0.0996725
1,0.939394,1.1,1,0.106779
1,0.939394,1.1,2,0.0740729
1,0.949495,0.9,1,0.206778
1,0.949495,0.9,2,0.117459
1,0.949495,1,1,0.143643
1,0.949495,1,2,0.0967543
1,0.949495,1.1,1,0.108256
1,0.949495,1.1,2,0.0737583
1,0.959596,0.9,1,0.209125
1,0.959596,0.9,2,0.115458
1,0.959596,1,1,0.143875
1,0.959596,1,2,0.0958749
1,0.959596,1.1,1,0.107294
1,0.959596,1.1,2,0.0740463
1,0.969697,0.9,1,0.207749
1,0.969697,0.9,2,0.11528
1,0.969697,1,1,0.146905
1,0.969697,1,2,0.0962828
1,0.969697,1.1,1,0.107238
1,0.969697,1.1,2,0.0715291
1,0.979798,0.9,1,0.215466
1,0.979798,0.9,2,0.114337
1,0.979798,1,1,0.144223
1,0.979798,1,2,0.094792
1,0.979798,1.1,1,0.106148
1,0.979798,1.1,2,0.0724077
1,0.989899,0.9,1,0.213203
1,0.989899,0.9,2,0.115414
1,0.989899,1,1,0.144461
1,0.989899,1,2,0.0944429
1,0.989899,1.1,1,0.106532
1,0.989899,1.1,2,0.0713275
1,1,0.9,1,0.216296
1,1,0.9,2,0.11362
1,1,1,1,0.144482
1,1,1,2,0.0944608
1,1,1.1,1,0.105352
1,1,1.1,2,0.0711414
