omega,gamma,theta_1,firm,price
0,0,0.9,1,1.64069
0,0,0.9,2,1.64349
0,0,1,1,1.62114
0,0,1,2,1.66655
0,0,1.1,1,1.64184
0,0,1.1,2,1.64733
0,0.010101,0.9,1,1.6345
0,0.010101,0.9,2,1.67551
0,0.010101,1,1,1.62814
0,0.010101,1,2,1.66095
0,0.010101,1.1,1,1.61252
0,0.010101,1.1,2,1.66074
0,0.020202,0.9,1,1.6363
0,0.020202,0.9,2,1.67362
0,0.020202,1,1,1.63077
0,0.020202,1,2,1.65863
0,0.020202,1.1,1,1.63367
0,0.020202,1.1,2,1.6521
0,0.030303,0.9,1,1.62704
0,0.030303,0.9,2,1.66656
0,0.030303,1,1,1.63593
0,0.030303,1,2,1.657
0,0.030303,1.1,1,1.62259
0,0.030303,1.1,2,1.65472
0,0.040404,0.9,1,1.64452
0,0.040404,0.9,2,1.66415
0,0.040404,1,1,1.62553
0,0.040404,1,2,1.66398
0,0.040404,1.1,1,1.6157
0,0.040404,1.1,2,1.65346
0,0.0505051,0.9,1,1.65384
0,0.0505051,0.9,2,1.67567
0,0.0505051,1,1,1.64527
0,0.0505051,1,2,1.66545
0,0.0505051,1.1,1,1.62063
0,0.0505051,1.1,2,1.66054
0,0.0606061,0.9,1,1.66024
0,0.0606061,0.9,2,1.6657
0,0.0606061,1,1,1.64518
0,0.0606061,1,2,1.66038
0,0.0606061,1.1,1,1.63448
0,0.0606061,1.1,2,1.65085
0,0.0707071,0.9,1,1.66939
0,0.0707071,0.9,2,1.67433
0,0.0707071,1,1,1.63603
0,0.0707071,1,2,1.66477
0,0.0707071,1.1,1,1.63045
0,0.0707071,1.1,2,1.66514
0,0.0808081,0.9,1,1.66265
0,0.0808081,0.9,2,1.68143
0,0.0808081,1,1,1.66011
0,0.0808081,1,2,1.66762
0,0.0808081,1.1,1,1.62235
0,0.0808081,1.1,2,1.65145
0,0.0909091,0.9,1,1.67161
0,0.0909091,0.9,2,1.67035
0,0.0909091,1,1,1.64823
0,0.0909091,1,2,1.66445
0,0.0909091,1.1,1,1.62899
0,0.0909091,1.1,2,1.65638
0,0.10101,0.9,1,1.66918
0,0.10101,0.9,2,1.67973
0,0.10101,1,1,1.64755
0,0.10101,1,2,1.65551
0,0.10101,1.1,1,1.62812
0,0.10101,1.1,2,1.66193
0,0.111111,0.9,1,1.66991
0,0.111111,0.9,2,1.68256
0,0.111111,1,1,1.64745
0,0.111111,1,2,1.67043
0,0.111111,1.1,1,1.6245
0,0.111111,1.1,2,1.65961
0,0.121212,0.9,1,1.6693
0,0.121212,0.9,2,1.6785
0,0.121212,1,1,1.66212
0,0.121212,1,2,1.65818
0,0.121212,1.1,1,1.63462
0,0.121212,1.1,2,1.66278
0,0.131313,0.9,1,1.68974
0,0.131313,0.9,2,1.69113
0,0.131313,1,1,1.65499
0,0.131313,1,2,1.68036
0,0.131313,1.1,1,1.63133
0,0.131313,1.1,2,1.65668
0,0.141414,0.9,1,1.6823
0,0.141414,0.9,2,1.68644
0,0.141414,1,1,1.65843
0,0.141414,1,2,1.66498
0,0.141414,1.1,1,1.63693
0,0.141414,1.1,2,1.66462
0,0.151515,0.9,1,1.68817
0,0.151515,0.9,2,1.69188
0,0.151515,1,1,1.66946
0,0.151515,1,2,1.67095
0,0.151515,1.1,1,1.63252
0,0.151515,1.1,2,1.65209
0,0.161616,0.9,1,1.7031
0,0.161616,0.9,2,1.69098
0,0.161616,1,1,1.65688
0,0.161616,1,2,1.67384
0,0.161616,1.1,1,1.62897
0,0.161616,1.1,2,1.66448
0,0.171717,0.9,1,1.70373
0,0.171717,0.9,2,1.68233
0,0.171717,1,1,1.66187
0,0.171717,1,2,1.673
0,0.171717,1.1,1,1.63138
0,0.171717,1.1,2,1.65913
0,0.181818,0.9,1,1.70827
0,0.181818,0.9,2,1.68383
0,0.181818,1,1,1.67274
0,0.181818,1,2,1.67394
0,0.181818,1.1,1,1.62895
0,0.181818,1.1,2,1.65292
0,0.191919,0.9,1,1.70864
0,0.191919,0.9,2,1.69123
0,0.191919,1,1,1.67061
0,0.191919,1,2,1.67631
0,0.191919,1.1,1,1.64506
0,0.191919,1.1,2,1.6567
0,0.20202,0.9,1,1.71556
0,0.20202,0.9,2,1.69802
0,0.20202,1,1,1.66525
0,0.20202,1,2,1.67431
0,0.20202,1.1,1,1.63675
0,0.20202,1.1,2,1.66756
0,0.212121,0.9,1,1.71847
0,0.212121,0.9,2,1.71269
0,0.212121,1,1,1.65751
0,0.212121,1,2,1.69132
0,0.212121,1.1,1,1.64381
0,0.212121,1.1,2,1.65774
0,0.222222,0.9,1,1.71385
0,0.222222,0.9,2,1.70741
0,0.222222,1,1,1.6698
0,0.222222,1,2,1.67556
0,0.222222,1.1,1,1.63276
0,0.222222,1.1,2,1.66315
0,0.232323,0.9,1,1.7312
0,0.232323,0.9,2,1.68675
0,0.232323,1,1,1.67377
0,0.232323,1,2,1.68396
0,0.232323,1.1,1,1.63043
0,0.232323,1.1,2,1.67938
0,0.242424,0.9,1,1.71462
0,0.242424,0.9,2,1.6918
0,0.242424,1,1,1.68355
0,0.242424,1,2,1.67299
0,0.242424,1.1,1,1.63011
0,0.242424,1.1,2,1.65944
0,0.252525,0.9,1,1.7151
0,0.252525,0.9,2,1.70274
0,0.252525,1,1,1.67716
0,0.252525,1,2,1.68459
0,0.252525,1.1,1,1.63538
0,0.252525,1.1,2,1.66333
0,0.262626,0.9,1,1.70883
0,0.262626,0.9,2,1.68648
0,0.262626,1,1,1.67661
0,0.262626,1,2,1.68001
0,0.262626,1.1,1,1.64113
0,0.262626,1.1,2,1.66316
0,0.272727,0.9,1,1.71728
0,0.272727,0.9,2,1.69388
0,0.272727,1,1,1.6732
0,0.272727,1,2,1.69812
0,0.272727,1.1,1,1.62047
0,0.272727,1.1,2,1.66592
0,0.282828,0.9,1,1.73151
0,0.282828,0.9,2,1.68817
0,0.282828,1,1,1.67622
0,0.282828,1,2,1.70105
0,0.282828,1.1,1,1.63504
0,0.282828,1.1,2,1.67194
0,0.292929,0.9,1,1.71726
0,0.292929,0.9,2,1.70419
0,0.292929,1,1,1.68889
0,0.292929,1,2,1.68057
0,0.292929,1.1,1,1.63443
0,0.292929,1.1,2,1.66527
0,0.30303,0.9,1,1.73262
0,0.30303,0.9,2,1.69324
0,0.30303,1,1,1.68946
0,0.30303,1,2,1.67638
0,0.30303,1.1,1,1.63608
0,0.30303,1.1,2,1.66575
0,0.313131,0.9,1,1.72791
0,0.313131,0.9,2,1.69564
0,0.313131,1,1,1.68065
0,0.313131,1,2,1.68405
0,0.313131,1.1,1,1.64685
0,0.313131,1.1,2,1.66566
0,0.323232,0.9,1,1.73648
0,0.323232,0.9,2,1.69099
0,0.323232,1,1,1.6888
0,0.323232,1,2,1.68222
0,0.323232,1.1,1,1.64812
0,0.323232,1.1,2,1.66209
0,0.333333,0.9,1,1.74149
0,0.333333,0.9,2,1.68414
0,0.333333,1,1,1.68936
0,0.333333,1,2,1.68174
0,0.333333,1.1,1,1.63976
0,0.333333,1.1,2,1.67651
0,0.343434,0.9,1,1.76762
0,0.343434,0.9,2,1.67716
0,0.343434,1,1,1.68813
0,0.343434,1,2,1.67915
0,0.343434,1.1,1,1.6345
0,0.343434,1.1,2,1.66383
0,0.353535,0.9,1,1.75306
0,0.353535,0.9,2,1.67681
0,0.353535,1,1,1.6847
0,0.353535,1,2,1.69613
0,0.353535,1.1,1,1.62954
0,0.353535,1.1,2,1.67096
0,0.363636,0.9,1,1.76996
0,0.363636,0.9,2,1.66819
0,0.363636,1,1,1.69132
0,0.363636,1,2,1.6857
0,0.363636,1.1,1,1.64392
0,0.363636,1.1,2,1.66002
0,0.373737,0.9,1,1.78764
0,0.373737,0.9,2,1.66741
0,0.373737,1,1,1.69439
0,0.373737,1,2,1.67479
0,0.373737,1.1,1,1.63216
0,0.373737,1.1,2,1.67272
0,0.383838,0.9,1,1.75193
0,0.383838,0.9,2,1.67677
0,0.383838,1,1,1.70509
0,0.383838,1,2,1.67913
0,0.383838,1.1,1,1.63158
0,0.383838,1.1,2,1.66768
0,0.393939,0.9,1,1.75607
0,0.393939,0.9,2,1.67256
0,0.393939,1,1,1.71155
0,0.393939,1,2,1.66295
0,0.393939,1.1,1,1.63522
0,0.393939,1.1,2,1.67324
0,0.40404,0.9,1,1.75044
0,0.40404,0.9,2,1.67863
0,0.40404,1,1,1.71576
0,0.40404,1,2,1.664
0,0.40404,1.1,1,1.64033
0,0.40404,1.1,2,1.6577
0,0.414141,0.9,1,1.75375
0,0.414141,0.9,2,1.66634
0,0.414141,1,1,1.71203
0,0.414141,1,2,1.66233
0,0.414141,1.1,1,1.63616
0,0.414141,1.1,2,1.67337
0,0.424242,0.9,1,1.74101
0,0.424242,0.9,2,1.676
0,0.424242,1,1,1.70715
0,0.424242,1,2,1.65841
0,0.424242,1.1,1,1.65178
0,0.424242,1.1,2,1.66644
0,0.434343,0.9,1,1.74115
0,0.434343,0.9,2,1.67329
0,0.434343,1,1,1.71144
0,0.434343,1,2,1.67096
0,0.434343,1.1,1,1.64993
0,0.434343,1.1,2,1.65231
0,0.444444,0.9,1,1.72976
0,0.444444,0.9,2,1.68222
0,0.444444,1,1,1.70585
0,0.444444,1,2,1.66269
0,0.444444,1.1,1,1.64516
0,0.444444,1.1,2,1.66228
0,0.454545,0.9,1,1.73069
0,0.454545,0.9,2,1.69165
0,0.454545,1,1,1.69935
0,0.454545,1,2,1.67475
0,0.454545,1.1,1,1.65121
0,0.454545,1.1,2,1.66213
0,0.464646,0.9,1,1.7211
0,0.464646,0.9,2,1.69494
0,0.464646,1,1,1.6854
0,0.464646,1,2,1.66121
0,0.464646,1.1,1,1.65623
0,0.464646,1.1,2,1.65608
0,0.474747,0.9,1,1.7132
0,0.474747,0.9,2,1.69879
0,0.474747,1,1,1.68455
0,0.474747,1,2,1.66519
0,0.474747,1.1,1,1.65205
0,0.474747,1.1,2,1.64908
0,0.484848,0.9,1,1.71116
0,0.484848,0.9,2,1.70644
0,0.484848,1,1,1.6811
0,0.484848,1,2,1.67103
0,0.484848,1.1,1,1.64002
0,0.484848,1.1,2,1.64803
0,0.494949,0.9,1,1.70548
0,0.494949,0.9,2,1.7094
0,0.494949,1,1,1.68147
0,0.494949,1,2,1.68007
0,0.494949,1.1,1,1.65365
0,0.494949,1.1,2,1.6504
0,0.505051,0.9,1,1.69506
0,0.505051,0.9,2,1.71503
0,0.505051,1,1,1.6764
0,0.505051,1,2,1.67617
0,0.505051,1.1,1,1.64937
0,0.505051,1.1,2,1.64478
0,0.515152,0.9,1,1.70128
0,0.515152,0.9,2,1.7218
0,0.515152,1,1,1.67695
0,0.515152,1,2,1.69074
0,0.515152,1.1,1,1.64449
0,0.515152,1.1,2,1.65316
0,0.525253,0.9,1,1.70197
0,0.525253,0.9,2,1.72492
0,0.525253,1,1,1.67673
0,0.525253,1,2,1.68011
0,0.525253,1.1,1,1.63655
0,0.525253,1.1,2,1.66116
0,0.535354,0.9,1,1.70143
0,0.535354,0.9,2,1.71782
0,0.535354,1,1,1.66956
0,0.535354,1,2,1.68968
0,0.535354,1.1,1,1.6367
0,0.535354,1.1,2,1.65256
0,0.545455,0.9,1,1.70798
0,0.545455,0.9,2,1.72225
0,0.545455,1,1,1.66633
0,0.545455,1,2,1.70288
0,0.545455,1.1,1,1.63943
0,0.545455,1.1,2,1.65481
0,0.555556,0.9,1,1.71234
0,0.555556,0.9,2,1.70425
0,0.555556,1,1,1.65576
0,0.555556,1,2,1.70864
0,0.555556,1.1,1,1.62438
0,0.555556,1.1,2,1.66619
0,0.565657,0.9,1,1.72565
0,0.565657,0.9,2,1.70482
0,0.565657,1,1,1.6587
0,0.565657,1,2,1.70628
0,0.565657,1.1,1,1.61387
0,0.565657,1.1,2,1.66935
0,0.575758,0.9,1,1.72875
0,0.575758,0.9,2,1.6993
0,0.575758,1,1,1.64778
0,0.575758,1,2,1.72664
0,0.575758,1.1,1,1.61372
0,0.575758,1.1,2,1.67557
0,0.585859,0.9,1,1.72248
0,0.585859,0.9,2,1.6902
0,0.585859,1,1,1.65227
0,0.585859,1,2,1.72378
0,0.585859,1.1,1,1.61362
0,0.585859,1.1,2,1.67556
0,0.59596,0.9,1,1.7323
0,0.59596,0.9,2,1.6977
0,0.59596,1,1,1.66269
0,0.59596,1,2,1.72303
0,0.59596,1.1,1,1.61346
0,0.59596,1.1,2,1.68124
0,0.606061,0.9,1,1.7295
0,0.606061,0.9,2,1.68616
0,0.606061,1,1,1.67333
0,0.606061,1,2,1.70006
0,0.606061,1.1,1,1.61787
0,0.606061,1.1,2,1.67658
0,0.616162,0.9,1,1.73022
0,0.616162,0.9,2,1.70322
0,0.616162,1,1,1.68328
0,0.616162,1,2,1.69705
0,0.616162,1.1,1,1.60603
0,0.616162,1.1,2,1.70883
0,0.626263,0.9,1,1.71553
0,0.626263,0.9,2,1.69514
0,0.626263,1,1,1.68155
0,0.626263,1,2,1.69868
0,0.626263,1.1,1,1.61217
0,0.626263,1.1,2,1.68665
0,0.636364,0.9,1,1.73675
0,0.636364,0.9,2,1.69274
0,0.636364,1,1,1.67926
0,0.636364,1,2,1.6918
0,0.636364,1.1,1,1.60911
0,0.636364,1.1,2,1.69934
0,0.646465,0.9,1,1.7238
0,0.646465,0.9,2,1.69671
0,0.646465,1,1,1.68018
0,0.646465,1,2,1.68417
0,0.646465,1.1,1,1.60837
0,0.646465,1.1,2,1.71138
0,0.656566,0.9,1,1.71831
0,0.656566,0.9,2,1.70074
0,0.656566,1,1,1.69197
0,0.656566,1,2,1.67117
0,0.656566,1.1,1,1.61156
0,0.656566,1.1,2,1.69484
0,0.666667,0.9,1,1.72603
0,0.666667,0.9,2,1.68152
0,0.666667,1,1,1.6904
0,0.666667,1,2,1.67938
0,0.666667,1.1,1,1.62646
0,0.666667,1.1,2,1.6822
0,0.676768,0.9,1,1.72861
0,0.676768,0.9,2,1.68534
0,0.676768,1,1,1.68733
0,0.676768,1,2,1.69193
0,0.676768,1.1,1,1.62652
0,0.676768,1.1,2,1.6701
0,0.686869,0.9,1,1.71556
0,0.686869,0.9,2,1.69077
0,0.686869,1,1,1.68473
0,0.686869,1,2,1.67539
0,0.686869,1.1,1,1.63771
0,0.686869,1.1,2,1.6677
0,0.69697,0.9,1,1.71952
0,0.69697,0.9,2,1.6876
0,0.69697,1,1,1.68486
0,0.69697,1,2,1.67869
0,0.69697,1.1,1,1.63595
0,0.69697,1.1,2,1.66078
0,0.707071,0.9,1,1.7167
0,0.707071,0.9,2,1.6922
0,0.707071,1,1,1.6776
0,0.707071,1,2,1.68066
0,0.707071,1.1,1,1.64569
0,0.707071,1.1,2,1.66149
0,0.717172,0.9,1,1.71433
0,0.717172,0.9,2,1.67675
0,0.717172,1,1,1.68393
0,0.717172,1,2,1.66892
0,0.717172,1.1,1,1.62835
0,0.717172,1.1,2,1.66693
0,0.727273,0.9,1,1.72217
0,0.727273,0.9,2,1.67683
0,0.727273,1,1,1.68142
0,0.727273,1,2,1.68537
0,0.727273,1.1,1,1.64009
0,0.727273,1.1,2,1.65274
0,0.737374,0.9,1,1.70838
0,0.737374,0.9,2,1.69548
0,0.737374,1,1,1.68408
0,0.737374,1,2,1.67529
0,0.737374,1.1,1,1.64089
0,0.737374,1.1,2,1.6611
0,0.747475,0.9,1,1.71721
0,0.747475,0.9,2,1.67917
0,0.747475,1,1,1.66909
0,0.747475,1,2,1.68283
0,0.747475,1.1,1,1.63922
0,0.747475,1.1,2,1.64379
0,0.757576,0.9,1,1.71275
0,0.757576,0.9,2,1.68028
0,0.757576,1,1,1.68543
0,0.757576,1,2,1.68176
0,0.757576,1.1,1,1.64491
0,0.757576,1.1,2,1.66138
0,0.767677,0.9,1,1.7103
0,0.767677,0.9,2,1.69783
0,0.767677,1,1,1.67872
0,0.767677,1,2,1.66856
0,0.767677,1.1,1,1.62941
0,0.767677,1.1,2,1.64464
0,0.777778,0.9,1,1.70676
0,0.777778,0.9,2,1.68017
0,0.777778,1,1,1.67431
0,0.777778,1,2,1.67276
0,0.777778,1.1,1,1.63093
0,0.777778,1.1,2,1.65001
0,0.787879,0.9,1,1.70812
0,0.787879,0.9,2,1.67694
0,0.787879,1,1,1.68021
0,0.787879,1,2,1.67321
0,0.787879,1.1,1,1.64116
0,0.787879,1.1,2,1.62847
0,0.79798,0.9,1,1.70874
0,0.79798,0.9,2,1.67259
0,0.79798,1,1,1.68066
0,0.79798,1,2,1.65793
0,0.79798,1.1,1,1.62934
0,0.79798,1.1,2,1.65411
0,0.808081,0.9,1,1.70744
0,0.808081,0.9,2,1.6829
0,0.808081,1,1,1.67388
0,0.808081,1,2,1.6765
0,0.808081,1.1,1,1.62705
0,0.808081,1.1,2,1.65757
0,0.818182,0.9,1,1.70457
0,0.818182,0.9,2,1.66317
0,0.818182,1,1,1.6938
0,0.818182,1,2,1.65098
0,0.818182,1.1,1,1.60619
0,0.818182,1.1,2,1.66014
0,0.828283,0.9,1,1.70093
0,0.828283,0.9,2,1.66486
0,0.828283,1,1,1.67175
0,0.828283,1,2,1.67289
0,0.828283,1.1,1,1.63608
0,0.828283,1.1,2,1.6396
0,0.838384,0.9,1,1.69475
0,0.838384,0.9,2,1.68164
0,0.838384,1,1,1.66998
0,0.838384,1,2,1.66609
0,0.838384,1.1,1,1.62885
0,0.838384,1.1,2,1.6421
0,0.848485,0.9,1,1.6929
0,0.848485,0.9,2,1.67713
0,0.848485,1,1,1.67383
0,0.848485,1,2,1.65127
0,0.848485,1.1,1,1.62972
0,0.848485,1.1,2,1.63145
0,0.858586,0.9,1,1.69823
0,0.858586,0.9,2,1.68196
0,0.858586,1,1,1.66931
0,0.858586,1,2,1.65783
0,0.858586,1.1,1,1.61536
0,0.858586,1.1,2,1.63522
0,0.868687,0.9,1,1.70226
0,0.868687,0.9,2,1.67561
0,0.868687,1,1,1.66813
0,0.868687,1,2,1.65407
0,0.868687,1.1,1,1.62224
0,0.868687,1.1,2,1.63275
0,0.878788,0.9,1,1.69375
0,0.878788,0.9,2,1.66713
0,0.878788,1,1,1.65502
0,0.878788,1,2,1.65155
0,0.878788,1.1,1,1.62693
0,0.878788,1.1,2,1.63464
0,0.888889,0.9,1,1.69246
0,0.888889,0.9,2,1.66808
0,0.888889,1,1,1.66832
0,0.888889,1,2,1.65372
0,0.888889,1.1,1,1.61774
0,0.888889,1.1,2,1.64093
0,0.89899,0.9,1,1.7054
0,0.89899,0.9,2,1.66057
0,0.89899,1,1,1.67014
0,0.89899,1,2,1.63847
0,0.89899,1.1,1,1.61308
0,0.89899,1.1,2,1.61924
0,0.909091,0.9,1,1.70043
0,0.909091,0.9,2,1.66626
0,0.909091,1,1,1.67601
0,0.909091,1,2,1.64993
0,0.909091,1.1,1,1.6169
0,0.909091,1.1,2,1.62756
0,0.919192,0.9,1,1.69735
0,0.919192,0.9,2,1.66668
0,0.919192,1,1,1.66026
0,0.919192,1,2,1.648
0,0.919192,1.1,1,1.60763
0,0.919192,1.1,2,1.61987
0,0.929293,0.9,1,1.68312
0,0.929293,0.9,2,1.66591
0,0.929293,1,1,1.67022
0,0.929293,1,2,1.62923
0,0.929293,1.1,1,1.60491
0,0.929293,1.1,2,1.60669
0,0.939394,0.9,1,1.70124
0,0.939394,0.9,2,1.66779
0,0.939394,1,1,1.66369
0,0.939394,1,2,1.64833
0,0.939394,1.1,1,1.61908
0,0.939394,1.1,2,1.61006
0,0.949495,0.9,1,1.69406
0,0.949495,0.9,2,1.66642
0,0.949495,1,1,1.66404
0,0.949495,1,2,1.64522
0,0.949495,1.1,1,1.61101
0,0.949495,1.1,2,1.60953
0,0.959596,0.9,1,1.68255
0,0.959596,0.9,2,1.66104
0,0.959596,1,1,1.65883
0,0.959596,1,2,1.64182
0,0.959596,1.1,1,1.60812
0,0.959596,1.1,2,1.60987
0,0.969697,0.9,1,1.69011
0,0.969697,0.9,2,1.65782
0,0.969697,1,1,1.66281
0,0.969697,1,2,1.62704
0,0.969697,1.1,1,1.6144
0,0.969697,1.1,2,1.59639
0,0.979798,0.9,1,1.68839
0,0.979798,0.9,2,1.65094
0,0.979798,1,1,1.65406
0,0.979798,1,2,1.63525
0,0.979798,1.1,1,1.60813
0,0.979798,1.1,2,1.57838
0,0.989899,0.9,1,1.68812
0,0.989899,0.9,2,1.65747
0,0.989899,1,1,1.64644
0,0.989899,1,2,1.62995
0,0.989899,1.1,1,1.59159
0,0.989899,1.1,2,1.59995
0,1,0.9,1,1.69388
0,1,0.9,2,1.64749
0,1,1,1,1.65122
0,1,1,2,1.64125
0,1,1.1,1,1.59599
0,1,1.1,2,1.57669
0.8,0,0.9,1,1.64312
0.8,0,0.9,2,1.65926
0.8,0,1,1,1.64562
0.8,0,1,2,1.6654
0.8,0,1.1,1,1.63083
0.8,0,1.1,2,1.67053
0.8,0.010101,0.9,1,1.62797
0.8,0.010101,0.9,2,1.66311
0.8,0.010101,1,1,1.6279
0.8,0.010101,1,2,1.67319
0.8,0.010101,1.1,1,1.61881
0.8,0.010101,1.1,2,1.68169
0.8,0.020202,0.9,1,1.6266
0.8,0.020202,0.9,2,1.6777
0.8,0.020202,1,1,1.63309
0.8,0.020202,1,2,1.66757
0.8,0.020202,1.1,1,1.62569
0.8,0.020202,1.1,2,1.65603
0.8,0.030303,0.9,1,1.63645
0.8,0.030303,0.9,2,1.67094
0.8,0.030303,1,1,1.62998
0.8,0.030303,1,2,1.68047
0.8,0.030303,1.1,1,1.62607
0.8,0.030303,1.1,2,1.66257
0.8,0.040404,0.9,1,1.63706
0.8,0.040404,0.9,2,1.68599
0.8,0.040404,1,1,1.63581
0.8,0.040404,1,2,1.6676
0.8,0.040404,1.1,1,1.62874
0.8,0.040404,1.1,2,1.66656
0.8,0.0505051,0.9,1,1.63612
0.8,0.0505051,0.9,2,1.68255
0.8,0.0505051,1,1,1.64026
0.8,0.0505051,1,2,1.66078
0.8,0.0505051,1.1,1,1.63024
0.8,0.0505051,1.1,2,1.67348
0.8,0.0606061,0.9,1,1.6499
0.8,0.0606061,0.9,2,1.67952
0.8,0.0606061,1,1,1.62862
0.8,0.0606061,1,2,1.66636
0.8,0.0606061,1.1,1,1.62584
0.8,0.0606061,1.1,2,1.66123
0.8,0.0707071,0.9,1,1.64886
0.8,0.0707071,0.9,2,1.6767
0.8,0.0707071,1,1,1.6484
0.8,0.0707071,1,2,1.66994
0.8,0.0707071,1.1,1,1.62697
0.8,0.0707071,1.1,2,1.66588
0.8,0.0808081,0.9,1,1.647
0.8,0.0808081,0.9,2,1.68254
0.8,0.0808081,1,1,1.63474
0.8,0.0808081,1,2,1.68464
0.8,0.0808081,1.1,1,1.62094
0.8,0.0808081,1.1,2,1.66493
0.8,0.0909091,0.9,1,1.6743
0.8,0.0909091,0.9,2,1.68506
0.8,0.0909091,1,1,1.6428
0.8,0.0909091,1,2,1.67373
0.8,0.0909091,1.1,1,1.61692
0.8,0.0909091,1.1,2,1.67323
0.8,0.10101,0.9,1,1.67059
0.8,0.10101,0.9,2,1.6812
0.8,0.10101,1,1,1.64309
0.8,0.10101,1,2,1.67368
0.8,0.10101,1.1,1,1.62555
0.8,0.10101,1.1,2,1.67041
0.8,0.111111,0.9,1,1.67873
0.8,0.111111,0.9,2,1.68516
0.8,0.111111,1,1,1.64979
0.8,0.111111,1,2,1.67894
0.8,0.111111,1.1,1,1.61068
0.8,0.111111,1.1,2,1.67177
0.8,0.121212,0.9,1,1.67954
0.8,0.121212,0.9,2,1.68831
0.8,0.121212,1,1,1.65334
0.8,0.121212,1,2,1.67418
0.8,0.121212,1.1,1,1.63066
0.8,0.121212,1.1,2,1.66558
0.8,0.131313,0.9,1,1.69551
0.8,0.131313,0.9,2,1.67913
0.8,0.131313,1,1,1.64814
0.8,0.131313,1,2,1.68505
0.8,0.131313,1.1,1,1.63183
0.8,0.131313,1.1,2,1.67296
0.8,0.141414,0.9,1,1.69916
0.8,0.141414,0.9,2,1.67906
0.8,0.141414,1,1,1.6507
0.8,0.141414,1,2,1.68327
0.8,0.141414,1.1,1,1.62328
0.8,0.141414,1.1,2,1.66849
0.8,0.151515,0.9,1,1.69315
0.8,0.151515,0.9,2,1.6952
0.8,0.151515,1,1,1.67791
0.8,0.151515,1,2,1.66754
0.8,0.151515,1.1,1,1.63149
0.8,0.151515,1.1,2,1.68208
0.8,0.161616,0.9,1,1.69712
0.8,0.161616,0.9,2,1.69662
0.8,0.161616,1,1,1.66594
0.8,0.161616,1,2,1.66713
0.8,0.161616,1.1,1,1.62557
0.8,0.161616,1.1,2,1.68939
0.8,0.171717,0.9,1,1.69752
0.8,0.171717,0.9,2,1.69027
0.8,0.171717,1,1,1.66076
0.8,0.171717,1,2,1.6798
0.8,0.171717,1.1,1,1.63591
0.8,0.171717,1.1,2,1.6755
0.8,0.181818,0.9,1,1.69701
0.8,0.181818,0.9,2,1.69183
0.8,0.181818,1,1,1.66893
0.8,0.181818,1,2,1.674
0.8,0.181818,1.1,1,1.62539
0.8,0.181818,1.1,2,1.68052
0.8,0.191919,0.9,1,1.71175
0.8,0.191919,0.9,2,1.70307
0.8,0.191919,1,1,1.66022
0.8,0.191919,1,2,1.69188
0.8,0.191919,1.1,1,1.62905
0.8,0.191919,1.1,2,1.67451
0.8,0.20202,0.9,1,1.71281
0.8,0.20202,0.9,2,1.69315
0.8,0.20202,1,1,1.68609
0.8,0.20202,1,2,1.68062
0.8,0.20202,1.1,1,1.64158
0.8,0.20202,1.1,2,1.67277
0.8,0.212121,0.9,1,1.71333
0.8,0.212121,0.9,2,1.70132
0.8,0.212121,1,1,1.6741
0.8,0.212121,1,2,1.68879
0.8,0.212121,1.1,1,1.64543
0.8,0.212121,1.1,2,1.67764
0.8,0.222222,0.9,1,1.7271
0.8,0.222222,0.9,2,1.68987
0.8,0.222222,1,1,1.66847
0.8,0.222222,1,2,1.68239
0.8,0.222222,1.1,1,1.63029
0.8,0.222222,1.1,2,1.6785
0.8,0.232323,0.9,1,1.71521
0.8,0.232323,0.9,2,1.70116
0.8,0.232323,1,1,1.67771
0.8,0.232323,1,2,1.69405
0.8,0.232323,1.1,1,1.6279
0.8,0.232323,1.1,2,1.6716
0.8,0.242424,0.9,1,1.70538
0.8,0.242424,0.9,2,1.69355
0.8,0.242424,1,1,1.68367
0.8,0.242424,1,2,1.68529
0.8,0.242424,1.1,1,1.63674
0.8,0.242424,1.1,2,1.67804
0.8,0.252525,0.9,1,1.72152
0.8,0.252525,0.9,2,1.69362
0.8,0.252525,1,1,1.68335
0.8,0.252525,1,2,1.69062
0.8,0.252525,1.1,1,1.62606
0.8,0.252525,1.1,2,1.67037
0.8,0.262626,0.9,1,1.73341
0.8,0.262626,0.9,2,1.70002
0.8,0.262626,1,1,1.68281
0.8,0.262626,1,2,1.68216
0.8,0.262626,1.1,1,1.64274
0.8,0.262626,1.1,2,1.67656
0.8,0.272727,0.9,1,1.73323
0.8,0.272727,0.9,2,1.70091
0.8,0.272727,1,1,1.69104
0.8,0.272727,1,2,1.68576
0.8,0.272727,1.1,1,1.63489
0.8,0.272727,1.1,2,1.70071
0.8,0.282828,0.9,1,1.73072
0.8,0.282828,0.9,2,1.7021
0.8,0.282828,1,1,1.67985
0.8,0.282828,1,2,1.6834
0.8,0.282828,1.1,1,1.64543
0.8,0.282828,1.1,2,1.68617
0.8,0.292929,0.9,1,1.74352
0.8,0.292929,0.9,2,1.69623
0.8,0.292929,1,1,1.68661
0.8,0.292929,1,2,1.69783
0.8,0.292929,1.1,1,1.63317
0.8,0.292929,1.1,2,1.68783
0.8,0.30303,0.9,1,1.75247
0.8,0.30303,0.9,2,1.69741
0.8,0.30303,1,1,1.68211
0.8,0.30303,1,2,1.68909
0.8,0.30303,1.1,1,1.64297
0.8,0.30303,1.1,2,1.67297
0.8,0.313131,0.9,1,1.77601
0.8,0.313131,0.9,2,1.68121
0.8,0.313131,1,1,1.68844
0.8,0.313131,1,2,1.69879
0.8,0.313131,1.1,1,1.63036
0.8,0.313131,1.1,2,1.69694
0.8,0.323232,0.9,1,1.78319
0.8,0.323232,0.9,2,1.68137
0.8,0.323232,1,1,1.67994
0.8,0.323232,1,2,1.69868
0.8,0.323232,1.1,1,1.63949
0.8,0.323232,1.1,2,1.68044
0.8,0.333333,0.9,1,1.79753
0.8,0.333333,0.9,2,1.67151
0.8,0.333333,1,1,1.68462
0.8,0.333333,1,2,1.68715
0.8,0.333333,1.1,1,1.63243
0.8,0.333333,1.1,2,1.68632
0.8,0.343434,0.9,1,1.81062
0.8,0.343434,0.9,2,1.66304
0.8,0.343434,1,1,1.6981
0.8,0.343434,1,2,1.6885
0.8,0.343434,1.1,1,1.64201
0.8,0.343434,1.1,2,1.67372
0.8,0.353535,0.9,1,1.80656
0.8,0.353535,0.9,2,1.66437
0.8,0.353535,1,1,1.69525
0.8,0.353535,1,2,1.68962
0.8,0.353535,1.1,1,1.64483
0.8,0.353535,1.1,2,1.67665
0.8,0.363636,0.9,1,1.80513
0.8,0.363636,0.9,2,1.66342
0.8,0.363636,1,1,1.70928
0.8,0.363636,1,2,1.67953
0.8,0.363636,1.1,1,1.65238
0.8,0.363636,1.1,2,1.68233
0.8,0.373737,0.9,1,1.80924
0.8,0.373737,0.9,2,1.65753
0.8,0.373737,1,1,1.70295
0.8,0.373737,1,2,1.69141
0.8,0.373737,1.1,1,1.64367
0.8,0.373737,1.1,2,1.68416
0.8,0.383838,0.9,1,1.80659
0.8,0.383838,0.9,2,1.67095
0.8,0.383838,1,1,1.71862
0.8,0.383838,1,2,1.68075
0.8,0.383838,1.1,1,1.6348
0.8,0.383838,1.1,2,1.6903
0.8,0.393939,0.9,1,1.77724
0.8,0.393939,0.9,2,1.68196
0.8,0.393939,1,1,1.72509
0.8,0.393939,1,2,1.68029
0.8,0.393939,1.1,1,1.64823
0.8,0.393939,1.1,2,1.68045
0.8,0.40404,0.9,1,1.79212
0.8,0.40404,0.9,2,1.67373
0.8,0.40404,1,1,1.72192
0.8,0.40404,1,2,1.6613
0.8,0.40404,1.1,1,1.63798
0.8,0.40404,1.1,2,1.68173
0.8,0.414141,0.9,1,1.77193
0.8,0.414141,0.9,2,1.67305
0.8,0.414141,1,1,1.73425
0.8,0.414141,1,2,1.6574
0.8,0.414141,1.1,1,1.65158
0.8,0.414141,1.1,2,1.67653
0.8,0.424242,0.9,1,1.76104
0.8,0.424242,0.9,2,1.68181
0.8,0.424242,1,1,1.73739
0.8,0.424242,1,2,1.66679
0.8,0.424242,1.1,1,1.6451
0.8,0.424242,1.1,2,1.68261
0.8,0.434343,0.9,1,1.7829
0.8,0.434343,0.9,2,1.67926
0.8,0.434343,1,1,1.71622
0.8,0.434343,1,2,1.67987
0.8,0.434343,1.1,1,1.66167
0.8,0.434343,1.1,2,1.67377
0.8,0.444444,0.9,1,1.76049
0.8,0.444444,0.9,2,1.69671
0.8,0.444444,1,1,1.71968
0.8,0.444444,1,2,1.68332
0.8,0.444444,1.1,1,1.65061
0.8,0.444444,1.1,2,1.68107
0.8,0.454545,0.9,1,1.76489
0.8,0.454545,0.9,2,1.68603
0.8,0.454545,1,1,1.71573
0.8,0.454545,1,2,1.66463
0.8,0.454545,1.1,1,1.66129
0.8,0.454545,1.1,2,1.67555
0.8,0.464646,0.9,1,1.7534
0.8,0.464646,0.9,2,1.6946
0.8,0.464646,1,1,1.70526
0.8,0.464646,1,2,1.68305
0.8,0.464646,1.1,1,1.65122
0.8,0.464646,1.1,2,1.68202
0.8,0.474747,0.9,1,1.7398
0.8,0.474747,0.9,2,1.70043
0.8,0.474747,1,1,1.70614
0.8,0.474747,1,2,1.68965
0.8,0.474747,1.1,1,1.6696
0.8,0.474747,1.1,2,1.65942
0.8,0.484848,0.9,1,1.74618
0.8,0.484848,0.9,2,1.71355
0.8,0.484848,1,1,1.69606
0.8,0.484848,1,2,1.68763
0.8,0.484848,1.1,1,1.65646
0.8,0.484848,1.1,2,1.66678
0.8,0.494949,0.9,1,1.73305
0.8,0.494949,0.9,2,1.72053
0.8,0.494949,1,1,1.69261
0.8,0.494949,1,2,1.68635
0.8,0.494949,1.1,1,1.6457
0.8,0.494949,1.1,2,1.67911
0.8,0.505051,0.9,1,1.73653
0.8,0.505051,0.9,2,1.71535
0.8,0.505051,1,1,1.6891
0.8,0.505051,1,2,1.70434
0.8,0.505051,1.1,1,1.66045
0.8,0.505051,1.1,2,1.67013
0.8,0.515152,0.9,1,1.72797
0.8,0.515152,0.9,2,1.72488
0.8,0.515152,1,1,1.68343
0.8,0.515152,1,2,1.69976
0.8,0.515152,1.1,1,1.6486
0.8,0.515152,1.1,2,1.68576
0.8,0.525253,0.9,1,1.73141
0.8,0.525253,0.9,2,1.72118
0.8,0.525253,1,1,1.67444
0.8,0.525253,1,2,1.7083
0.8,0.525253,1.1,1,1.65481
0.8,0.525253,1.1,2,1.67164
0.8,0.535354,0.9,1,1.73366
0.8,0.535354,0.9,2,1.71556
0.8,0.535354,1,1,1.68429
0.8,0.535354,1,2,1.70963
0.8,0.535354,1.1,1,1.64162
0.8,0.535354,1.1,2,1.66967
0.8,0.545455,0.9,1,1.74842
0.8,0.545455,0.9,2,1.71903
0.8,0.545455,1,1,1.67934
0.8,0.545455,1,2,1.7047
0.8,0.545455,1.1,1,1.63832
0.8,0.545455,1.1,2,1.68183
0.8,0.555556,0.9,1,1.76073
0.8,0.555556,0.9,2,1.70607
0.8,0.555556,1,1,1.6841
0.8,0.555556,1,2,1.71354
0.8,0.555556,1.1,1,1.62293
0.8,0.555556,1.1,2,1.69717
0.8,0.565657,0.9,1,1.73699
0.8,0.565657,0.9,2,1.71472
0.8,0.565657,1,1,1.67503
0.8,0.565657,1,2,1.71721
0.8,0.565657,1.1,1,1.62773
0.8,0.565657,1.1,2,1.69703
0.8,0.575758,0.9,1,1.75265
0.8,0.575758,0.9,2,1.71492
0.8,0.575758,1,1,1.66746
0.8,0.575758,1,2,1.72909
0.8,0.575758,1.1,1,1.61589
0.8,0.575758,1.1,2,1.69456
0.8,0.585859,0.9,1,1.74915
0.8,0.585859,0.9,2,1.70432
0.8,0.585859,1,1,1.67033
0.8,0.585859,1,2,1.7275
0.8,0.585859,1.1,1,1.61935
0.8,0.585859,1.1,2,1.6938
0.8,0.59596,0.9,1,1.75128
0.8,0.59596,0.9,2,1.68849
0.8,0.59596,1,1,1.66572
0.8,0.59596,1,2,1.72689
0.8,0.59596,1.1,1,1.61743
0.8,0.59596,1.1,2,1.70715
0.8,0.606061,0.9,1,1.7503
0.8,0.606061,0.9,2,1.70075
0.8,0.606061,1,1,1.68862
0.8,0.606061,1,2,1.72523
0.8,0.606061,1.1,1,1.6069
0.8,0.606061,1.1,2,1.71482
0.8,0.616162,0.9,1,1.75215
0.8,0.616162,0.9,2,1.69107
0.8,0.616162,1,1,1.66766
0.8,0.616162,1,2,1.71931
0.8,0.616162,1.1,1,1.61725
0.8,0.616162,1.1,2,1.70109
0.8,0.626263,0.9,1,1.7491
0.8,0.626263,0.9,2,1.68324
0.8,0.626263,1,1,1.68352
0.8,0.626263,1,2,1.70054
0.8,0.626263,1.1,1,1.61769
0.8,0.626263,1.1,2,1.70938
0.8,0.636364,0.9,1,1.7534
0.8,0.636364,0.9,2,1.69296
0.8,0.636364,1,1,1.67893
0.8,0.636364,1,2,1.71061
0.8,0.636364,1.1,1,1.61824
0.8,0.636364,1.1,2,1.71097
0.8,0.646465,0.9,1,1.74035
0.8,0.646465,0.9,2,1.69634
0.8,0.646465,1,1,1.70411
0.8,0.646465,1,2,1.69794
0.8,0.646465,1.1,1,1.61683
0.8,0.646465,1.1,2,1.72208
0.8,0.656566,0.9,1,1.74579
0.8,0.656566,0.9,2,1.67769
0.8,0.656566,1,1,1.68888
0.8,0.656566,1,2,1.69378
0.8,0.656566,1.1,1,1.61737
0.8,0.656566,1.1,2,1.73074
0.8,0.666667,0.9,1,1.74437
0.8,0.666667,0.9,2,1.68961
0.8,0.666667,1,1,1.68529
0.8,0.666667,1,2,1.70263
0.8,0.666667,1.1,1,1.61496
0.8,0.666667,1.1,2,1.72185
0.8,0.676768,0.9,1,1.73852
0.8,0.676768,0.9,2,1.6924
0.8,0.676768,1,1,1.70099
0.8,0.676768,1,2,1.68544
0.8,0.676768,1.1,1,1.63311
0.8,0.676768,1.1,2,1.6983
0.8,0.686869,0.9,1,1.74851
0.8,0.686869,0.9,2,1.69625
0.8,0.686869,1,1,1.69332
0.8,0.686869,1,2,1.68474
0.8,0.686869,1.1,1,1.62088
0.8,0.686869,1.1,2,1.6994
0.8,0.69697,0.9,1,1.74808
0.8,0.69697,0.9,2,1.69453
0.8,0.69697,1,1,1.69691
0.8,0.69697,1,2,1.68172
0.8,0.69697,1.1,1,1.65048
0.8,0.69697,1.1,2,1.67639
0.8,0.707071,0.9,1,1.74286
0.8,0.707071,0.9,2,1.68013
0.8,0.707071,1,1,1.68754
0.8,0.707071,1,2,1.67733
0.8,0.707071,1.1,1,1.63363
0.8,0.707071,1.1,2,1.67738
0.8,0.717172,0.9,1,1.74354
0.8,0.717172,0.9,2,1.6931
0.8,0.717172,1,1,1.69678
0.8,0.717172,1,2,1.67823
0.8,0.717172,1.1,1,1.63575
0.8,0.717172,1.1,2,1.66176
0.8,0.727273,0.9,1,1.75604
0.8,0.727273,0.9,2,1.67922
0.8,0.727273,1,1,1.69236
0.8,0.727273,1,2,1.68778
0.8,0.727273,1.1,1,1.63712
0.8,0.727273,1.1,2,1.66381
0.8,0.737374,0.9,1,1.73141
0.8,0.737374,0.9,2,1.68058
0.8,0.737374,1,1,1.69357
0.8,0.737374,1,2,1.67615
0.8,0.737374,1.1,1,1.64663
0.8,0.737374,1.1,2,1.6597
0.8,0.747475,0.9,1,1.73779
0.8,0.747475,0.9,2,1.68702
0.8,0.747475,1,1,1.70097
0.8,0.747475,1,2,1.67439
0.8,0.747475,1.1,1,1.64094
0.8,0.747475,1.1,2,1.66309
0.8,0.757576,0.9,1,1.73104
0.8,0.757576,0.9,2,1.69208
0.8,0.757576,1,1,1.69134
0.8,0.757576,1,2,1.66561
0.8,0.757576,1.1,1,1.62906
0.8,0.757576,1.1,2,1.66609
0.8,0.767677,0.9,1,1.73484
0.8,0.767677,0.9,2,1.68913
0.8,0.767677,1,1,1.69668
0.8,0.767677,1,2,1.66671
0.8,0.767677,1.1,1,1.63434
0.8,0.767677,1.1,2,1.65795
0.8,0.777778,0.9,1,1.74135
0.8,0.777778,0.9,2,1.68774
0.8,0.777778,1,1,1.68763
0.8,0.777778,1,2,1.6708
0.8,0.777778,1.1,1,1.63491
0.8,0.777778,1.1,2,1.64141
0.8,0.787879,0.9,1,1.72323
0.8,0.787879,0.9,2,1.68143
0.8,0.787879,1,1,1.68431
0.8,0.787879,1,2,1.66849
0.8,0.787879,1.1,1,1.636
0.8,0.787879,1.1,2,1.65473
0.8,0.79798,0.9,1,1.72669
0.8,0.79798,0.9,2,1.68108
0.8,0.79798,1,1,1.68289
0.8,0.79798,1,2,1.67073
0.8,0.79798,1.1,1,1.63413
0.8,0.79798,1.1,2,1.64786
0.8,0.808081,0.9,1,1.7393
0.8,0.808081,0.9,2,1.68006
0.8,0.808081,1,1,1.68049
0.8,0.808081,1,2,1.65758
0.8,0.808081,1.1,1,1.63078
0.8,0.808081,1.1,2,1.64187
0.8,0.818182,0.9,1,1.73544
0.8,0.818182,0.9,2,1.6737
0.8,0.818182,1,1,1.69674
0.8,0.818182,1,2,1.66628
0.8,0.818182,1.1,1,1.63084
0.8,0.818182,1.1,2,1.63854
0.8,0.828283,0.9,1,1.72234
0.8,0.828283,0.9,2,1.69084
0.8,0.828283,1,1,1.68167
0.8,0.828283,1,2,1.67286
0.8,0.828283,1.1,1,1.62907
0.8,0.828283,1.1,2,1.63425
0.8,0.838384,0.9,1,1.7212
0.8,0.838384,0.9,2,1.68161
0.8,0.838384,1,1,1.67672
0.8,0.838384,1,2,1.662
0.8,0.838384,1.1,1,1.64413
0.8,0.838384,1.1,2,1.63798
0.8,0.848485,0.9,1,1.71428
0.8,0.848485,0.9,2,1.66366
0.8,0.848485,1,1,1.68677
0.8,0.848485,1,2,1.65446
0.8,0.848485,1.1,1,1.63472
0.8,0.848485,1.1,2,1.63338
0.8,0.858586,0.9,1,1.72036
0.8,0.858586,0.9,2,1.66521
0.8,0.858586,1,1,1.67485
0.8,0.858586,1,2,1.64973
0.8,0.858586,1.1,1,1.63285
0.8,0.858586,1.1,2,1.62526
0.8,0.868687,0.9,1,1.71337
0.8,0.868687,0.9,2,1.6546
0.8,0.868687,1,1,1.67187
0.8,0.868687,1,2,1.65003
0.8,0.868687,1.1,1,1.62282
0.8,0.868687,1.1,2,1.62899
0.8,0.878788,0.9,1,1.70627
0.8,0.878788,0.9,2,1.67922
0.8,0.878788,1,1,1.68237
0.8,0.878788,1,2,1.64769
0.8,0.878788,1.1,1,1.63579
0.8,0.878788,1.1,2,1.62015
0.8,0.888889,0.9,1,1.71419
0.8,0.888889,0.9,2,1.66309
0.8,0.888889,1,1,1.66744
0.8,0.888889,1,2,1.6627
0.8,0.888889,1.1,1,1.62529
0.8,0.888889,1.1,2,1.62907
0.8,0.89899,0.9,1,1.71964
0.8,0.89899,0.9,2,1.65935
0.8,0.89899,1,1,1.67333
0.8,0.89899,1,2,1.6517
0.8,0.89899,1.1,1,1.62023
0.8,0.89899,1.1,2,1.62314
0.8,0.909091,0.9,1,1.71108
0.8,0.909091,0.9,2,1.65258
0.8,0.909091,1,1,1.67882
0.8,0.909091,1,2,1.63901
0.8,0.909091,1.1,1,1.62089
0.8,0.909091,1.1,2,1.60923
0.8,0.919192,0.9,1,1.70704
0.8,0.919192,0.9,2,1.65503
0.8,0.919192,1,1,1.67514
0.8,0.919192,1,2,1.63673
0.8,0.919192,1.1,1,1.6272
0.8,0.919192,1.1,2,1.61149
0.8,0.929293,0.9,1,1.70761
0.8,0.929293,0.9,2,1.66146
0.8,0.929293,1,1,1.66635
0.8,0.929293,1,2,1.63258
0.8,0.929293,1.1,1,1.62804
0.8,0.929293,1.1,2,1.60547
0.8,0.939394,0.9,1,1.7047
0.8,0.939394,0.9,2,1.65136
0.8,0.939394,1,1,1.66924
0.8,0.939394,1,2,1.63654
0.8,0.939394,1.1,1,1.61933
0.8,0.939394,1.1,2,1.60844
0.8,0.949495,0.9,1,1.71699
0.8,0.949495,0.9,2,1.6614
0.8,0.949495,1,1,1.66703
0.8,0.949495,1,2,1.63392
0.8,0.949495,1.1,1,1.62944
0.8,0.949495,1.1,2,1.60583
0.8,0.959596,0.9,1,1.70649
0.8,0.959596,0.9,2,1.65412
0.8,0.959596,1,1,1.67267
0.8,0.959596,1,2,1.65304
0.8,0.959596,1.1,1,1.6154
0.8,0.959596,1.1,2,1.59207
0.8,0.969697,0.9,1,1.70535
0.8,0.969697,0.9,2,1.65789
0.8,0.969697,1,1,1.67166
0.8,0.969697,1,2,1.63474
0.8,0.969697,1.1,1,1.62676
0.8,0.969697,1.1,2,1.5999
0.8,0.979798,0.9,1,1.70882
0.8,0.979798,0.9,2,1.65046
0.8,0.979798,1,1,1.66646
0.8,0.979798,1,2,1.64307
0.8,0.979798,1.1,1,1.61489
0.8,0.979798,1.1,2,1.58157
0.8,0.989899,0.9,1,1.71034
0.8,0.989899,0.9,2,1.65923
0.8,0.989899,1,1,1.66215
0.8,0.989899,1,2,1.63499
0.8,0.989899,1.1,1,1.61532
0.8,0.989899,1.1,2,1.5899
0.8,1,0.9,1,1.71771
0.8,1,0.9,2,1.65352
0.8,1,1,1,1.67304
0.8,1,1,2,1.63495
0.8,1,1.1,1,1.62602
0.8,1,1.1,2,1.58662
1,0,0.9,1,1.63185
1,0,0.9,2,1.7322
1,0,1,1,1.65438
1,0,1,2,1.73146
1,0,1.1,1,1.63175
1,0,1.1,2,1.73236
1,0.010101,0.9,1,1.66688
1,0.010101,0.9,2,1.72929
1,0.010101,1,1,1.64578
1,0.010101,1,2,1.71818
1,0.010101,1.1,1,1.65172
1,0.010101,1.1,2,1.71888
1,0.020202,0.9,1,1.65036
1,0.020202,0.9,2,1.7148
1,0.020202,1,1,1.64733
1,0.020202,1,2,1.7221
1,0.020202,1.1,1,1.64759
1,0.020202,1.1,2,1.72517
1,0.030303,0.9,1,1.65278
1,0.030303,0.9,2,1.71959
1,0.030303,1,1,1.66874
1,0.030303,1,2,1.7245
1,0.030303,1.1,1,1.64351
1,0.030303,1.1,2,1.71107
1,0.040404,0.9,1,1.65906
1,0.040404,0.9,2,1.7301
1,0.040404,1,1,1.64726
1,0.040404,1,2,1.72806
1,0.040404,1.1,1,1.64364
1,0.040404,1.1,2,1.71471
1,0.0505051,0.9,1,1.6672
1,0.0505051,0.9,2,1.7383
1,0.0505051,1,1,1.65489
1,0.0505051,1,2,1.71954
1,0.0505051,1.1,1,1.64563
1,0.0505051,1.1,2,1.72354
1,0.0606061,0.9,1,1.66702
1,0.0606061,0.9,2,1.72911
1,0.0606061,1,1,1.65611
1,0.0606061,1,2,1.71129
1,0.0606061,1.1,1,1.65101
1,0.0606061,1.1,2,1.71177
1,0.0707071,0.9,1,1.68275
1,0.0707071,0.9,2,1.72753
1,0.0707071,1,1,1.65109
1,0.0707071,1,2,1.72186
1,0.0707071,1.1,1,1.65111
1,0.0707071,1.1,2,1.71422
1,0.0808081,0.9,1,1.68756
1,0.0808081,0.9,2,1.73681
1,0.0808081,1,1,1.66831
1,0.0808081,1,2,1.72306
1,0.0808081,1.1,1,1.63451
1,0.0808081,1.1,2,1.69916
1,0.0909091,0.9,1,1.68419
1,0.0909091,0.9,2,1.73494
1,0.0909091,1,1,1.67225
1,0.0909091,1,2,1.71538
1,0.0909091,1.1,1,1.63925
1,0.0909091,1.1,2,1.72577
1,0.10101,0.9,1,1.68232
1,0.10101,0.9,2,1.73194
1,0.10101,1,1,1.66561
1,0.10101,1,2,1.726
1,0.10101,1.1,1,1.63892
1,0.10101,1.1,2,1.71994
1,0.111111,0.9,1,1.69509
1,0.111111,0.9,2,1.72406
1,0.111111,1,1,1.65884
1,0.111111,1,2,1.7168
1,0.111111,1.1,1,1.65374
1,0.111111,1.1,2,1.71536
1,0.121212,0.9,1,1.69856
1,0.121212,0.9,2,1.72833
1,0.121212,1,1,1.66885
1,0.121212,1,2,1.7297
1,0.121212,1.1,1,1.6375
1,0.121212,1.1,2,1.70741
1,0.131313,0.9,1,1.69045
1,0.131313,0.9,2,1.72529
1,0.131313,1,1,1.68216
1,0.131313,1,2,1.72295
1,0.131313,1.1,1,1.65255
1,0.131313,1.1,2,1.71731
1,0.141414,0.9,1,1.70265
1,0.141414,0.9,2,1.73305
1,0.141414,1,1,1.6761
1,0.141414,1,2,1.71327
1,0.141414,1.1,1,1.6481
1,0.141414,1.1,2,1.70531
1,0.151515,0.9,1,1.70305
1,0.151515,0.9,2,1.73358
1,0.151515,1,1,1.67622
1,0.151515,1,2,1.72793
1,0.151515,1.1,1,1.63673
1,0.151515,1.1,2,1.72291
1,0.161616,0.9,1,1.71216
1,0.161616,0.9,2,1.73501
1,0.161616,1,1,1.67619
1,0.161616,1,2,1.72894
1,0.161616,1.1,1,1.65365
1,0.161616,1.1,2,1.70802
1,0.171717,0.9,1,1.71149
1,0.171717,0.9,2,1.73645
1,0.171717,1,1,1.68157
1,0.171717,1,2,1.71971
1,0.171717,1.1,1,1.64539
1,0.171717,1.1,2,1.71379
1,0.181818,0.9,1,1.71467
1,0.181818,0.9,2,1.73355
1,0.181818,1,1,1.67177
1,0.181818,1,2,1.71775
1,0.181818,1.1,1,1.6392
1,0.181818,1.1,2,1.7093
1,0.191919,0.9,1,1.73095
1,0.191919,0.9,2,1.72362
1,0.191919,1,1,1.67161
1,0.191919,1,2,1.7248
1,0.191919,1.1,1,1.6477
1,0.191919,1.1,2,1.71449
1,0.20202,0.9,1,1.72211
1,0.20202,0.9,2,1.74245
1,0.20202,1,1,1.69534
1,0.20202,1,2,1.7239
1,0.20202,1.1,1,1.64603
1,0.20202,1.1,2,1.7109
1,0.212121,0.9,1,1.7359
1,0.212121,0.9,2,1.74715
1,0.212121,1,1,1.68051
1,0.212121,1,2,1.72454
1,0.212121,1.1,1,1.65807
1,0.212121,1.1,2,1.71398
1,0.222222,0.9,1,1.73944
1,0.222222,0.9,2,1.72952
1,0.222222,1,1,1.70408
1,0.222222,1,2,1.71678
1,0.222222,1.1,1,1.64991
1,0.222222,1.1,2,1.71979
1,0.232323,0.9,1,1.74548
1,0.232323,0.9,2,1.73251
1,0.232323,1,1,1.68699
1,0.232323,1,2,1.7226
1,0.232323,1.1,1,1.63997
1,0.232323,1.1,2,1.71232
1,0.242424,0.9,1,1.74867
1,0.242424,0.9,2,1.73615
1,0.242424,1,1,1.69235
1,0.242424,1,2,1.72527
1,0.242424,1.1,1,1.65202
1,0.242424,1.1,2,1.71805
1,0.252525,0.9,1,1.75846
1,0.252525,0.9,2,1.74573
1,0.252525,1,1,1.68901
1,0.252525,1,2,1.73715
1,0.252525,1.1,1,1.64662
1,0.252525,1.1,2,1.71419
1,0.262626,0.9,1,1.77046
1,0.262626,0.9,2,1.73753
1,0.262626,1,1,1.68355
1,0.262626,1,2,1.7214
1,0.262626,1.1,1,1.65372
1,0.262626,1.1,2,1.71761
1,0.272727,0.9,1,1.78044
1,0.272727,0.9,2,1.74535
1,0.272727,1,1,1.69791
1,0.272727,1,2,1.7231
1,0.272727,1.1,1,1.64021
1,0.272727,1.1,2,1.71269
1,0.282828,0.9,1,1.7841
1,0.282828,0.9,2,1.74381
1,0.282828,1,1,1.69973
1,0.282828,1,2,1.71889
1,0.282828,1.1,1,1.64061
1,0.282828,1.1,2,1.72427
1,0.292929,0.9,1,1.80374
1,0.292929,0.9,2,1.73525
1,0.292929,1,1,1.70353
1,0.292929,1,2,1.72758
1,0.292929,1.1,1,1.65383
1,0.292929,1.1,2,1.7168
1,0.30303,0.9,1,1.79339
1,0.30303,0.9,2,1.74227
1,0.30303,1,1,1.69722
1,0.30303,1,2,1.7286
1,0.30303,1.1,1,1.64769
1,0.30303,1.1,2,1.70279
1,0.313131,0.9,1,1.81428
1,0.313131,0.9,2,1.74099
1,0.313131,1,1,1.70911
1,0.313131,1,2,1.72521
1,0.313131,1.1,1,1.64797
1,0.313131,1.1,2,1.71497
1,0.323232,0.9,1,1.8232
1,0.323232,0.9,2,1.74643
1,0.323232,1,1,1.69084
1,0.323232,1,2,1.72273
1,0.323232,1.1,1,1.65512
1,0.323232,1.1,2,1.71101
1,0.333333,0.9,1,1.84444
1,0.333333,0.9,2,1.75251
1,0.333333,1,1,1.71101
1,0.333333,1,2,1.72238
1,0.333333,1.1,1,1.65692
1,0.333333,1.1,2,1.71315
1,0.343434,0.9,1,1.85226
1,0.343434,0.9,2,1.7505
1,0.343434,1,1,1.7303
1,0.343434,1,2,1.71948
1,0.343434,1.1,1,1.65229
1,0.343434,1.1,2,1.71287
1,0.353535,0.9,1,1.83858
1,0.353535,0.9,2,1.74779
1,0.353535,1,1,1.71705
1,0.353535,1,2,1.72941
1,0.353535,1.1,1,1.65937
1,0.353535,1.1,2,1.71024
1,0.363636,0.9,1,1.86094
1,0.363636,0.9,2,1.73982
1,0.363636,1,1,1.72068
1,0.363636,1,2,1.73563
1,0.363636,1.1,1,1.66412
1,0.363636,1.1,2,1.70841
1,0.373737,0.9,1,1.84841
1,0.373737,0.9,2,1.7455
1,0.373737,1,1,1.72585
1,0.373737,1,2,1.7307
1,0.373737,1.1,1,1.65103
1,0.373737,1.1,2,1.71591
1,0.383838,0.9,1,1.84221
1,0.383838,0.9,2,1.75063
1,0.383838,1,1,1.74842
1,0.383838,1,2,1.72964
1,0.383838,1.1,1,1.65422
1,0.383838,1.1,2,1.7103
1,0.393939,0.9,1,1.836
1,0.393939,0.9,2,1.75255
1,0.393939,1,1,1.73906
1,0.393939,1,2,1.73829
1,0.393939,1.1,1,1.64925
1,0.393939,1.1,2,1.71994
1,0.40404,0.9,1,1.82989
1,0.40404,0.9,2,1.75744
1,0.40404,1,1,1.74573
1,0.40404,1,2,1.7263
1,0.40404,1.1,1,1.66229
1,0.40404,1.1,2,1.7199
1,0.414141,0.9,1,1.83206
1,0.414141,0.9,2,1.75331
1,0.414141,1,1,1.76091
1,0.414141,1,2,1.71874
1,0.414141,1.1,1,1.6535
1,0.414141,1.1,2,1.71139
1,0.424242,0.9,1,1.844
1,0.424242,0.9,2,1.75287
1,0.424242,1,1,1.75926
1,0.424242,1,2,1.72821
1,0.424242,1.1,1,1.66418
1,0.424242,1.1,2,1.71685
1,0.434343,0.9,1,1.82836
1,0.434343,0.9,2,1.76358
1,0.434343,1,1,1.75411
1,0.434343,1,2,1.72427
1,0.434343,1.1,1,1.66782
1,0.434343,1.1,2,1.71488
1,0.444444,0.9,1,1.83739
1,0.444444,0.9,2,1.74991
1,0.444444,1,1,1.7531
1,0.444444,1,2,1.72619
1,0.444444,1.1,1,1.66514
1,0.444444,1.1,2,1.71845
1,0.454545,0.9,1,1.83047
1,0.454545,0.9,2,1.759
1,0.454545,1,1,1.74966
1,0.454545,1,2,1.71914
1,0.454545,1.1,1,1.68052
1,0.454545,1.1,2,1.71971
1,0.464646,0.9,1,1.82971
1,0.464646,0.9,2,1.77066
1,0.464646,1,1,1.75032
1,0.464646,1,2,1.7253
1,0.464646,1.1,1,1.67209
1,0.464646,1.1,2,1.72332
1,0.474747,0.9,1,1.8403
1,0.474747,0.9,2,1.76168
1,0.474747,1,1,1.7477
1,0.474747,1,2,1.71911
1,0.474747,1.1,1,1.67872
1,0.474747,1.1,2,1.71609
1,0.484848,0.9,1,1.84089
1,0.484848,0.9,2,1.77027
1,0.484848,1,1,1.72008
1,0.484848,1,2,1.73023
1,0.484848,1.1,1,1.67287
1,0.484848,1.1,2,1.72481
1,0.494949,0.9,1,1.85016
1,0.494949,0.9,2,1.77324
1,0.494949,1,1,1.72875
1,0.494949,1,2,1.72928
1,0.494949,1.1,1,1.66518
1,0.494949,1.1,2,1.71692
1,0.505051,0.9,1,1.82098
1,0.505051,0.9,2,1.77283
1,0.505051,1,1,1.73088
1,0.505051,1,2,1.73078
1,0.505051,1.1,1,1.68033
1,0.505051,1.1,2,1.71805
1,0.515152,0.9,1,1.84404
1,0.515152,0.9,2,1.7739
1,0.515152,1,1,1.72321
1,0.515152,1,2,1.74797
1,0.515152,1.1,1,1.68298
1,0.515152,1.1,2,1.71313
1,0.525253,0.9,1,1.83935
1,0.525253,0.9,2,1.77136
1,0.525253,1,1,1.73625
1,0.525253,1,2,1.72864
1,0.525253,1.1,1,1.66937
1,0.525253,1.1,2,1.71892
1,0.535354,0.9,1,1.8373
1,0.535354,0.9,2,1.78346
1,0.535354,1,1,1.7278
1,0.535354,1,2,1.74399
1,0.535354,1.1,1,1.65997
1,0.535354,1.1,2,1.71544
1,0.545455,0.9,1,1.83341
1,0.545455,0.9,2,1.77489
1,0.545455,1,1,1.72064
1,0.545455,1,2,1.75135
1,0.545455,1.1,1,1.66563
1,0.545455,1.1,2,1.72041
1,0.555556,0.9,1,1.82687
1,0.555556,0.9,2,1.76783
1,0.555556,1,1,1.72569
1,0.555556,1,2,1.75792
1,0.555556,1.1,1,1.65952
1,0.555556,1.1,2,1.72379
1,0.565657,0.9,1,1.83803
1,0.565657,0.9,2,1.76825
1,0.565657,1,1,1.734
1,0.565657,1,2,1.75369
1,0.565657,1.1,1,1.65979
1,0.565657,1.1,2,1.72837
1,0.575758,0.9,1,1.84702
1,0.575758,0.9,2,1.77024
1,0.575758,1,1,1.72484
1,0.575758,1,2,1.74638
1,0.575758,1.1,1,1.66149
1,0.575758,1.1,2,1.73027
1,0.585859,0.9,1,1.839
1,0.585859,0.9,2,1.75794
1,0.585859,1,1,1.72775
1,0.585859,1,2,1.74846
1,0.585859,1.1,1,1.65743
1,0.585859,1.1,2,1.72427
1,0.59596,0.9,1,1.83313
1,0.59596,0.9,2,1.75625
1,0.59596,1,1,1.72968
1,0.59596,1,2,1.7501
1,0.59596,1.1,1,1.64117
1,0.59596,1.1,2,1.73666
1,0.606061,0.9,1,1.83991
1,0.606061,0.9,2,1.75803
1,0.606061,1,1,1.73442
1,0.606061,1,2,1.73701
1,0.606061,1.1,1,1.64642
1,0.606061,1.1,2,1.73942
1,0.616162,0.9,1,1.82593
1,0.616162,0.9,2,1.74143
1,0.616162,1,1,1.72964
1,0.616162,1,2,1.74778
1,0.616162,1.1,1,1.64252
1,0.616162,1.1,2,1.72465
1,0.626263,0.9,1,1.82934
1,0.626263,0.9,2,1.74575
1,0.626263,1,1,1.72389
1,0.626263,1,2,1.73835
1,0.626263,1.1,1,1.65366
1,0.626263,1.1,2,1.73042
1,0.636364,0.9,1,1.83456
1,0.636364,0.9,2,1.73946
1,0.636364,1,1,1.73636
1,0.636364,1,2,1.72735
1,0.636364,1.1,1,1.64458
1,0.636364,1.1,2,1.74302
1,0.646465,0.9,1,1.81155
1,0.646465,0.9,2,1.73156
1,0.646465,1,1,1.71778
1,0.646465,1,2,1.72536
1,0.646465,1.1,1,1.65107
1,0.646465,1.1,2,1.73325
1,0.656566,0.9,1,1.82316
1,0.656566,0.9,2,1.7399
1,0.656566,1,1,1.73245
1,0.656566,1,2,1.71344
1,0.656566,1.1,1,1.65757
1,0.656566,1.1,2,1.73073
1,0.666667,0.9,1,1.82747
1,0.666667,0.9,2,1.73945
1,0.666667,1,1,1.72491
1,0.666667,1,2,1.70761
1,0.666667,1.1,1,1.64718
1,0.666667,1.1,2,1.72531
1,0.676768,0.9,1,1.83785
1,0.676768,0.9,2,1.73056
1,0.676768,1,1,1.71939
1,0.676768,1,2,1.70193
1,0.676768,1.1,1,1.65817
1,0.676768,1.1,2,1.71192
1,0.686869,0.9,1,1.82554
1,0.686869,0.9,2,1.73375
1,0.686869,1,1,1.71464
1,0.686869,1,2,1.7064
1,0.686869,1.1,1,1.66343
1,0.686869,1.1,2,1.72135
1,0.69697,0.9,1,1.8244
1,0.69697,0.9,2,1.73781
1,0.69697,1,1,1.72717
1,0.69697,1,2,1.70717
1,0.69697,1.1,1,1.65966
1,0.69697,1.1,2,1.70034
1,0.707071,0.9,1,1.81726
1,0.707071,0.9,2,1.7241
1,0.707071,1,1,1.73287
1,0.707071,1,2,1.69776
1,0.707071,1.1,1,1.65256
1,0.707071,1.1,2,1.69769
1,0.717172,0.9,1,1.83353
1,0.717172,0.9,2,1.72478
1,0.717172,1,1,1.73336
1,0.717172,1,2,1.70166
1,0.717172,1.1,1,1.66181
1,0.717172,1.1,2,1.68498
1,0.727273,0.9,1,1.83167
1,0.727273,0.9,2,1.71432
1,0.727273,1,1,1.7236
1,0.727273,1,2,1.69222
1,0.727273,1.1,1,1.6625
1,0.727273,1.1,2,1.67546
1,0.737374,0.9,1,1.84148
1,0.737374,0.9,2,1.71266
1,0.737374,1,1,1.73457
1,0.737374,1,2,1.6921
1,0.737374,1.1,1,1.65829
1,0.737374,1.1,2,1.67351
1,0.747475,0.9,1,1.83383
1,0.747475,0.9,2,1.71628
1,0.747475,1,1,1.73327
1,0.747475,1,2,1.68063
1,0.747475,1.1,1,1.65728
1,0.747475,1.1,2,1.67388
1,0.757576,0.9,1,1.84273
1,0.757576,0.9,2,1.71355
1,0.757576,1,1,1.71803
1,0.757576,1,2,1.68254
1,0.757576,1.1,1,1.655
1,0.757576,1.1,2,1.66174
1,0.767677,0.9,1,1.84842
1,0.767677,0.9,2,1.71575
1,0.767677,1,1,1.72592
1,0.767677,1,2,1.68299
1,0.767677,1.1,1,1.66121
1,0.767677,1.1,2,1.66014
1,0.777778,0.9,1,1.83065
1,0.777778,0.9,2,1.71995
1,0.777778,1,1,1.71747
1,0.777778,1,2,1.68073
1,0.777778,1.1,1,1.65285
1,0.777778,1.1,2,1.65878
1,0.787879,0.9,1,1.83779
1,0.787879,0.9,2,1.72348
1,0.787879,1,1,1.73683
1,0.787879,1,2,1.67484
1,0.787879,1.1,1,1.64735
1,0.787879,1.1,2,1.66872
1,0.79798,0.9,1,1.83365
1,0.79798,0.9,2,1.72317
1,0.79798,1,1,1.72995
1,0.79798,1,2,1.66415
1,0.79798,1.1,1,1.65173
1,0.79798,1.1,2,1.6629
1,0.808081,0.9,1,1.83607
1,0.808081,0.9,2,1.73204
1,0.808081,1,1,1.72368
1,0.808081,1,2,1.67891
1,0.808081,1.1,1,1.64836
1,0.808081,1.1,2,1.65594
1,0.818182,0.9,1,1.83967
1,0.818182,0.9,2,1.69991
1,0.818182,1,1,1.74332
1,0.818182,1,2,1.67603
1,0.818182,1.1,1,1.64762
1,0.818182,1.1,2,1.63786
1,0.828283,0.9,1,1.83441
1,0.828283,0.9,2,1.71546
1,0.828283,1,1,1.72022
1,0.828283,1,2,1.67819
1,0.828283,1.1,1,1.648
1,0.828283,1.1,2,1.64378
1,0.838384,0.9,1,1.84652
1,0.838384,0.9,2,1.70752
1,0.838384,1,1,1.72056
1,0.838384,1,2,1.66536
1,0.838384,1.1,1,1.66395
1,0.838384,1.1,2,1.64402
1,0.848485,0.9,1,1.84554
1,0.848485,0.9,2,1.71886
1,0.848485,1,1,1.72805
1,0.848485,1,2,1.66295
1,0.848485,1.1,1,1.65112
1,0.848485,1.1,2,1.6333
1,0.858586,0.9,1,1.84503
1,0.858586,0.9,2,1.71972
1,0.858586,1,1,1.71081
1,0.858586,1,2,1.66855
1,0.858586,1.1,1,1.64994
1,0.858586,1.1,2,1.63565
1,0.868687,0.9,1,1.84852
1,0.868687,0.9,2,1.71469
1,0.868687,1,1,1.72729
1,0.868687,1,2,1.67006
1,0.868687,1.1,1,1.65348
1,0.868687,1.1,2,1.64607
1,0.878788,0.9,1,1.83442
1,0.878788,0.9,2,1.71129
1,0.878788,1,1,1.71461
1,0.878788,1,2,1.68374
1,0.878788,1.1,1,1.64514
1,0.878788,1.1,2,1.64092
1,0.888889,0.9,1,1.85163
1,0.888889,0.9,2,1.7025
1,0.888889,1,1,1.7205
1,0.888889,1,2,1.67048
1,0.888889,1.1,1,1.65085
1,0.888889,1.1,2,1.64668
1,0.89899,0.9,1,1.8389
1,0.89899,0.9,2,1.71355
1,0.89899,1,1,1.72593
1,0.89899,1,2,1.65342
1,0.89899,1.1,1,1.65523
1,0.89899,1.1,2,1.62099
1,0.909091,0.9,1,1.84634
1,0.909091,0.9,2,1.72089
1,0.909091,1,1,1.72639
1,0.909091,1,2,1.66477
1,0.909091,1.1,1,1.6513
1,0.909091,1.1,2,1.61649
1,0.919192,0.9,1,1.85031
1,0.919192,0.9,2,1.70277
1,0.919192,1,1,1.71272
1,0.919192,1,2,1.66735
1,0.919192,1.1,1,1.6442
1,0.919192,1.1,2,1.61735
1,0.929293,0.9,1,1.8478
1,0.929293,0.9,2,1.71971
1,0.929293,1,1,1.72046
1,0.929293,1,2,1.65253
1,0.929293,1.1,1,1.64972
1,0.929293,1.1,2,1.61194
1,0.939394,0.9,1,1.84482
1,0.939394,0.9,2,1.72654
1,0.939394,1,1,1.72131
1,0.939394,1,2,1.65063
1,0.939394,1.1,1,1.64354
1,0.939394,1.1,2,1.62074
1,0.949495,0.9,1,1.84468
1,0.949495,0.9,2,1.71326
1,0.949495,1,1,1.72425
1,0.949495,1,2,1.65548
1,0.949495,1.1,1,1.66074
1,0.949495,1.1,2,1.60346
1,0.959596,0.9,1,1.86321
1,0.959596,0.9,2,1.71448
1,0.959596,1,1,1.72854
1,0.959596,1,2,1.63487
1,0.959596,1.1,1,1.64575
1,0.959596,1.1,2,1.61727
1,0.969697,0.9,1,1.85608
1,0.969697,0.9,2,1.71624
1,0.969697,1,1,1.7236
1,0.969697,1,2,1.65138
1,0.969697,1.1,1,1.64365
1,0.969697,1.1,2,1.5972
1,0.979798,0.9,1,1.85271
1,0.979798,0.9,2,1.73096
1,0.979798,1,1,1.71599
1,0.979798,1,2,1.66562
1,0.979798,1.1,1,1.64074
1,0.979798,1.1,2,1.5974
1,0.989899,0.9,1,1.85786
1,0.989899,0.9,2,1.71983
1,0.989899,1,1,1.73277
1,0.989899,1,2,1.65201
1,0.989899,1.1,1,1.6315
1,0.989899,1.1,2,1.59341
1,1,0.9,1,1.85131
1,1,0.9,2,1.72497
1,1,1,1,1.72328
1,1,1,2,1.64066
1,1,1.1,1,1.652
1,1,1.1,2,1.58141
