omega,gamma,theta_1,action,Count
0,0,0.9,1,0.217867
0,0,0.9,2,0.236019
0,0,0.9,3,0.234877
0,0,0.9,4,0.311237
0,0,1,1,0.280358
0,0,1,2,0.302405
0,0,1,3,0.183928
0,0,1,4,0.233309
0,0,1.1,1,0.232454
0,0,1.1,2,0.26586
0,0,1.1,3,0.232094
0,0,1.1,4,0.269591
0,0.010101,0.9,1,0.259402
0,0.010101,0.9,2,0.253654
0,0.010101,0.9,3,0.200686
0,0.010101,0.9,4,0.286257
0,0.010101,1,1,0.209535
0,0.010101,1,2,0.270944
0,0.010101,1,3,0.23015
0,0.010101,1,4,0.28937
0,0.010101,1.1,1,0.222261
0,0.010101,1.1,2,0.273065
0,0.010101,1.1,3,0.221769
0,0.010101,1.1,4,0.282905
0,0.020202,0.9,1,0.22165
0,0.020202,0.9,2,0.250955
0,0.020202,0.9,3,0.254286
0,0.020202,0.9,4,0.273109
0,0.020202,1,1,0.280315
0,0.020202,1,2,0.283504
0,0.020202,1,3,0.178446
0,0.020202,1,4,0.257735
0,0.020202,1.1,1,0.252333
0,0.020202,1.1,2,0.266514
0,0.020202,1.1,3,0.2031
0,0.020202,1.1,4,0.278053
0,0.030303,0.9,1,0.247113
0,0.030303,0.9,2,0.264507
0,0.030303,0.9,3,0.198925
0,0.030303,0.9,4,0.289456
0,0.030303,1,1,0.243091
0,0.030303,1,2,0.256972
0,0.030303,1,3,0.225254
0,0.030303,1,4,0.274683
0,0.030303,1.1,1,0.247945
0,0.030303,1.1,2,0.283929
0,0.030303,1.1,3,0.206756
0,0.030303,1.1,4,0.261369
0,0.040404,0.9,1,0.277126
0,0.040404,0.9,2,0.297392
0,0.040404,0.9,3,0.187058
0,0.040404,0.9,4,0.238424
0,0.040404,1,1,0.257943
0,0.040404,1,2,0.249462
0,0.040404,1,3,0.194376
0,0.040404,1,4,0.298219
0,0.040404,1.1,1,0.21305
0,0.040404,1.1,2,0.275361
0,0.040404,1.1,3,0.228369
0,0.040404,1.1,4,0.28322
0,0.0505051,0.9,1,0.228524
0,0.0505051,0.9,2,0.288694
0,0.0505051,0.9,3,0.219008
0,0.0505051,0.9,4,0.263774
0,0.0505051,1,1,0.263362
0,0.0505051,1,2,0.302727
0,0.0505051,1,3,0.175873
0,0.0505051,1,4,0.258038
0,0.0505051,1.1,1,0.268377
0,0.0505051,1.1,2,0.285389
0,0.0505051,1.1,3,0.186956
0,0.0505051,1.1,4,0.259278
0,0.0606061,0.9,1,0.246904
0,0.0606061,0.9,2,0.306849
0,0.0606061,0.9,3,0.211314
0,0.0606061,0.9,4,0.234933
0,0.0606061,1,1,0.237627
0,0.0606061,1,2,0.270431
0,0.0606061,1,3,0.220672
0,0.0606061,1,4,0.27127
0,0.0606061,1.1,1,0.266553
0,0.0606061,1.1,2,0.310229
0,0.0606061,1.1,3,0.179919
0,0.0606061,1.1,4,0.243299
0,0.0707071,0.9,1,0.260798
0,0.0707071,0.9,2,0.35659
0,0.0707071,0.9,3,0.181025
0,0.0707071,0.9,4,0.201587
0,0.0707071,1,1,0.262319
0,0.0707071,1,2,0.336297
0,0.0707071,1,3,0.170846
0,0.0707071,1,4,0.230537
0,0.0707071,1.1,1,0.297336
0,0.0707071,1.1,2,0.292096
0,0.0707071,1.1,3,0.151395
0,0.0707071,1.1,4,0.259172
0,0.0808081,0.9,1,0.273917
0,0.0808081,0.9,2,0.31162
0,0.0808081,0.9,3,0.187484
0,0.0808081,0.9,4,0.226978
0,0.0808081,1,1,0.295823
0,0.0808081,1,2,0.306804
0,0.0808081,1,3,0.141334
0,0.0808081,1,4,0.256039
0,0.0808081,1.1,1,0.278395
0,0.0808081,1.1,2,0.266375
0,0.0808081,1.1,3,0.170209
0,0.0808081,1.1,4,0.285021
0,0.0909091,0.9,1,0.316522
0,0.0909091,0.9,2,0.312584
0,0.0909091,0.9,3,0.113573
0,0.0909091,0.9,4,0.25732
0,0.0909091,1,1,0.295953
0,0.0909091,1,2,0.286747
0,0.0909091,1,3,0.1352
0,0.0909091,1,4,0.2821
0,0.0909091,1.1,1,0.300476
0,0.0909091,1.1,2,0.340319
0,0.0909091,1.1,3,0.13644
0,0.0909091,1.1,4,0.222766
0,0.10101,0.9,1,0.265227
0,0.10101,0.9,2,0.347969
0,0.10101,0.9,3,0.171021
0,0.10101,0.9,4,0.215782
0,0.10101,1,1,0.258756
0,0.10101,1,2,0.279964
0,0.10101,1,3,0.192275
0,0.10101,1,4,0.269005
0,0.10101,1.1,1,0.284697
0,0.10101,1.1,2,0.302835
0,0.10101,1.1,3,0.150788
0,0.10101,1.1,4,0.26168
0,0.111111,0.9,1,0.29418
0,0.111111,0.9,2,0.395234
0,0.111111,0.9,3,0.128479
0,0.111111,0.9,4,0.182107
0,0.111111,1,1,0.296753
0,0.111111,1,2,0.284034
0,0.111111,1,3,0.150614
0,0.111111,1,4,0.268599
0,0.111111,1.1,1,0.292891
0,0.111111,1.1,2,0.357709
0,0.111111,1.1,3,0.142349
0,0.111111,1.1,4,0.207051
0,0.121212,0.9,1,0.278319
0,0.121212,0.9,2,0.354976
0,0.121212,0.9,3,0.153623
0,0.121212,0.9,4,0.213082
0,0.121212,1,1,0.266414
0,0.121212,1,2,0.292961
0,0.121212,1,3,0.158487
0,0.121212,1,4,0.282139
0,0.121212,1.1,1,0.315816
0,0.121212,1.1,2,0.28706
0,0.121212,1.1,3,0.13515
0,0.121212,1.1,4,0.261974
0,0.131313,0.9,1,0.320546
0,0.131313,0.9,2,0.325021
0,0.131313,0.9,3,0.0954425
0,0.131313,0.9,4,0.25899
0,0.131313,1,1,0.297837
0,0.131313,1,2,0.317145
0,0.131313,1,3,0.134721
0,0.131313,1,4,0.250297
0,0.131313,1.1,1,0.286071
0,0.131313,1.1,2,0.301104
0,0.131313,1.1,3,0.154795
0,0.131313,1.1,4,0.258029
0,0.141414,0.9,1,0.310205
0,0.141414,0.9,2,0.346421
0,0.141414,0.9,3,0.117977
0,0.141414,0.9,4,0.225397
0,0.141414,1,1,0.28397
0,0.141414,1,2,0.397511
0,0.141414,1,3,0.142736
0,0.141414,1,4,0.175783
0,0.141414,1.1,1,0.290066
0,0.141414,1.1,2,0.350261
0,0.141414,1.1,3,0.135763
0,0.141414,1.1,4,0.22391
0,0.151515,0.9,1,0.291929
0,0.151515,0.9,2,0.386522
0,0.151515,0.9,3,0.133585
0,0.151515,0.9,4,0.187964
0,0.151515,1,1,0.296446
0,0.151515,1,2,0.426767
0,0.151515,1,3,0.108674
0,0.151515,1,4,0.168113
0,0.151515,1.1,1,0.298969
0,0.151515,1.1,2,0.327703
0,0.151515,1.1,3,0.135251
0,0.151515,1.1,4,0.238077
0,0.161616,0.9,1,0.305634
0,0.161616,0.9,2,0.417484
0,0.161616,0.9,3,0.100881
0,0.161616,0.9,4,0.176001
0,0.161616,1,1,0.308839
0,0.161616,1,2,0.366341
0,0.161616,1,3,0.110505
0,0.161616,1,4,0.214314
0,0.161616,1.1,1,0.318244
0,0.161616,1.1,2,0.347681
0,0.161616,1.1,3,0.110422
0,0.161616,1.1,4,0.223653
0,0.171717,0.9,1,0.301248
0,0.171717,0.9,2,0.363769
0,0.171717,0.9,3,0.117418
0,0.171717,0.9,4,0.217565
0,0.171717,1,1,0.294064
0,0.171717,1,2,0.373649
0,0.171717,1,3,0.122909
0,0.171717,1,4,0.209378
0,0.171717,1.1,1,0.292957
0,0.171717,1.1,2,0.373467
0,0.171717,1.1,3,0.144496
0,0.171717,1.1,4,0.18908
0,0.181818,0.9,1,0.297631
0,0.181818,0.9,2,0.427848
0,0.181818,0.9,3,0.0892451
0,0.181818,0.9,4,0.185276
0,0.181818,1,1,0.307842
0,0.181818,1,2,0.400676
0,0.181818,1,3,0.0950014
0,0.181818,1,4,0.196481
0,0.181818,1.1,1,0.325509
0,0.181818,1.1,2,0.366268
0,0.181818,1.1,3,0.104234
0,0.181818,1.1,4,0.20399
0,0.191919,0.9,1,0.291411
0,0.191919,0.9,2,0.404328
0,0.191919,0.9,3,0.111345
0,0.191919,0.9,4,0.192916
0,0.191919,1,1,0.325641
0,0.191919,1,2,0.395401
0,0.191919,1,3,0.0817474
0,0.191919,1,4,0.197211
0,0.191919,1.1,1,0.34338
0,0.191919,1.1,2,0.31811
0,0.191919,1.1,3,0.0893907
0,0.191919,1.1,4,0.249119
0,0.20202,0.9,1,0.298934
0,0.20202,0.9,2,0.441012
0,0.20202,0.9,3,0.0762831
0,0.20202,0.9,4,0.183771
0,0.20202,1,1,0.316989
0,0.20202,1,2,0.463677
0,0.20202,1,3,0.0612651
0,0.20202,1,4,0.158069
0,0.20202,1.1,1,0.305904
0,0.20202,1.1,2,0.413656
0,0.20202,1.1,3,0.0910376
0,0.20202,1.1,4,0.189402
0,0.212121,0.9,1,0.305538
0,0.212121,0.9,2,0.391868
0,0.212121,0.9,3,0.0819443
0,0.212121,0.9,4,0.22065
0,0.212121,1,1,0.323169
0,0.212121,1,2,0.371297
0,0.212121,1,3,0.0863166
0,0.212121,1,4,0.219218
0,0.212121,1.1,1,0.344492
0,0.212121,1.1,2,0.378066
0,0.212121,1.1,3,0.0639231
0,0.212121,1.1,4,0.213519
0,0.222222,0.9,1,0.322424
0,0.222222,0.9,2,0.428376
0,0.222222,0.9,3,0.0543532
0,0.222222,0.9,4,0.194846
0,0.222222,1,1,0.326241
0,0.222222,1,2,0.379491
0,0.222222,1,3,0.0745919
0,0.222222,1,4,0.219676
0,0.222222,1.1,1,0.312447
0,0.222222,1.1,2,0.366727
0,0.222222,1.1,3,0.101022
0,0.222222,1.1,4,0.219804
0,0.232323,0.9,1,0.30141
0,0.232323,0.9,2,0.448529
0,0.232323,0.9,3,0.0682647
0,0.232323,0.9,4,0.181796
0,0.232323,1,1,0.292976
0,0.232323,1,2,0.43087
0,0.232323,1,3,0.086739
0,0.232323,1,4,0.189415
0,0.232323,1.1,1,0.33512
0,0.232323,1.1,2,0.412094
0,0.232323,1.1,3,0.0762488
0,0.232323,1.1,4,0.176537
0,0.242424,0.9,1,0.3009
0,0.242424,0.9,2,0.429176
0,0.242424,0.9,3,0.0665034
0,0.242424,0.9,4,0.203421
0,0.242424,1,1,0.317537
0,0.242424,1,2,0.44942
0,0.242424,1,3,0.0606995
0,0.242424,1,4,0.172344
0,0.242424,1.1,1,0.318207
0,0.242424,1.1,2,0.383091
0,0.242424,1.1,3,0.103717
0,0.242424,1.1,4,0.194986
0,0.252525,0.9,1,0.301175
0,0.252525,0.9,2,0.443878
0,0.252525,0.9,3,0.0618371
0,0.252525,0.9,4,0.19311
0,0.252525,1,1,0.327269
0,0.252525,1,2,0.426005
0,0.252525,1,3,0.0486512
0,0.252525,1,4,0.198075
0,0.252525,1.1,1,0.316842
0,0.252525,1.1,2,0.389271
0,0.252525,1.1,3,0.0854577
0,0.252525,1.1,4,0.208429
0,0.262626,0.9,1,0.305227
0,0.262626,0.9,2,0.415644
0,0.262626,0.9,3,0.0750455
0,0.262626,0.9,4,0.204083
0,0.262626,1,1,0.306141
0,0.262626,1,2,0.461875
0,0.262626,1,3,0.0584567
0,0.262626,1,4,0.173528
0,0.262626,1.1,1,0.291535
0,0.262626,1.1,2,0.433476
0,0.262626,1.1,3,0.0954421
0,0.262626,1.1,4,0.179546
0,0.272727,0.9,1,0.280958
0,0.272727,0.9,2,0.488177
0,0.272727,0.9,3,0.0639357
0,0.272727,0.9,4,0.166929
0,0.272727,1,1,0.297785
0,0.272727,1,2,0.425532
0,0.272727,1,3,0.0852666
0,0.272727,1,4,0.191416
0,0.272727,1.1,1,0.309381
0,0.272727,1.1,2,0.448125
0,0.272727,1.1,3,0.0738081
0,0.272727,1.1,4,0.168686
0,0.282828,0.9,1,0.28882
0,0.282828,0.9,2,0.472727
0,0.282828,0.9,3,0.0530986
0,0.282828,0.9,4,0.185354
0,0.282828,1,1,0.321117
0,0.282828,1,2,0.450401
0,0.282828,1,3,0.0390943
0,0.282828,1,4,0.189387
0,0.282828,1.1,1,0.314212
0,0.282828,1.1,2,0.420837
0,0.282828,1.1,3,0.0743083
0,0.282828,1.1,4,0.190643
0,0.292929,0.9,1,0.295757
0,0.292929,0.9,2,0.444407
0,0.292929,0.9,3,0.050319
0,0.292929,0.9,4,0.209516
0,0.292929,1,1,0.324322
0,0.292929,1,2,0.426562
0,0.292929,1,3,0.0402097
0,0.292929,1,4,0.208907
0,0.292929,1.1,1,0.337392
0,0.292929,1.1,2,0.39156
0,0.292929,1.1,3,0.0582812
0,0.292929,1.1,4,0.212767
0,0.30303,0.9,1,0.303934
0,0.30303,0.9,2,0.450142
0,0.30303,0.9,3,0.0350177
0,0.30303,0.9,4,0.210905
0,0.30303,1,1,0.325879
0,0.30303,1,2,0.414856
0,0.30303,1,3,0.044124
0,0.30303,1,4,0.215141
0,0.30303,1.1,1,0.322179
0,0.30303,1.1,2,0.46792
0,0.30303,1.1,3,0.0575362
0,0.30303,1.1,4,0.152365
0,0.313131,0.9,1,0.273426
0,0.313131,0.9,2,0.458671
0,0.313131,0.9,3,0.0506359
0,0.313131,0.9,4,0.217267
0,0.313131,1,1,0.3127
0,0.313131,1,2,0.413878
0,0.313131,1,3,0.0525857
0,0.313131,1,4,0.220837
0,0.313131,1.1,1,0.315068
0,0.313131,1.1,2,0.449136
0,0.313131,1.1,3,0.0575947
0,0.313131,1.1,4,0.178201
0,0.323232,0.9,1,0.283836
0,0.323232,0.9,2,0.434731
0,0.323232,0.9,3,0.0446324
0,0.323232,0.9,4,0.236801
0,0.323232,1,1,0.305314
0,0.323232,1,2,0.436209
0,0.323232,1,3,0.0448347
0,0.323232,1,4,0.213643
0,0.323232,1.1,1,0.311965
0,0.323232,1.1,2,0.436082
0,0.323232,1.1,3,0.0581885
0,0.323232,1.1,4,0.193764
0,0.333333,0.9,1,0.237067
0,0.333333,0.9,2,0.524363
0,0.333333,0.9,3,0.0441878
0,0.333333,0.9,4,0.194382
0,0.333333,1,1,0.288723
0,0.333333,1,2,0.433979
0,0.333333,1,3,0.0535379
0,0.333333,1,4,0.22376
0,0.333333,1.1,1,0.325738
0,0.333333,1.1,2,0.404255
0,0.333333,1.1,3,0.0612988
0,0.333333,1.1,4,0.208708
0,0.343434,0.9,1,0.216711
0,0.343434,0.9,2,0.56051
0,0.343434,0.9,3,0.0397071
0,0.343434,0.9,4,0.183072
0,0.343434,1,1,0.289195
0,0.343434,1,2,0.44828
0,0.343434,1,3,0.0567644
0,0.343434,1,4,0.20576
0,0.343434,1.1,1,0.296095
0,0.343434,1.1,2,0.45912
0,0.343434,1.1,3,0.0588153
0,0.343434,1.1,4,0.18597
0,0.353535,0.9,1,0.216468
0,0.353535,0.9,2,0.549936
0,0.353535,0.9,3,0.0465779
0,0.353535,0.9,4,0.187018
0,0.353535,1,1,0.287619
0,0.353535,1,2,0.43512
0,0.353535,1,3,0.0671034
0,0.353535,1,4,0.210158
0,0.353535,1.1,1,0.273994
0,0.353535,1.1,2,0.476667
0,0.353535,1.1,3,0.089384
0,0.353535,1.1,4,0.159956
0,0.363636,0.9,1,0.173353
0,0.363636,0.9,2,0.65672
0,0.363636,0.9,3,0.0196951
0,0.363636,0.9,4,0.150232
0,0.363636,1,1,0.266361
0,0.363636,1,2,0.46532
0,0.363636,1,3,0.055164
0,0.363636,1,4,0.213155
0,0.363636,1.1,1,0.312507
0,0.363636,1.1,2,0.424466
0,0.363636,1.1,3,0.0556039
0,0.363636,1.1,4,0.207423
0,0.373737,0.9,1,0.160724
0,0.373737,0.9,2,0.678821
0,0.373737,0.9,3,0.0120085
0,0.373737,0.9,4,0.148447
0,0.373737,1,1,0.25623
0,0.373737,1,2,0.494481
0,0.373737,1,3,0.0390269
0,0.373737,1,4,0.210262
0,0.373737,1.1,1,0.319424
0,0.373737,1.1,2,0.39821
0,0.373737,1.1,3,0.0594366
0,0.373737,1.1,4,0.222929
0,0.383838,0.9,1,0.163505
0,0.383838,0.9,2,0.647593
0,0.383838,0.9,3,0.0244111
0,0.383838,0.9,4,0.164491
0,0.383838,1,1,0.252913
0,0.383838,1,2,0.498726
0,0.383838,1,3,0.037562
0,0.383838,1,4,0.210799
0,0.383838,1.1,1,0.305896
0,0.383838,1.1,2,0.417851
0,0.383838,1.1,3,0.0657015
0,0.383838,1.1,4,0.210551
0,0.393939,0.9,1,0.150402
0,0.393939,0.9,2,0.684099
0,0.393939,0.9,3,0.0184152
0,0.393939,0.9,4,0.147084
0,0.393939,1,1,0.235423
0,0.393939,1,2,0.505617
0,0.393939,1,3,0.0404324
0,0.393939,1,4,0.218528
0,0.393939,1.1,1,0.283288
0,0.393939,1.1,2,0.488883
0,0.393939,1.1,3,0.0642488
0,0.393939,1.1,4,0.163581
0,0.40404,0.9,1,0.157923
0,0.40404,0.9,2,0.671747
0,0.40404,0.9,3,0.0165725
0,0.40404,0.9,4,0.153757
0,0.40404,1,1,0.224907
0,0.40404,1,2,0.551173
0,0.40404,1,3,0.0370308
0,0.40404,1,4,0.186889
0,0.40404,1.1,1,0.300602
0,0.40404,1.1,2,0.422879
0,0.40404,1.1,3,0.0614874
0,0.40404,1.1,4,0.215032
0,0.414141,0.9,1,0.110053
0,0.414141,0.9,2,0.768046
0,0.414141,0.9,3,0.0120879
0,0.414141,0.9,4,0.109813
0,0.414141,1,1,0.19884
0,0.414141,1,2,0.61745
0,0.414141,1,3,0.0128275
0,0.414141,1,4,0.170882
0,0.414141,1.1,1,0.287286
0,0.414141,1.1,2,0.428192
0,0.414141,1.1,3,0.0666821
0,0.414141,1.1,4,0.21784
0,0.424242,0.9,1,0.149009
0,0.424242,0.9,2,0.682977
0,0.424242,0.9,3,0.0185036
0,0.424242,0.9,4,0.14951
0,0.424242,1,1,0.185078
0,0.424242,1,2,0.625171
0,0.424242,1,3,0.0194518
0,0.424242,1,4,0.170299
0,0.424242,1.1,1,0.295787
0,0.424242,1.1,2,0.425377
0,0.424242,1.1,3,0.0434748
0,0.424242,1.1,4,0.235361
0,0.434343,0.9,1,0.116504
0,0.434343,0.9,2,0.746963
0,0.434343,0.9,3,0.0208601
0,0.434343,0.9,4,0.115672
0,0.434343,1,1,0.183782
0,0.434343,1,2,0.622173
0,0.434343,1,3,0.0190906
0,0.434343,1,4,0.174955
0,0.434343,1.1,1,0.276204
0,0.434343,1.1,2,0.471789
0,0.434343,1.1,3,0.0479503
0,0.434343,1.1,4,0.204056
0,0.444444,0.9,1,0.0913836
0,0.444444,0.9,2,0.805551
0,0.444444,0.9,3,0.0133506
0,0.444444,0.9,4,0.0897148
0,0.444444,1,1,0.141459
0,0.444444,1,2,0.708236
0,0.444444,1,3,0.0174233
0,0.444444,1,4,0.132882
0,0.444444,1.1,1,0.2524
0,0.444444,1.1,2,0.512313
0,0.444444,1.1,3,0.0434837
0,0.444444,1.1,4,0.191804
0,0.454545,0.9,1,0.136441
0,0.454545,0.9,2,0.717207
0,0.454545,0.9,3,0.0066901
0,0.454545,0.9,4,0.139662
0,0.454545,1,1,0.14003
0,0.454545,1,2,0.698524
0,0.454545,1,3,0.0259548
0,0.454545,1,4,0.135491
0,0.454545,1.1,1,0.234911
0,0.454545,1.1,2,0.522124
0,0.454545,1.1,3,0.0654794
0,0.454545,1.1,4,0.177486
0,0.464646,0.9,1,0.11592
0,0.464646,0.9,2,0.73928
0,0.464646,0.9,3,0.0207195
0,0.464646,0.9,4,0.12408
0,0.464646,1,1,0.114572
0,0.464646,1,2,0.744976
0,0.464646,1,3,0.0327904
0,0.464646,1,4,0.107662
0,0.464646,1.1,1,0.210962
0,0.464646,1.1,2,0.597714
0,0.464646,1.1,3,0.030058
0,0.464646,1.1,4,0.161266
0,0.474747,0.9,1,0.102829
0,0.474747,0.9,2,0.765895
0,0.474747,0.9,3,0.0225333
0,0.474747,0.9,4,0.108743
0,0.474747,1,1,0.131421
0,0.474747,1,2,0.724885
0,0.474747,1,3,0.0171698
0,0.474747,1,4,0.126524
0,0.474747,1.1,1,0.169413
0,0.474747,1.1,2,0.665155
0,0.474747,1.1,3,0.0329888
0,0.474747,1.1,4,0.132444
0,0.484848,0.9,1,0.140893
0,0.484848,0.9,2,0.700962
0,0.484848,0.9,3,0.0094172
0,0.484848,0.9,4,0.148727
0,0.484848,1,1,0.129698
0,0.484848,1,2,0.719527
0,0.484848,1,3,0.0234119
0,0.484848,1,4,0.127363
0,0.484848,1.1,1,0.16997
0,0.484848,1.1,2,0.652102
0,0.484848,1.1,3,0.029245
0,0.484848,1.1,4,0.148683
0,0.494949,0.9,1,0.122496
0,0.494949,0.9,2,0.730718
0,0.494949,0.9,3,0.0072806
0,0.494949,0.9,4,0.139506
0,0.494949,1,1,0.127265
0,0.494949,1,2,0.726081
0,0.494949,1,3,0.0228401
0,0.494949,1,4,0.123814
0,0.494949,1.1,1,0.161741
0,0.494949,1.1,2,0.65687
0,0.494949,1.1,3,0.0318818
0,0.494949,1.1,4,0.149507
0,0.505051,0.9,1,0.126586
0,0.505051,0.9,2,0.725971
0,0.505051,0.9,3,0.0090548
0,0.505051,0.9,4,0.138388
0,0.505051,1,1,0.121792
0,0.505051,1,2,0.736378
0,0.505051,1,3,0.0230481
0,0.505051,1,4,0.118782
0,0.505051,1.1,1,0.128484
0,0.505051,1.1,2,0.731414
0,0.505051,1.1,3,0.0306816
0,0.505051,1.1,4,0.109421
0,0.515152,0.9,1,0.145771
0,0.515152,0.9,2,0.672635
0,0.515152,0.9,3,0.0218064
0,0.515152,0.9,4,0.159787
0,0.515152,1,1,0.136285
0,0.515152,1,2,0.710653
0,0.515152,1,3,0.0124444
0,0.515152,1,4,0.140617
0,0.515152,1.1,1,0.145626
0,0.515152,1.1,2,0.689905
0,0.515152,1.1,3,0.0230104
0,0.515152,1.1,4,0.141459
0,0.525253,0.9,1,0.169728
0,0.525253,0.9,2,0.611101
0,0.525253,0.9,3,0.0378482
0,0.525253,0.9,4,0.181323
0,0.525253,1,1,0.180109
0,0.525253,1,2,0.621069
0,0.525253,1,3,0.0156055
0,0.525253,1,4,0.183216
0,0.525253,1.1,1,0.17062
0,0.525253,1.1,2,0.626159
0,0.525253,1.1,3,0.0326032
0,0.525253,1.1,4,0.170618
0,0.535354,0.9,1,0.167059
0,0.535354,0.9,2,0.626602
0,0.535354,0.9,3,0.0158816
0,0.535354,0.9,4,0.190457
0,0.535354,1,1,0.14422
0,0.535354,1,2,0.688389
0,0.535354,1,3,0.020171
0,0.535354,1,4,0.14722
0,0.535354,1.1,1,0.135255
0,0.535354,1.1,2,0.70154
0,0.535354,1.1,3,0.0348079
0,0.535354,1.1,4,0.128397
0,0.545455,0.9,1,0.178416
0,0.545455,0.9,2,0.58663
0,0.545455,0.9,3,0.022179
0,0.545455,0.9,4,0.212775
0,0.545455,1,1,0.182566
0,0.545455,1,2,0.622769
0,0.545455,1,3,0.0104312
0,0.545455,1,4,0.184233
0,0.545455,1.1,1,0.143738
0,0.545455,1.1,2,0.678985
0,0.545455,1.1,3,0.0315398
0,0.545455,1.1,4,0.145737
0,0.555556,0.9,1,0.182675
0,0.555556,0.9,2,0.536822
0,0.555556,0.9,3,0.0463105
0,0.555556,0.9,4,0.234192
0,0.555556,1,1,0.161957
0,0.555556,1,2,0.652118
0,0.555556,1,3,0.0194419
0,0.555556,1,4,0.166484
0,0.555556,1.1,1,0.130274
0,0.555556,1.1,2,0.714351
0,0.555556,1.1,3,0.0254347
0,0.555556,1.1,4,0.12994
0,0.565657,0.9,1,0.224155
0,0.565657,0.9,2,0.461422
0,0.565657,0.9,3,0.0307024
0,0.565657,0.9,4,0.28372
0,0.565657,1,1,0.154474
0,0.565657,1,2,0.645689
0,0.565657,1,3,0.0252024
0,0.565657,1,4,0.174635
0,0.565657,1.1,1,0.152942
0,0.565657,1.1,2,0.657608
0,0.565657,1.1,3,0.0344245
0,0.565657,1.1,4,0.155025
0,0.575758,0.9,1,0.241129
0,0.575758,0.9,2,0.409032
0,0.575758,0.9,3,0.0401263
0,0.575758,0.9,4,0.309712
0,0.575758,1,1,0.141931
0,0.575758,1,2,0.670706
0,0.575758,1,3,0.032658
0,0.575758,1,4,0.154704
0,0.575758,1.1,1,0.123603
0,0.575758,1.1,2,0.741796
0,0.575758,1.1,3,0.0238552
0,0.575758,1.1,4,0.110746
0,0.585859,0.9,1,0.202999
0,0.585859,0.9,2,0.476165
0,0.585859,0.9,3,0.0312657
0,0.585859,0.9,4,0.289571
0,0.585859,1,1,0.155141
0,0.585859,1,2,0.616046
0,0.585859,1,3,0.0427206
0,0.585859,1,4,0.186093
0,0.585859,1.1,1,0.121805
0,0.585859,1.1,2,0.726035
0,0.585859,1.1,3,0.022858
0,0.585859,1.1,4,0.129302
0,0.59596,0.9,1,0.183152
0,0.59596,0.9,2,0.491931
0,0.59596,0.9,3,0.0351685
0,0.59596,0.9,4,0.289749
0,0.59596,1,1,0.186524
0,0.59596,1,2,0.582444
0,0.59596,1,3,0.0209172
0,0.59596,1,4,0.210114
0,0.59596,1.1,1,0.155918
0,0.59596,1.1,2,0.671428
0,0.59596,1.1,3,0.0156338
0,0.59596,1.1,4,0.157021
0,0.606061,0.9,1,0.213072
0,0.606061,0.9,2,0.43604
0,0.606061,0.9,3,0.0336248
0,0.606061,0.9,4,0.317263
0,0.606061,1,1,0.211252
0,0.606061,1,2,0.508179
0,0.606061,1,3,0.0312276
0,0.606061,1,4,0.249341
0,0.606061,1.1,1,0.153082
0,0.606061,1.1,2,0.661619
0,0.606061,1.1,3,0.0286278
0,0.606061,1.1,4,0.156671
0,0.616162,0.9,1,0.186348
0,0.616162,0.9,2,0.471093
0,0.616162,0.9,3,0.0435104
0,0.616162,0.9,4,0.299048
0,0.616162,1,1,0.1875
0,0.616162,1,2,0.512175
0,0.616162,1,3,0.0401183
0,0.616162,1,4,0.260207
0,0.616162,1.1,1,0.136648
0,0.616162,1.1,2,0.701028
0,0.616162,1.1,3,0.0241046
0,0.616162,1.1,4,0.13822
0,0.626263,0.9,1,0.201393
0,0.626263,0.9,2,0.440061
0,0.626263,0.9,3,0.0459735
0,0.626263,0.9,4,0.312572
0,0.626263,1,1,0.224549
0,0.626263,1,2,0.462242
0,0.626263,1,3,0.0376416
0,0.626263,1,4,0.275567
0,0.626263,1.1,1,0.167403
0,0.626263,1.1,2,0.633971
0,0.626263,1.1,3,0.0240371
0,0.626263,1.1,4,0.174589
0,0.636364,0.9,1,0.214446
0,0.636364,0.9,2,0.425126
0,0.636364,0.9,3,0.0427218
0,0.636364,0.9,4,0.317706
0,0.636364,1,1,0.218421
0,0.636364,1,2,0.435842
0,0.636364,1,3,0.0650829
0,0.636364,1,4,0.280654
0,0.636364,1.1,1,0.136292
0,0.636364,1.1,2,0.682399
0,0.636364,1.1,3,0.0356806
0,0.636364,1.1,4,0.145628
0,0.646465,0.9,1,0.184309
0,0.646465,0.9,2,0.470047
0,0.646465,0.9,3,0.0392063
0,0.646465,0.9,4,0.306438
0,0.646465,1,1,0.216809
0,0.646465,1,2,0.448898
0,0.646465,1,3,0.0393139
0,0.646465,1,4,0.294979
0,0.646465,1.1,1,0.154137
0,0.646465,1.1,2,0.645487
0,0.646465,1.1,3,0.0207491
0,0.646465,1.1,4,0.179626
0,0.656566,0.9,1,0.198988
0,0.656566,0.9,2,0.434256
0,0.656566,0.9,3,0.0461924
0,0.656566,0.9,4,0.320564
0,0.656566,1,1,0.191021
0,0.656566,1,2,0.476645
0,0.656566,1,3,0.040907
0,0.656566,1,4,0.291427
0,0.656566,1.1,1,0.186143
0,0.656566,1.1,2,0.559083
0,0.656566,1.1,3,0.0533432
0,0.656566,1.1,4,0.201431
0,0.666667,0.9,1,0.194482
0,0.666667,0.9,2,0.448467
0,0.666667,0.9,3,0.0315151
0,0.666667,0.9,4,0.325536
0,0.666667,1,1,0.206498
0,0.666667,1,2,0.42303
0,0.666667,1,3,0.0723028
0,0.666667,1,4,0.298169
0,0.666667,1.1,1,0.18115
0,0.666667,1.1,2,0.541556
0,0.666667,1.1,3,0.0614964
0,0.666667,1.1,4,0.215798
0,0.676768,0.9,1,0.206651
0,0.676768,0.9,2,0.417426
0,0.676768,0.9,3,0.0469715
0,0.676768,0.9,4,0.328951
0,0.676768,1,1,0.223722
0,0.676768,1,2,0.399112
0,0.676768,1,3,0.0544865
0,0.676768,1,4,0.32268
0,0.676768,1.1,1,0.190679
0,0.676768,1.1,2,0.514318
0,0.676768,1.1,3,0.0729513
0,0.676768,1.1,4,0.222052
0,0.686869,0.9,1,0.18657
0,0.686869,0.9,2,0.447643
0,0.686869,0.9,3,0.0468705
0,0.686869,0.9,4,0.318917
0,0.686869,1,1,0.205525
0,0.686869,1,2,0.42953
0,0.686869,1,3,0.0467889
0,0.686869,1,4,0.318157
0,0.686869,1.1,1,0.210827
0,0.686869,1.1,2,0.471013
0,0.686869,1.1,3,0.0635956
0,0.686869,1.1,4,0.254564
0,0.69697,0.9,1,0.18021
0,0.69697,0.9,2,0.449677
0,0.69697,0.9,3,0.04756
0,0.69697,0.9,4,0.322553
0,0.69697,1,1,0.203264
0,0.69697,1,2,0.439348
0,0.69697,1,3,0.0578549
0,0.69697,1,4,0.299533
0,0.69697,1.1,1,0.180101
0,0.69697,1.1,2,0.496443
0,0.69697,1.1,3,0.0753831
0,0.69697,1.1,4,0.248073
0,0.707071,0.9,1,0.163975
0,0.707071,0.9,2,0.466897
0,0.707071,0.9,3,0.0630579
0,0.707071,0.9,4,0.30607
0,0.707071,1,1,0.221928
0,0.707071,1,2,0.408036
0,0.707071,1,3,0.0510569
0,0.707071,1,4,0.318979
0,0.707071,1.1,1,0.200487
0,0.707071,1.1,2,0.437314
0,0.707071,1.1,3,0.0912749
0,0.707071,1.1,4,0.270924
0,0.717172,0.9,1,0.202925
0,0.717172,0.9,2,0.406572
0,0.717172,0.9,3,0.0667845
0,0.717172,0.9,4,0.323719
0,0.717172,1,1,0.182202
0,0.717172,1,2,0.444294
0,0.717172,1,3,0.0565185
0,0.717172,1,4,0.316985
0,0.717172,1.1,1,0.193998
0,0.717172,1.1,2,0.461778
0,0.717172,1.1,3,0.0889533
0,0.717172,1.1,4,0.25527
0,0.727273,0.9,1,0.17636
0,0.727273,0.9,2,0.44486
0,0.727273,0.9,3,0.0621661
0,0.727273,0.9,4,0.316614
0,0.727273,1,1,0.203698
0,0.727273,1,2,0.426045
0,0.727273,1,3,0.0629704
0,0.727273,1,4,0.307286
0,0.727273,1.1,1,0.197757
0,0.727273,1.1,2,0.451778
0,0.727273,1.1,3,0.0811959
0,0.727273,1.1,4,0.269269
0,0.737374,0.9,1,0.181022
0,0.737374,0.9,2,0.437278
0,0.737374,0.9,3,0.0709399
0,0.737374,0.9,4,0.31076
0,0.737374,1,1,0.194635
0,0.737374,1,2,0.435212
0,0.737374,1,3,0.047782
0,0.737374,1,4,0.322371
0,0.737374,1.1,1,0.208233
0,0.737374,1.1,2,0.43436
0,0.737374,1.1,3,0.0601256
0,0.737374,1.1,4,0.297282
0,0.747475,0.9,1,0.160561
0,0.747475,0.9,2,0.450158
0,0.747475,0.9,3,0.0859219
0,0.747475,0.9,4,0.303358
0,0.747475,1,1,0.193653
0,0.747475,1,2,0.417044
0,0.747475,1,3,0.0854432
0,0.747475,1,4,0.30386
0,0.747475,1.1,1,0.219817
0,0.747475,1.1,2,0.409394
0,0.747475,1.1,3,0.0648418
0,0.747475,1.1,4,0.305947
0,0.757576,0.9,1,0.176251
0,0.757576,0.9,2,0.455029
0,0.757576,0.9,3,0.0529682
0,0.757576,0.9,4,0.315752
0,0.757576,1,1,0.169958
0,0.757576,1,2,0.44101
0,0.757576,1,3,0.0723339
0,0.757576,1,4,0.316698
0,0.757576,1.1,1,0.199471
0,0.757576,1.1,2,0.43157
0,0.757576,1.1,3,0.0711175
0,0.757576,1.1,4,0.297841
0,0.767677,0.9,1,0.186095
0,0.767677,0.9,2,0.425603
0,0.767677,0.9,3,0.0555829
0,0.767677,0.9,4,0.332718
0,0.767677,1,1,0.181779
0,0.767677,1,2,0.423205
0,0.767677,1,3,0.0710578
0,0.767677,1,4,0.323957
0,0.767677,1.1,1,0.18981
0,0.767677,1.1,2,0.434725
0,0.767677,1.1,3,0.0746765
0,0.767677,1.1,4,0.300788
0,0.777778,0.9,1,0.22619
0,0.777778,0.9,2,0.359913
0,0.777778,0.9,3,0.0730892
0,0.777778,0.9,4,0.340808
0,0.777778,1,1,0.204085
0,0.777778,1,2,0.404139
0,0.777778,1,3,0.0778026
0,0.777778,1,4,0.313974
0,0.777778,1.1,1,0.216981
0,0.777778,1.1,2,0.396508
0,0.777778,1.1,3,0.0914485
0,0.777778,1.1,4,0.295063
0,0.787879,0.9,1,0.184868
0,0.787879,0.9,2,0.404749
0,0.787879,0.9,3,0.0910392
0,0.787879,0.9,4,0.319344
0,0.787879,1,1,0.179968
0,0.787879,1,2,0.43559
0,0.787879,1,3,0.0613941
0,0.787879,1,4,0.323048
0,0.787879,1.1,1,0.213264
0,0.787879,1.1,2,0.389494
0,0.787879,1.1,3,0.0764146
0,0.787879,1.1,4,0.320827
0,0.79798,0.9,1,0.19582
0,0.79798,0.9,2,0.404894
0,0.79798,0.9,3,0.098233
0,0.79798,0.9,4,0.301053
0,0.79798,1,1,0.213514
0,0.79798,1,2,0.38376
0,0.79798,1,3,0.0693309
0,0.79798,1,4,0.333395
0,0.79798,1.1,1,0.16838
0,0.79798,1.1,2,0.448563
0,0.79798,1.1,3,0.106803
0,0.79798,1.1,4,0.276254
0,0.808081,0.9,1,0.240914
0,0.808081,0.9,2,0.358291
0,0.808081,0.9,3,0.0837708
0,0.808081,0.9,4,0.317024
0,0.808081,1,1,0.200682
0,0.808081,1,2,0.3928
0,0.808081,1,3,0.112098
0,0.808081,1,4,0.29442
0,0.808081,1.1,1,0.170389
0,0.808081,1.1,2,0.452399
0,0.808081,1.1,3,0.0984711
0,0.808081,1.1,4,0.278741
0,0.818182,0.9,1,0.213784
0,0.818182,0.9,2,0.375605
0,0.818182,0.9,3,0.108528
0,0.818182,0.9,4,0.302083
0,0.818182,1,1,0.200654
0,0.818182,1,2,0.38765
0,0.818182,1,3,0.0850116
0,0.818182,1,4,0.326684
0,0.818182,1.1,1,0.218953
0,0.818182,1.1,2,0.378148
0,0.818182,1.1,3,0.114158
0,0.818182,1.1,4,0.288741
0,0.828283,0.9,1,0.226074
0,0.828283,0.9,2,0.361389
0,0.828283,0.9,3,0.113395
0,0.828283,0.9,4,0.299143
0,0.828283,1,1,0.22532
0,0.828283,1,2,0.360431
0,0.828283,1,3,0.0921986
0,0.828283,1,4,0.32205
0,0.828283,1.1,1,0.192404
0,0.828283,1.1,2,0.410693
0,0.828283,1.1,3,0.0996999
0,0.828283,1.1,4,0.297203
0,0.838384,0.9,1,0.225628
0,0.838384,0.9,2,0.357928
0,0.838384,0.9,3,0.100326
0,0.838384,0.9,4,0.316118
0,0.838384,1,1,0.189819
0,0.838384,1,2,0.394232
0,0.838384,1,3,0.113277
0,0.838384,1,4,0.302673
0,0.838384,1.1,1,0.195851
0,0.838384,1.1,2,0.392509
0,0.838384,1.1,3,0.108517
0,0.838384,1.1,4,0.303123
0,0.848485,0.9,1,0.214364
0,0.848485,0.9,2,0.358354
0,0.848485,0.9,3,0.120948
0,0.848485,0.9,4,0.306334
0,0.848485,1,1,0.262448
0,0.848485,1,2,0.312096
0,0.848485,1,3,0.101151
0,0.848485,1,4,0.324306
0,0.848485,1.1,1,0.218031
0,0.848485,1.1,2,0.376009
0,0.848485,1.1,3,0.109235
0,0.848485,1.1,4,0.296725
0,0.858586,0.9,1,0.19163
0,0.858586,0.9,2,0.377534
0,0.858586,0.9,3,0.133888
0,0.858586,0.9,4,0.296948
0,0.858586,1,1,0.193679
0,0.858586,1,2,0.388066
0,0.858586,1,3,0.126758
0,0.858586,1,4,0.291497
0,0.858586,1.1,1,0.168036
0,0.858586,1.1,2,0.418213
0,0.858586,1.1,3,0.140079
0,0.858586,1.1,4,0.273672
0,0.868687,0.9,1,0.2194
0,0.868687,0.9,2,0.356415
0,0.868687,0.9,3,0.126619
0,0.868687,0.9,4,0.297566
0,0.868687,1,1,0.202901
0,0.868687,1,2,0.35957
0,0.868687,1,3,0.169687
0,0.868687,1,4,0.267842
0,0.868687,1.1,1,0.198173
0,0.868687,1.1,2,0.38524
0,0.868687,1.1,3,0.142539
0,0.868687,1.1,4,0.274048
0,0.878788,0.9,1,0.226784
0,0.878788,0.9,2,0.344273
0,0.878788,0.9,3,0.116485
0,0.878788,0.9,4,0.312458
0,0.878788,1,1,0.205796
0,0.878788,1,2,0.362656
0,0.878788,1,3,0.154976
0,0.878788,1,4,0.276572
0,0.878788,1.1,1,0.209892
0,0.878788,1.1,2,0.386707
0,0.878788,1.1,3,0.136676
0,0.878788,1.1,4,0.266725
0,0.888889,0.9,1,0.214383
0,0.888889,0.9,2,0.350157
0,0.888889,0.9,3,0.144981
0,0.888889,0.9,4,0.290478
0,0.888889,1,1,0.211995
0,0.888889,1,2,0.357363
0,0.888889,1,3,0.129651
0,0.888889,1,4,0.300991
0,0.888889,1.1,1,0.183959
0,0.888889,1.1,2,0.375784
0,0.888889,1.1,3,0.127713
0,0.888889,1.1,4,0.312544
0,0.89899,0.9,1,0.260793
0,0.89899,0.9,2,0.311823
0,0.89899,0.9,3,0.16183
0,0.89899,0.9,4,0.265554
0,0.89899,1,1,0.185934
0,0.89899,1,2,0.364465
0,0.89899,1,3,0.196641
0,0.89899,1,4,0.25296
0,0.89899,1.1,1,0.220572
0,0.89899,1.1,2,0.345704
0,0.89899,1.1,3,0.150848
0,0.89899,1.1,4,0.282877
0,0.909091,0.9,1,0.261617
0,0.909091,0.9,2,0.306424
0,0.909091,0.9,3,0.150671
0,0.909091,0.9,4,0.281288
0,0.909091,1,1,0.237377
0,0.909091,1,2,0.325085
0,0.909091,1,3,0.134399
0,0.909091,1,4,0.30314
0,0.909091,1.1,1,0.242016
0,0.909091,1.1,2,0.31214
0,0.909091,1.1,3,0.168816
0,0.909091,1.1,4,0.277028
0,0.919192,0.9,1,0.246122
0,0.919192,0.9,2,0.324407
0,0.919192,0.9,3,0.129287
0,0.919192,0.9,4,0.300184
0,0.919192,1,1,0.246785
0,0.919192,1,2,0.30012
0,0.919192,1,3,0.155452
0,0.919192,1,4,0.297643
0,0.919192,1.1,1,0.22405
0,0.919192,1.1,2,0.328753
0,0.919192,1.1,3,0.197068
0,0.919192,1.1,4,0.250129
0,0.929293,0.9,1,0.254174
0,0.929293,0.9,2,0.328871
0,0.929293,0.9,3,0.148036
0,0.929293,0.9,4,0.268919
0,0.929293,1,1,0.259696
0,0.929293,1,2,0.281165
0,0.929293,1,3,0.170816
0,0.929293,1,4,0.288323
0,0.929293,1.1,1,0.233627
0,0.929293,1.1,2,0.335804
0,0.929293,1.1,3,0.187807
0,0.929293,1.1,4,0.242763
0,0.939394,0.9,1,0.232664
0,0.939394,0.9,2,0.312423
0,0.939394,0.9,3,0.208474
0,0.939394,0.9,4,0.246439
0,0.939394,1,1,0.251848
0,0.939394,1,2,0.298854
0,0.939394,1,3,0.210471
0,0.939394,1,4,0.238827
0,0.939394,1.1,1,0.243707
0,0.939394,1.1,2,0.300431
0,0.939394,1.1,3,0.19437
0,0.939394,1.1,4,0.261492
0,0.949495,0.9,1,0.247912
0,0.949495,0.9,2,0.314803
0,0.949495,0.9,3,0.174504
0,0.949495,0.9,4,0.262781
0,0.949495,1,1,0.262595
0,0.949495,1,2,0.291598
0,0.949495,1,3,0.164016
0,0.949495,1,4,0.281791
0,0.949495,1.1,1,0.249133
0,0.949495,1.1,2,0.303636
0,0.949495,1.1,3,0.185443
0,0.949495,1.1,4,0.261789
0,0.959596,0.9,1,0.254054
0,0.959596,0.9,2,0.33003
0,0.959596,0.9,3,0.194593
0,0.959596,0.9,4,0.221322
0,0.959596,1,1,0.258019
0,0.959596,1,2,0.301399
0,0.959596,1,3,0.182472
0,0.959596,1,4,0.25811
0,0.959596,1.1,1,0.25973
0,0.959596,1.1,2,0.285307
0,0.959596,1.1,3,0.17798
0,0.959596,1.1,4,0.276982
0,0.969697,0.9,1,0.25653
0,0.969697,0.9,2,0.304182
0,0.969697,0.9,3,0.201698
0,0.969697,0.9,4,0.23759
0,0.969697,1,1,0.241008
0,0.969697,1,2,0.286302
0,0.969697,1,3,0.229207
0,0.969697,1,4,0.243483
0,0.969697,1.1,1,0.223978
0,0.969697,1.1,2,0.316858
0,0.969697,1.1,3,0.184102
0,0.969697,1.1,4,0.275063
0,0.979798,0.9,1,0.297581
0,0.979798,0.9,2,0.266107
0,0.979798,0.9,3,0.202054
0,0.979798,0.9,4,0.234257
0,0.979798,1,1,0.288407
0,0.979798,1,2,0.259599
0,0.979798,1,3,0.231781
0,0.979798,1,4,0.220213
0,0.979798,1.1,1,0.262469
0,0.979798,1.1,2,0.270618
0,0.979798,1.1,3,0.215814
0,0.979798,1.1,4,0.2511
0,0.989899,0.9,1,0.267605
0,0.989899,0.9,2,0.275063
0,0.989899,0.9,3,0.229674
0,0.989899,0.9,4,0.227657
0,0.989899,1,1,0.266141
0,0.989899,1,2,0.281783
0,0.989899,1,3,0.213152
0,0.989899,1,4,0.238923
0,0.989899,1.1,1,0.251341
0,0.989899,1.1,2,0.291341
0,0.989899,1.1,3,0.189831
0,0.989899,1.1,4,0.267486
0,1,0.9,1,0.314391
0,1,0.9,2,0.253068
0,1,0.9,3,0.216649
0,1,0.9,4,0.215892
0,1,1,1,0.242238
0,1,1,2,0.315926
0,1,1,3,0.210434
0,1,1,4,0.231402
0,1,1.1,1,0.286227
0,1,1.1,2,0.248846
0,1,1.1,3,0.241976
0,1,1.1,4,0.222951
0.8,0,0.9,1,0.229548
0.8,0,0.9,2,0.269003
0.8,0,0.9,3,0.231374
0.8,0,0.9,4,0.270075
0.8,0,1,1,0.215285
0.8,0,1,2,0.296243
0.8,0,1,3,0.241957
0.8,0,1,4,0.246515
0.8,0,1.1,1,0.240119
0.8,0,1.1,2,0.299726
0.8,0,1.1,3,0.225071
0.8,0,1.1,4,0.235083
0.8,0.010101,0.9,1,0.247071
0.8,0.010101,0.9,2,0.277402
0.8,0.010101,0.9,3,0.212657
0.8,0.010101,0.9,4,0.26287
0.8,0.010101,1,1,0.278894
0.8,0.010101,1,2,0.278949
0.8,0.010101,1,3,0.181347
0.8,0.010101,1,4,0.26081
0.8,0.010101,1.1,1,0.258639
0.8,0.010101,1.1,2,0.254179
0.8,0.010101,1.1,3,0.205154
0.8,0.010101,1.1,4,0.282028
0.8,0.020202,0.9,1,0.24231
0.8,0.020202,0.9,2,0.269519
0.8,0.020202,0.9,3,0.217348
0.8,0.020202,0.9,4,0.270822
0.8,0.020202,1,1,0.235519
0.8,0.020202,1,2,0.246061
0.8,0.020202,1,3,0.237854
0.8,0.020202,1,4,0.280565
0.8,0.020202,1.1,1,0.202844
0.8,0.020202,1.1,2,0.249932
0.8,0.020202,1.1,3,0.262545
0.8,0.020202,1.1,4,0.284679
0.8,0.030303,0.9,1,0.237057
0.8,0.030303,0.9,2,0.307619
0.8,0.030303,0.9,3,0.228749
0.8,0.030303,0.9,4,0.226575
0.8,0.030303,1,1,0.1972
0.8,0.030303,1,2,0.281493
0.8,0.030303,1,3,0.271973
0.8,0.030303,1,4,0.249334
0.8,0.030303,1.1,1,0.262276
0.8,0.030303,1.1,2,0.282617
0.8,0.030303,1.1,3,0.207142
0.8,0.030303,1.1,4,0.247965
0.8,0.040404,0.9,1,0.213619
0.8,0.040404,0.9,2,0.327123
0.8,0.040404,0.9,3,0.253015
0.8,0.040404,0.9,4,0.206243
0.8,0.040404,1,1,0.210462
0.8,0.040404,1,2,0.293318
0.8,0.040404,1,3,0.25918
0.8,0.040404,1,4,0.23704
0.8,0.040404,1.1,1,0.270403
0.8,0.040404,1.1,2,0.270565
0.8,0.040404,1.1,3,0.197
0.8,0.040404,1.1,4,0.262032
0.8,0.0505051,0.9,1,0.250603
0.8,0.0505051,0.9,2,0.314539
0.8,0.0505051,0.9,3,0.202137
0.8,0.0505051,0.9,4,0.232722
0.8,0.0505051,1,1,0.243319
0.8,0.0505051,1,2,0.278841
0.8,0.0505051,1,3,0.206887
0.8,0.0505051,1,4,0.270953
0.8,0.0505051,1.1,1,0.287714
0.8,0.0505051,1.1,2,0.269408
0.8,0.0505051,1.1,3,0.187908
0.8,0.0505051,1.1,4,0.25497
0.8,0.0606061,0.9,1,0.264185
0.8,0.0606061,0.9,2,0.27086
0.8,0.0606061,0.9,3,0.200824
0.8,0.0606061,0.9,4,0.264131
0.8,0.0606061,1,1,0.261153
0.8,0.0606061,1,2,0.300896
0.8,0.0606061,1,3,0.204356
0.8,0.0606061,1,4,0.233595
0.8,0.0606061,1.1,1,0.267782
0.8,0.0606061,1.1,2,0.295152
0.8,0.0606061,1.1,3,0.187923
0.8,0.0606061,1.1,4,0.249143
0.8,0.0707071,0.9,1,0.285804
0.8,0.0707071,0.9,2,0.271377
0.8,0.0707071,0.9,3,0.166987
0.8,0.0707071,0.9,4,0.275832
0.8,0.0707071,1,1,0.274125
0.8,0.0707071,1,2,0.245277
0.8,0.0707071,1,3,0.188133
0.8,0.0707071,1,4,0.292466
0.8,0.0707071,1.1,1,0.307423
0.8,0.0707071,1.1,2,0.293522
0.8,0.0707071,1.1,3,0.154749
0.8,0.0707071,1.1,4,0.244307
0.8,0.0808081,0.9,1,0.245883
0.8,0.0808081,0.9,2,0.341326
0.8,0.0808081,0.9,3,0.211099
0.8,0.0808081,0.9,4,0.201693
0.8,0.0808081,1,1,0.258126
0.8,0.0808081,1,2,0.323958
0.8,0.0808081,1,3,0.199838
0.8,0.0808081,1,4,0.218077
0.8,0.0808081,1.1,1,0.287506
0.8,0.0808081,1.1,2,0.299217
0.8,0.0808081,1.1,3,0.184509
0.8,0.0808081,1.1,4,0.228768
0.8,0.0909091,0.9,1,0.233342
0.8,0.0909091,0.9,2,0.321591
0.8,0.0909091,0.9,3,0.214519
0.8,0.0909091,0.9,4,0.230549
0.8,0.0909091,1,1,0.314873
0.8,0.0909091,1,2,0.299739
0.8,0.0909091,1,3,0.139942
0.8,0.0909091,1,4,0.245445
0.8,0.0909091,1.1,1,0.273984
0.8,0.0909091,1.1,2,0.274903
0.8,0.0909091,1.1,3,0.188793
0.8,0.0909091,1.1,4,0.26232
0.8,0.10101,0.9,1,0.221119
0.8,0.10101,0.9,2,0.354186
0.8,0.10101,0.9,3,0.22267
0.8,0.10101,0.9,4,0.202024
0.8,0.10101,1,1,0.306085
0.8,0.10101,1,2,0.28428
0.8,0.10101,1,3,0.148171
0.8,0.10101,1,4,0.261465
0.8,0.10101,1.1,1,0.339943
0.8,0.10101,1.1,2,0.310306
0.8,0.10101,1.1,3,0.123469
0.8,0.10101,1.1,4,0.226282
0.8,0.111111,0.9,1,0.289267
0.8,0.111111,0.9,2,0.356567
0.8,0.111111,0.9,3,0.13966
0.8,0.111111,0.9,4,0.214506
0.8,0.111111,1,1,0.301292
0.8,0.111111,1,2,0.33214
0.8,0.111111,1,3,0.144066
0.8,0.111111,1,4,0.222503
0.8,0.111111,1.1,1,0.306769
0.8,0.111111,1.1,2,0.286795
0.8,0.111111,1.1,3,0.146339
0.8,0.111111,1.1,4,0.260097
0.8,0.121212,0.9,1,0.297006
0.8,0.121212,0.9,2,0.344014
0.8,0.121212,0.9,3,0.149141
0.8,0.121212,0.9,4,0.209838
0.8,0.121212,1,1,0.313293
0.8,0.121212,1,2,0.337042
0.8,0.121212,1,3,0.140939
0.8,0.121212,1,4,0.208727
0.8,0.121212,1.1,1,0.322069
0.8,0.121212,1.1,2,0.318703
0.8,0.121212,1.1,3,0.125037
0.8,0.121212,1.1,4,0.234191
0.8,0.131313,0.9,1,0.255508
0.8,0.131313,0.9,2,0.431554
0.8,0.131313,0.9,3,0.153277
0.8,0.131313,0.9,4,0.159661
0.8,0.131313,1,1,0.295691
0.8,0.131313,1,2,0.313259
0.8,0.131313,1,3,0.149124
0.8,0.131313,1,4,0.241925
0.8,0.131313,1.1,1,0.333263
0.8,0.131313,1.1,2,0.35006
0.8,0.131313,1.1,3,0.117853
0.8,0.131313,1.1,4,0.198823
0.8,0.141414,0.9,1,0.295476
0.8,0.141414,0.9,2,0.360412
0.8,0.141414,0.9,3,0.119058
0.8,0.141414,0.9,4,0.225053
0.8,0.141414,1,1,0.294911
0.8,0.141414,1,2,0.363275
0.8,0.141414,1,3,0.138923
0.8,0.141414,1,4,0.202891
0.8,0.141414,1.1,1,0.322935
0.8,0.141414,1.1,2,0.357108
0.8,0.141414,1.1,3,0.127641
0.8,0.141414,1.1,4,0.192317
0.8,0.151515,0.9,1,0.295297
0.8,0.151515,0.9,2,0.368577
0.8,0.151515,0.9,3,0.12088
0.8,0.151515,0.9,4,0.215246
0.8,0.151515,1,1,0.304756
0.8,0.151515,1,2,0.34415
0.8,0.151515,1,3,0.126088
0.8,0.151515,1,4,0.225006
0.8,0.151515,1.1,1,0.310818
0.8,0.151515,1.1,2,0.315972
0.8,0.151515,1.1,3,0.140254
0.8,0.151515,1.1,4,0.232955
0.8,0.161616,0.9,1,0.273053
0.8,0.161616,0.9,2,0.414801
0.8,0.161616,0.9,3,0.131374
0.8,0.161616,0.9,4,0.180772
0.8,0.161616,1,1,0.304807
0.8,0.161616,1,2,0.33939
0.8,0.161616,1,3,0.134115
0.8,0.161616,1,4,0.221688
0.8,0.161616,1.1,1,0.346256
0.8,0.161616,1.1,2,0.298989
0.8,0.161616,1.1,3,0.118804
0.8,0.161616,1.1,4,0.235951
0.8,0.171717,0.9,1,0.275635
0.8,0.171717,0.9,2,0.412142
0.8,0.171717,0.9,3,0.132411
0.8,0.171717,0.9,4,0.179812
0.8,0.171717,1,1,0.293094
0.8,0.171717,1,2,0.381467
0.8,0.171717,1,3,0.130231
0.8,0.171717,1,4,0.195209
0.8,0.171717,1.1,1,0.305879
0.8,0.171717,1.1,2,0.387675
0.8,0.171717,1.1,3,0.118261
0.8,0.171717,1.1,4,0.188185
0.8,0.181818,0.9,1,0.296457
0.8,0.181818,0.9,2,0.447265
0.8,0.181818,0.9,3,0.0963595
0.8,0.181818,0.9,4,0.159919
0.8,0.181818,1,1,0.300118
0.8,0.181818,1,2,0.419086
0.8,0.181818,1,3,0.110255
0.8,0.181818,1,4,0.170541
0.8,0.181818,1.1,1,0.334407
0.8,0.181818,1.1,2,0.382255
0.8,0.181818,1.1,3,0.0830186
0.8,0.181818,1.1,4,0.20032
0.8,0.191919,0.9,1,0.306281
0.8,0.191919,0.9,2,0.437254
0.8,0.191919,0.9,3,0.0846903
0.8,0.191919,0.9,4,0.171775
0.8,0.191919,1,1,0.307936
0.8,0.191919,1,2,0.367823
0.8,0.191919,1,3,0.106788
0.8,0.191919,1,4,0.217453
0.8,0.191919,1.1,1,0.286479
0.8,0.191919,1.1,2,0.411146
0.8,0.191919,1.1,3,0.129787
0.8,0.191919,1.1,4,0.172588
0.8,0.20202,0.9,1,0.253908
0.8,0.20202,0.9,2,0.430557
0.8,0.20202,0.9,3,0.137448
0.8,0.20202,0.9,4,0.178087
0.8,0.20202,1,1,0.302051
0.8,0.20202,1,2,0.406621
0.8,0.20202,1,3,0.0952727
0.8,0.20202,1,4,0.196055
0.8,0.20202,1.1,1,0.333277
0.8,0.20202,1.1,2,0.33512
0.8,0.20202,1.1,3,0.0982985
0.8,0.20202,1.1,4,0.233305
0.8,0.212121,0.9,1,0.275738
0.8,0.212121,0.9,2,0.445368
0.8,0.212121,0.9,3,0.110336
0.8,0.212121,0.9,4,0.168558
0.8,0.212121,1,1,0.318401
0.8,0.212121,1,2,0.364282
0.8,0.212121,1,3,0.0872626
0.8,0.212121,1,4,0.230054
0.8,0.212121,1.1,1,0.342285
0.8,0.212121,1.1,2,0.344213
0.8,0.212121,1.1,3,0.0886887
0.8,0.212121,1.1,4,0.224813
0.8,0.222222,0.9,1,0.261042
0.8,0.222222,0.9,2,0.475929
0.8,0.222222,0.9,3,0.112517
0.8,0.222222,0.9,4,0.150512
0.8,0.222222,1,1,0.310982
0.8,0.222222,1,2,0.406578
0.8,0.222222,1,3,0.0843279
0.8,0.222222,1,4,0.198112
0.8,0.222222,1.1,1,0.326915
0.8,0.222222,1.1,2,0.398598
0.8,0.222222,1.1,3,0.094905
0.8,0.222222,1.1,4,0.179582
0.8,0.232323,0.9,1,0.275828
0.8,0.232323,0.9,2,0.452907
0.8,0.232323,0.9,3,0.0963252
0.8,0.232323,0.9,4,0.174939
0.8,0.232323,1,1,0.316301
0.8,0.232323,1,2,0.421898
0.8,0.232323,1,3,0.0746935
0.8,0.232323,1,4,0.187108
0.8,0.232323,1.1,1,0.30225
0.8,0.232323,1.1,2,0.402485
0.8,0.232323,1.1,3,0.118106
0.8,0.232323,1.1,4,0.177159
0.8,0.242424,0.9,1,0.28829
0.8,0.242424,0.9,2,0.43344
0.8,0.242424,0.9,3,0.092574
0.8,0.242424,0.9,4,0.185695
0.8,0.242424,1,1,0.31658
0.8,0.242424,1,2,0.406128
0.8,0.242424,1,3,0.0916798
0.8,0.242424,1,4,0.185612
0.8,0.242424,1.1,1,0.301223
0.8,0.242424,1.1,2,0.405418
0.8,0.242424,1.1,3,0.114053
0.8,0.242424,1.1,4,0.179306
0.8,0.252525,0.9,1,0.290221
0.8,0.252525,0.9,2,0.426809
0.8,0.252525,0.9,3,0.0887058
0.8,0.252525,0.9,4,0.194263
0.8,0.252525,1,1,0.328639
0.8,0.252525,1,2,0.402077
0.8,0.252525,1,3,0.0600257
0.8,0.252525,1,4,0.209259
0.8,0.252525,1.1,1,0.321554
0.8,0.252525,1.1,2,0.389524
0.8,0.252525,1.1,3,0.0878455
0.8,0.252525,1.1,4,0.201077
0.8,0.262626,0.9,1,0.282163
0.8,0.262626,0.9,2,0.453463
0.8,0.262626,0.9,3,0.0775223
0.8,0.262626,0.9,4,0.186852
0.8,0.262626,1,1,0.321372
0.8,0.262626,1,2,0.389519
0.8,0.262626,1,3,0.0750153
0.8,0.262626,1,4,0.214093
0.8,0.262626,1.1,1,0.340621
0.8,0.262626,1.1,2,0.39081
0.8,0.262626,1.1,3,0.06937
0.8,0.262626,1.1,4,0.199199
0.8,0.272727,0.9,1,0.271078
0.8,0.272727,0.9,2,0.448784
0.8,0.272727,0.9,3,0.0926897
0.8,0.272727,0.9,4,0.187448
0.8,0.272727,1,1,0.306819
0.8,0.272727,1,2,0.397553
0.8,0.272727,1,3,0.0840063
0.8,0.272727,1,4,0.211621
0.8,0.272727,1.1,1,0.337188
0.8,0.272727,1.1,2,0.440551
0.8,0.272727,1.1,3,0.0493474
0.8,0.272727,1.1,4,0.172913
0.8,0.282828,0.9,1,0.277006
0.8,0.282828,0.9,2,0.473303
0.8,0.282828,0.9,3,0.0758161
0.8,0.282828,0.9,4,0.173874
0.8,0.282828,1,1,0.330781
0.8,0.282828,1,2,0.390578
0.8,0.282828,1,3,0.054658
0.8,0.282828,1,4,0.223983
0.8,0.282828,1.1,1,0.318167
0.8,0.282828,1.1,2,0.443662
0.8,0.282828,1.1,3,0.0735404
0.8,0.282828,1.1,4,0.164631
0.8,0.292929,0.9,1,0.260236
0.8,0.292929,0.9,2,0.496571
0.8,0.292929,0.9,3,0.0615264
0.8,0.292929,0.9,4,0.181667
0.8,0.292929,1,1,0.303634
0.8,0.292929,1,2,0.420829
0.8,0.292929,1,3,0.073784
0.8,0.292929,1,4,0.201753
0.8,0.292929,1.1,1,0.31935
0.8,0.292929,1.1,2,0.406432
0.8,0.292929,1.1,3,0.0722346
0.8,0.292929,1.1,4,0.201983
0.8,0.30303,0.9,1,0.241436
0.8,0.30303,0.9,2,0.494688
0.8,0.30303,0.9,3,0.0740677
0.8,0.30303,0.9,4,0.189808
0.8,0.30303,1,1,0.301264
0.8,0.30303,1,2,0.436683
0.8,0.30303,1,3,0.0603247
0.8,0.30303,1,4,0.201729
0.8,0.30303,1.1,1,0.332666
0.8,0.30303,1.1,2,0.395927
0.8,0.30303,1.1,3,0.0681461
0.8,0.30303,1.1,4,0.20326
0.8,0.313131,0.9,1,0.210764
0.8,0.313131,0.9,2,0.565745
0.8,0.313131,0.9,3,0.0479955
0.8,0.313131,0.9,4,0.175496
0.8,0.313131,1,1,0.308414
0.8,0.313131,1,2,0.403159
0.8,0.313131,1,3,0.064264
0.8,0.313131,1,4,0.224163
0.8,0.313131,1.1,1,0.330362
0.8,0.313131,1.1,2,0.423273
0.8,0.313131,1.1,3,0.0539305
0.8,0.313131,1.1,4,0.192435
0.8,0.323232,0.9,1,0.1964
0.8,0.323232,0.9,2,0.590549
0.8,0.323232,0.9,3,0.0440617
0.8,0.323232,0.9,4,0.168989
0.8,0.323232,1,1,0.288328
0.8,0.323232,1,2,0.467518
0.8,0.323232,1,3,0.0605136
0.8,0.323232,1,4,0.183641
0.8,0.323232,1.1,1,0.315026
0.8,0.323232,1.1,2,0.402444
0.8,0.323232,1.1,3,0.0698773
0.8,0.323232,1.1,4,0.212653
0.8,0.333333,0.9,1,0.133483
0.8,0.333333,0.9,2,0.717004
0.8,0.333333,0.9,3,0.0354449
0.8,0.333333,0.9,4,0.114068
0.8,0.333333,1,1,0.294993
0.8,0.333333,1,2,0.458816
0.8,0.333333,1,3,0.0556662
0.8,0.333333,1,4,0.190525
0.8,0.333333,1.1,1,0.326387
0.8,0.333333,1.1,2,0.457322
0.8,0.333333,1.1,3,0.0504584
0.8,0.333333,1.1,4,0.165832
0.8,0.343434,0.9,1,0.121654
0.8,0.343434,0.9,2,0.747628
0.8,0.343434,0.9,3,0.0168959
0.8,0.343434,0.9,4,0.113823
0.8,0.343434,1,1,0.278772
0.8,0.343434,1,2,0.449913
0.8,0.343434,1,3,0.0723991
0.8,0.343434,1,4,0.198916
0.8,0.343434,1.1,1,0.321455
0.8,0.343434,1.1,2,0.392586
0.8,0.343434,1.1,3,0.0719079
0.8,0.343434,1.1,4,0.214051
0.8,0.353535,0.9,1,0.10136
0.8,0.353535,0.9,2,0.793238
0.8,0.353535,0.9,3,0.0160411
0.8,0.353535,0.9,4,0.0893604
0.8,0.353535,1,1,0.279345
0.8,0.353535,1,2,0.410344
0.8,0.353535,1,3,0.0735778
0.8,0.353535,1,4,0.236733
0.8,0.353535,1.1,1,0.306225
0.8,0.353535,1.1,2,0.405558
0.8,0.353535,1.1,3,0.0860245
0.8,0.353535,1.1,4,0.202193
0.8,0.363636,0.9,1,0.0887375
0.8,0.363636,0.9,2,0.818833
0.8,0.363636,0.9,3,0.0106504
0.8,0.363636,0.9,4,0.081779
0.8,0.363636,1,1,0.248366
0.8,0.363636,1,2,0.530816
0.8,0.363636,1,3,0.0396772
0.8,0.363636,1,4,0.18114
0.8,0.363636,1.1,1,0.3187
0.8,0.363636,1.1,2,0.436004
0.8,0.363636,1.1,3,0.0562934
0.8,0.363636,1.1,4,0.189002
0.8,0.373737,0.9,1,0.0599883
0.8,0.373737,0.9,2,0.859047
0.8,0.373737,0.9,3,0.0249695
0.8,0.373737,0.9,4,0.0559956
0.8,0.373737,1,1,0.239547
0.8,0.373737,1,2,0.51123
0.8,0.373737,1,3,0.0446462
0.8,0.373737,1,4,0.204577
0.8,0.373737,1.1,1,0.307502
0.8,0.373737,1.1,2,0.435273
0.8,0.373737,1.1,3,0.058448
0.8,0.373737,1.1,4,0.198778
0.8,0.383838,0.9,1,0.0589183
0.8,0.383838,0.9,2,0.869692
0.8,0.383838,0.9,3,0.0124562
0.8,0.383838,0.9,4,0.0589337
0.8,0.383838,1,1,0.220287
0.8,0.383838,1,2,0.575353
0.8,0.383838,1,3,0.022611
0.8,0.383838,1,4,0.181749
0.8,0.383838,1.1,1,0.322428
0.8,0.383838,1.1,2,0.424954
0.8,0.383838,1.1,3,0.0565132
0.8,0.383838,1.1,4,0.196104
0.8,0.393939,0.9,1,0.101588
0.8,0.393939,0.9,2,0.78538
0.8,0.393939,0.9,3,0.0128685
0.8,0.393939,0.9,4,0.100163
0.8,0.393939,1,1,0.187896
0.8,0.393939,1,2,0.607998
0.8,0.393939,1,3,0.0292526
0.8,0.393939,1,4,0.174854
0.8,0.393939,1.1,1,0.303294
0.8,0.393939,1.1,2,0.416936
0.8,0.393939,1.1,3,0.0639605
0.8,0.393939,1.1,4,0.21581
0.8,0.40404,0.9,1,0.0564302
0.8,0.40404,0.9,2,0.881614
0.8,0.40404,0.9,3,0.0067697
0.8,0.40404,0.9,4,0.0551864
0.8,0.40404,1,1,0.177482
0.8,0.40404,1,2,0.619631
0.8,0.40404,1,3,0.0385994
0.8,0.40404,1,4,0.164287
0.8,0.40404,1.1,1,0.278465
0.8,0.40404,1.1,2,0.469941
0.8,0.40404,1.1,3,0.0694852
0.8,0.40404,1.1,4,0.182109
0.8,0.414141,0.9,1,0.0622724
0.8,0.414141,0.9,2,0.864715
0.8,0.414141,0.9,3,0.0106871
0.8,0.414141,0.9,4,0.0623258
0.8,0.414141,1,1,0.112338
0.8,0.414141,1,2,0.754888
0.8,0.414141,1,3,0.0229103
0.8,0.414141,1,4,0.109864
0.8,0.414141,1.1,1,0.302191
0.8,0.414141,1.1,2,0.430069
0.8,0.414141,1.1,3,0.0478258
0.8,0.414141,1.1,4,0.219913
0.8,0.424242,0.9,1,0.0697159
0.8,0.424242,0.9,2,0.850323
0.8,0.424242,0.9,3,0.0115474
0.8,0.424242,0.9,4,0.0684133
0.8,0.424242,1,1,0.110618
0.8,0.424242,1,2,0.756931
0.8,0.424242,1,3,0.027625
0.8,0.424242,1,4,0.104826
0.8,0.424242,1.1,1,0.26765
0.8,0.424242,1.1,2,0.464195
0.8,0.424242,1.1,3,0.0696121
0.8,0.424242,1.1,4,0.198543
0.8,0.434343,0.9,1,0.0345731
0.8,0.434343,0.9,2,0.919311
0.8,0.434343,0.9,3,0.0118553
0.8,0.434343,0.9,4,0.0342602
0.8,0.434343,1,1,0.128001
0.8,0.434343,1,2,0.729993
0.8,0.434343,1,3,0.0225006
0.8,0.434343,1,4,0.119505
0.8,0.434343,1.1,1,0.244087
0.8,0.434343,1.1,2,0.498644
0.8,0.434343,1.1,3,0.0649677
0.8,0.434343,1.1,4,0.192302
0.8,0.444444,0.9,1,0.0805665
0.8,0.444444,0.9,2,0.828695
0.8,0.444444,0.9,3,0.0076752
0.8,0.444444,0.9,4,0.0830633
0.8,0.444444,1,1,0.120943
0.8,0.444444,1,2,0.740293
0.8,0.444444,1,3,0.0254068
0.8,0.444444,1,4,0.113357
0.8,0.444444,1.1,1,0.232507
0.8,0.444444,1.1,2,0.536604
0.8,0.444444,1.1,3,0.0572527
0.8,0.444444,1.1,4,0.173636
0.8,0.454545,0.9,1,0.0679482
0.8,0.454545,0.9,2,0.852118
0.8,0.454545,0.9,3,0.0104464
0.8,0.454545,0.9,4,0.0694871
0.8,0.454545,1,1,0.0823985
0.8,0.454545,1,2,0.835185
0.8,0.454545,1,3,1.81e-05
0.8,0.454545,1,4,0.0823982
0.8,0.454545,1.1,1,0.168635
0.8,0.454545,1.1,2,0.648569
0.8,0.454545,1.1,3,0.0459992
0.8,0.454545,1.1,4,0.136797
0.8,0.464646,0.9,1,0.0520757
0.8,0.464646,0.9,2,0.892238
0.8,0.464646,0.9,3,0.0016167
0.8,0.464646,0.9,4,0.0540699
0.8,0.464646,1,1,0.0665377
0.8,0.464646,1,2,0.850245
0.8,0.464646,1,3,0.0183456
0.8,0.464646,1,4,0.0648713
0.8,0.464646,1.1,1,0.203296
0.8,0.464646,1.1,2,0.601472
0.8,0.464646,1.1,3,0.0253912
0.8,0.464646,1.1,4,0.169841
0.8,0.474747,0.9,1,0.0660981
0.8,0.474747,0.9,2,0.848648
0.8,0.474747,0.9,3,0.0127249
0.8,0.474747,0.9,4,0.0725295
0.8,0.474747,1,1,0.0854411
0.8,0.474747,1,2,0.802012
0.8,0.474747,1,3,0.0251065
0.8,0.474747,1,4,0.0874408
0.8,0.474747,1.1,1,0.17167
0.8,0.474747,1.1,2,0.634486
0.8,0.474747,1.1,3,0.0392826
0.8,0.474747,1.1,4,0.154562
0.8,0.484848,0.9,1,0.0523737
0.8,0.484848,0.9,2,0.875653
0.8,0.484848,0.9,3,0.018246
0.8,0.484848,0.9,4,0.0537271
0.8,0.484848,1,1,0.0732714
0.8,0.484848,1,2,0.837747
0.8,0.484848,1,3,0.0157097
0.8,0.484848,1,4,0.0732723
0.8,0.484848,1.1,1,0.147723
0.8,0.484848,1.1,2,0.69863
0.8,0.484848,1.1,3,0.0251831
0.8,0.484848,1.1,4,0.128464
0.8,0.494949,0.9,1,0.0713353
0.8,0.494949,0.9,2,0.846812
0.8,0.494949,0.9,3,0.0004206
0.8,0.494949,0.9,4,0.0814317
0.8,0.494949,1,1,0.0716498
0.8,0.494949,1,2,0.850296
0.8,0.494949,1,3,0.006407
0.8,0.494949,1,4,0.0716468
0.8,0.494949,1.1,1,0.148437
0.8,0.494949,1.1,2,0.680737
0.8,0.494949,1.1,3,0.0369968
0.8,0.494949,1.1,4,0.133829
0.8,0.505051,0.9,1,0.0754347
0.8,0.505051,0.9,2,0.824904
0.8,0.505051,0.9,3,0.0087289
0.8,0.505051,0.9,4,0.0909326
0.8,0.505051,1,1,0.0855545
0.8,0.505051,1,2,0.820555
0.8,0.505051,1,3,0.0067052
0.8,0.505051,1,4,0.0871848
0.8,0.505051,1.1,1,0.132091
0.8,0.505051,1.1,2,0.740027
0.8,0.505051,1.1,3,0.0148588
0.8,0.505051,1.1,4,0.113024
0.8,0.515152,0.9,1,0.0911037
0.8,0.515152,0.9,2,0.793594
0.8,0.515152,0.9,3,0.0177104
0.8,0.515152,0.9,4,0.0975919
0.8,0.515152,1,1,0.101943
0.8,0.515152,1,2,0.779232
0.8,0.515152,1,3,0.0168328
0.8,0.515152,1,4,0.101993
0.8,0.515152,1.1,1,0.0953236
0.8,0.515152,1.1,2,0.786646
0.8,0.515152,1.1,3,0.0310333
0.8,0.515152,1.1,4,0.0869972
0.8,0.525253,0.9,1,0.102256
0.8,0.525253,0.9,2,0.75942
0.8,0.525253,0.9,3,0.0118024
0.8,0.525253,0.9,4,0.126521
0.8,0.525253,1,1,0.0770591
0.8,0.525253,1,2,0.822591
0.8,0.525253,1,3,0.0232862
0.8,0.525253,1,4,0.0770635
0.8,0.525253,1.1,1,0.10629
0.8,0.525253,1.1,2,0.783197
0.8,0.525253,1.1,3,0.0054751
0.8,0.525253,1.1,4,0.105038
0.8,0.535354,0.9,1,0.0860499
0.8,0.535354,0.9,2,0.775309
0.8,0.535354,0.9,3,0.013964
0.8,0.535354,0.9,4,0.124677
0.8,0.535354,1,1,0.0620703
0.8,0.535354,1,2,0.866259
0.8,0.535354,1,3,0.0089246
0.8,0.535354,1,4,0.0627457
0.8,0.535354,1.1,1,0.0931267
0.8,0.535354,1.1,2,0.791482
0.8,0.535354,1.1,3,0.0236882
0.8,0.535354,1.1,4,0.0917028
0.8,0.545455,0.9,1,0.12228
0.8,0.545455,0.9,2,0.693478
0.8,0.545455,0.9,3,0.022487
0.8,0.545455,0.9,4,0.161756
0.8,0.545455,1,1,0.11017
0.8,0.545455,1,2,0.752164
0.8,0.545455,1,3,0.0258336
0.8,0.545455,1,4,0.111833
0.8,0.545455,1.1,1,0.109587
0.8,0.545455,1.1,2,0.756636
0.8,0.545455,1.1,3,0.0261902
0.8,0.545455,1.1,4,0.107586
0.8,0.555556,0.9,1,0.126139
0.8,0.555556,0.9,2,0.660043
0.8,0.555556,0.9,3,0.0182169
0.8,0.555556,0.9,4,0.195602
0.8,0.555556,1,1,0.104693
0.8,0.555556,1,2,0.767707
0.8,0.555556,1,3,0.0191984
0.8,0.555556,1,4,0.108402
0.8,0.555556,1.1,1,0.0851954
0.8,0.555556,1.1,2,0.816176
0.8,0.555556,1.1,3,0.0184374
0.8,0.555556,1.1,4,0.0801908
0.8,0.565657,0.9,1,0.165808
0.8,0.565657,0.9,2,0.550167
0.8,0.565657,0.9,3,0.0572711
0.8,0.565657,0.9,4,0.226754
0.8,0.565657,1,1,0.10231
0.8,0.565657,1,2,0.753119
0.8,0.565657,1,3,0.0310951
0.8,0.565657,1,4,0.113475
0.8,0.565657,1.1,1,0.0688849
0.8,0.565657,1.1,2,0.845351
0.8,0.565657,1.1,3,0.0153127
0.8,0.565657,1.1,4,0.0704512
0.8,0.575758,0.9,1,0.142805
0.8,0.575758,0.9,2,0.607553
0.8,0.575758,0.9,3,0.0350603
0.8,0.575758,0.9,4,0.214581
0.8,0.575758,1,1,0.113488
0.8,0.575758,1,2,0.742902
0.8,0.575758,1,3,0.0235412
0.8,0.575758,1,4,0.120068
0.8,0.575758,1.1,1,0.0761752
0.8,0.575758,1.1,2,0.826248
0.8,0.575758,1.1,3,0.0234005
0.8,0.575758,1.1,4,0.0741761
0.8,0.585859,0.9,1,0.170505
0.8,0.585859,0.9,2,0.510079
0.8,0.585859,0.9,3,0.0498999
0.8,0.585859,0.9,4,0.269516
0.8,0.585859,1,1,0.146572
0.8,0.585859,1,2,0.666688
0.8,0.585859,1,3,0.0231229
0.8,0.585859,1,4,0.163618
0.8,0.585859,1.1,1,0.0691816
0.8,0.585859,1.1,2,0.845801
0.8,0.585859,1.1,3,0.0158329
0.8,0.585859,1.1,4,0.0691849
0.8,0.59596,0.9,1,0.197725
0.8,0.59596,0.9,2,0.444203
0.8,0.59596,0.9,3,0.0598118
0.8,0.59596,0.9,4,0.298261
0.8,0.59596,1,1,0.123307
0.8,0.59596,1,2,0.698263
0.8,0.59596,1,3,0.029184
0.8,0.59596,1,4,0.149246
0.8,0.59596,1.1,1,0.0684116
0.8,0.59596,1.1,2,0.85232
0.8,0.59596,1.1,3,0.0108547
0.8,0.59596,1.1,4,0.0684136
0.8,0.606061,0.9,1,0.183676
0.8,0.606061,0.9,2,0.479163
0.8,0.606061,0.9,3,0.0333042
0.8,0.606061,0.9,4,0.303857
0.8,0.606061,1,1,0.178443
0.8,0.606061,1,2,0.599482
0.8,0.606061,1,3,0.0335389
0.8,0.606061,1,4,0.188536
0.8,0.606061,1.1,1,0.067379
0.8,0.606061,1.1,2,0.837993
0.8,0.606061,1.1,3,0.0247459
0.8,0.606061,1.1,4,0.0698825
0.8,0.616162,0.9,1,0.196635
0.8,0.616162,0.9,2,0.450281
0.8,0.616162,0.9,3,0.0434121
0.8,0.616162,0.9,4,0.309672
0.8,0.616162,1,1,0.147585
0.8,0.616162,1,2,0.62561
0.8,0.616162,1,3,0.0503057
0.8,0.616162,1,4,0.176499
0.8,0.616162,1.1,1,0.101211
0.8,0.616162,1.1,2,0.761062
0.8,0.616162,1.1,3,0.0365162
0.8,0.616162,1.1,4,0.101212
0.8,0.626263,0.9,1,0.18372
0.8,0.626263,0.9,2,0.443069
0.8,0.626263,0.9,3,0.046821
0.8,0.626263,0.9,4,0.326389
0.8,0.626263,1,1,0.201983
0.8,0.626263,1,2,0.488381
0.8,0.626263,1,3,0.0680891
0.8,0.626263,1,4,0.241547
0.8,0.626263,1.1,1,0.104547
0.8,0.626263,1.1,2,0.752216
0.8,0.626263,1.1,3,0.0386622
0.8,0.626263,1.1,4,0.104575
0.8,0.636364,0.9,1,0.179127
0.8,0.636364,0.9,2,0.471946
0.8,0.636364,0.9,3,0.0297288
0.8,0.636364,0.9,4,0.319198
0.8,0.636364,1,1,0.199929
0.8,0.636364,1,2,0.486938
0.8,0.636364,1,3,0.062396
0.8,0.636364,1,4,0.250737
0.8,0.636364,1.1,1,0.117561
0.8,0.636364,1.1,2,0.740252
0.8,0.636364,1.1,3,0.0229919
0.8,0.636364,1.1,4,0.119195
0.8,0.646465,0.9,1,0.1411
0.8,0.646465,0.9,2,0.508183
0.8,0.646465,0.9,3,0.0694709
0.8,0.646465,0.9,4,0.281245
0.8,0.646465,1,1,0.244321
0.8,0.646465,1,2,0.40107
0.8,0.646465,1,3,0.0440398
0.8,0.646465,1,4,0.310569
0.8,0.646465,1.1,1,0.120537
0.8,0.646465,1.1,2,0.720449
0.8,0.646465,1.1,3,0.0331525
0.8,0.646465,1.1,4,0.125861
0.8,0.656566,0.9,1,0.151192
0.8,0.656566,0.9,2,0.479597
0.8,0.656566,0.9,3,0.0742713
0.8,0.656566,0.9,4,0.29494
0.8,0.656566,1,1,0.197035
0.8,0.656566,1,2,0.452498
0.8,0.656566,1,3,0.080136
0.8,0.656566,1,4,0.27033
0.8,0.656566,1.1,1,0.130061
0.8,0.656566,1.1,2,0.698499
0.8,0.656566,1.1,3,0.0368795
0.8,0.656566,1.1,4,0.13456
0.8,0.666667,0.9,1,0.155921
0.8,0.666667,0.9,2,0.479077
0.8,0.666667,0.9,3,0.0510849
0.8,0.666667,0.9,4,0.313917
0.8,0.666667,1,1,0.210086
0.8,0.666667,1,2,0.449884
0.8,0.666667,1,3,0.0570628
0.8,0.666667,1,4,0.282966
0.8,0.666667,1.1,1,0.15079
0.8,0.666667,1.1,2,0.649351
0.8,0.666667,1.1,3,0.0358139
0.8,0.666667,1.1,4,0.164045
0.8,0.676768,0.9,1,0.182866
0.8,0.676768,0.9,2,0.441944
0.8,0.676768,0.9,3,0.0479485
0.8,0.676768,0.9,4,0.327241
0.8,0.676768,1,1,0.212005
0.8,0.676768,1,2,0.417747
0.8,0.676768,1,3,0.0699493
0.8,0.676768,1,4,0.300299
0.8,0.676768,1.1,1,0.151477
0.8,0.676768,1.1,2,0.606301
0.8,0.676768,1.1,3,0.0712463
0.8,0.676768,1.1,4,0.170976
0.8,0.686869,0.9,1,0.216979
0.8,0.686869,0.9,2,0.399691
0.8,0.686869,0.9,3,0.037164
0.8,0.686869,0.9,4,0.346166
0.8,0.686869,1,1,0.195522
0.8,0.686869,1,2,0.427053
0.8,0.686869,1,3,0.0995981
0.8,0.686869,1,4,0.277827
0.8,0.686869,1.1,1,0.150627
0.8,0.686869,1.1,2,0.588919
0.8,0.686869,1.1,3,0.0806104
0.8,0.686869,1.1,4,0.179843
0.8,0.69697,0.9,1,0.180685
0.8,0.69697,0.9,2,0.443329
0.8,0.69697,0.9,3,0.0288674
0.8,0.69697,0.9,4,0.347118
0.8,0.69697,1,1,0.233377
0.8,0.69697,1,2,0.387838
0.8,0.69697,1,3,0.0605812
0.8,0.69697,1,4,0.318204
0.8,0.69697,1.1,1,0.190096
0.8,0.69697,1.1,2,0.491393
0.8,0.69697,1.1,3,0.108262
0.8,0.69697,1.1,4,0.210249
0.8,0.707071,0.9,1,0.14881
0.8,0.707071,0.9,2,0.468168
0.8,0.707071,0.9,3,0.060426
0.8,0.707071,0.9,4,0.322596
0.8,0.707071,1,1,0.240509
0.8,0.707071,1,2,0.364129
0.8,0.707071,1,3,0.0716007
0.8,0.707071,1,4,0.323762
0.8,0.707071,1.1,1,0.206986
0.8,0.707071,1.1,2,0.478948
0.8,0.707071,1.1,3,0.0739809
0.8,0.707071,1.1,4,0.240085
0.8,0.717172,0.9,1,0.165644
0.8,0.717172,0.9,2,0.453014
0.8,0.717172,0.9,3,0.0474316
0.8,0.717172,0.9,4,0.333911
0.8,0.717172,1,1,0.155192
0.8,0.717172,1,2,0.464899
0.8,0.717172,1,3,0.0822997
0.8,0.717172,1,4,0.297609
0.8,0.717172,1.1,1,0.212207
0.8,0.717172,1.1,2,0.445686
0.8,0.717172,1.1,3,0.0722065
0.8,0.717172,1.1,4,0.269901
0.8,0.727273,0.9,1,0.156165
0.8,0.727273,0.9,2,0.45662
0.8,0.727273,0.9,3,0.0378499
0.8,0.727273,0.9,4,0.349365
0.8,0.727273,1,1,0.191176
0.8,0.727273,1,2,0.421641
0.8,0.727273,1,3,0.0858686
0.8,0.727273,1,4,0.301314
0.8,0.727273,1.1,1,0.226554
0.8,0.727273,1.1,2,0.406838
0.8,0.727273,1.1,3,0.11432
0.8,0.727273,1.1,4,0.252288
0.8,0.737374,0.9,1,0.187221
0.8,0.737374,0.9,2,0.415039
0.8,0.737374,0.9,3,0.0745166
0.8,0.737374,0.9,4,0.323224
0.8,0.737374,1,1,0.210705
0.8,0.737374,1,2,0.391307
0.8,0.737374,1,3,0.0747979
0.8,0.737374,1,4,0.32319
0.8,0.737374,1.1,1,0.171899
0.8,0.737374,1.1,2,0.472823
0.8,0.737374,1.1,3,0.0908042
0.8,0.737374,1.1,4,0.264474
0.8,0.747475,0.9,1,0.161616
0.8,0.747475,0.9,2,0.452487
0.8,0.747475,0.9,3,0.0505745
0.8,0.747475,0.9,4,0.335322
0.8,0.747475,1,1,0.206891
0.8,0.747475,1,2,0.406992
0.8,0.747475,1,3,0.0615162
0.8,0.747475,1,4,0.324601
0.8,0.747475,1.1,1,0.199177
0.8,0.747475,1.1,2,0.43373
0.8,0.747475,1.1,3,0.093119
0.8,0.747475,1.1,4,0.273974
0.8,0.757576,0.9,1,0.185187
0.8,0.757576,0.9,2,0.40334
0.8,0.757576,0.9,3,0.0815436
0.8,0.757576,0.9,4,0.32993
0.8,0.757576,1,1,0.180215
0.8,0.757576,1,2,0.430737
0.8,0.757576,1,3,0.0850491
0.8,0.757576,1,4,0.303999
0.8,0.757576,1.1,1,0.22459
0.8,0.757576,1.1,2,0.399678
0.8,0.757576,1.1,3,0.0756507
0.8,0.757576,1.1,4,0.300081
0.8,0.767677,0.9,1,0.148513
0.8,0.767677,0.9,2,0.45939
0.8,0.767677,0.9,3,0.0823847
0.8,0.767677,0.9,4,0.309712
0.8,0.767677,1,1,0.17568
0.8,0.767677,1,2,0.426706
0.8,0.767677,1,3,0.0934869
0.8,0.767677,1,4,0.304127
0.8,0.767677,1.1,1,0.23191
0.8,0.767677,1.1,2,0.376675
0.8,0.767677,1.1,3,0.0805755
0.8,0.767677,1.1,4,0.31084
0.8,0.777778,0.9,1,0.169654
0.8,0.777778,0.9,2,0.426915
0.8,0.777778,0.9,3,0.0618812
0.8,0.777778,0.9,4,0.34155
0.8,0.777778,1,1,0.220417
0.8,0.777778,1,2,0.375082
0.8,0.777778,1,3,0.0973641
0.8,0.777778,1,4,0.307137
0.8,0.777778,1.1,1,0.177707
0.8,0.777778,1.1,2,0.438249
0.8,0.777778,1.1,3,0.136305
0.8,0.777778,1.1,4,0.247739
0.8,0.787879,0.9,1,0.203045
0.8,0.787879,0.9,2,0.379409
0.8,0.787879,0.9,3,0.0776902
0.8,0.787879,0.9,4,0.339856
0.8,0.787879,1,1,0.20045
0.8,0.787879,1,2,0.387155
0.8,0.787879,1,3,0.0887141
0.8,0.787879,1,4,0.323681
0.8,0.787879,1.1,1,0.208215
0.8,0.787879,1.1,2,0.394363
0.8,0.787879,1.1,3,0.120687
0.8,0.787879,1.1,4,0.276734
0.8,0.79798,0.9,1,0.230163
0.8,0.79798,0.9,2,0.351193
0.8,0.79798,0.9,3,0.0644658
0.8,0.79798,0.9,4,0.354179
0.8,0.79798,1,1,0.200862
0.8,0.79798,1,2,0.39214
0.8,0.79798,1,3,0.113522
0.8,0.79798,1,4,0.293476
0.8,0.79798,1.1,1,0.157717
0.8,0.79798,1.1,2,0.45441
0.8,0.79798,1.1,3,0.140378
0.8,0.79798,1.1,4,0.247495
0.8,0.808081,0.9,1,0.2024
0.8,0.808081,0.9,2,0.385933
0.8,0.808081,0.9,3,0.0518741
0.8,0.808081,0.9,4,0.359792
0.8,0.808081,1,1,0.235618
0.8,0.808081,1,2,0.341509
0.8,0.808081,1,3,0.110759
0.8,0.808081,1,4,0.312114
0.8,0.808081,1.1,1,0.194274
0.8,0.808081,1.1,2,0.412594
0.8,0.808081,1.1,3,0.0905218
0.8,0.808081,1.1,4,0.302611
0.8,0.818182,0.9,1,0.174297
0.8,0.818182,0.9,2,0.417464
0.8,0.818182,0.9,3,0.0580763
0.8,0.818182,0.9,4,0.350163
0.8,0.818182,1,1,0.217081
0.8,0.818182,1,2,0.370781
0.8,0.818182,1,3,0.0836615
0.8,0.818182,1,4,0.328476
0.8,0.818182,1.1,1,0.223943
0.8,0.818182,1.1,2,0.356087
0.8,0.818182,1.1,3,0.129125
0.8,0.818182,1.1,4,0.290846
0.8,0.828283,0.9,1,0.227541
0.8,0.828283,0.9,2,0.345103
0.8,0.828283,0.9,3,0.0713277
0.8,0.828283,0.9,4,0.356029
0.8,0.828283,1,1,0.208466
0.8,0.828283,1,2,0.368596
0.8,0.828283,1,3,0.133093
0.8,0.828283,1,4,0.289846
0.8,0.828283,1.1,1,0.195893
0.8,0.828283,1.1,2,0.403538
0.8,0.828283,1.1,3,0.0992351
0.8,0.828283,1.1,4,0.301333
0.8,0.838384,0.9,1,0.19
0.8,0.838384,0.9,2,0.38123
0.8,0.838384,0.9,3,0.0911251
0.8,0.838384,0.9,4,0.337644
0.8,0.838384,1,1,0.188337
0.8,0.838384,1,2,0.382157
0.8,0.838384,1,3,0.184891
0.8,0.838384,1,4,0.244614
0.8,0.838384,1.1,1,0.194367
0.8,0.838384,1.1,2,0.402229
0.8,0.838384,1.1,3,0.136716
0.8,0.838384,1.1,4,0.266689
0.8,0.848485,0.9,1,0.211393
0.8,0.848485,0.9,2,0.354044
0.8,0.848485,0.9,3,0.101279
0.8,0.848485,0.9,4,0.333283
0.8,0.848485,1,1,0.226052
0.8,0.848485,1,2,0.338024
0.8,0.848485,1,3,0.141542
0.8,0.848485,1,4,0.294382
0.8,0.848485,1.1,1,0.208341
0.8,0.848485,1.1,2,0.370389
0.8,0.848485,1.1,3,0.15194
0.8,0.848485,1.1,4,0.26933
0.8,0.858586,0.9,1,0.173537
0.8,0.858586,0.9,2,0.387939
0.8,0.858586,0.9,3,0.131799
0.8,0.858586,0.9,4,0.306725
0.8,0.858586,1,1,0.23143
0.8,0.858586,1,2,0.344115
0.8,0.858586,1,3,0.115701
0.8,0.858586,1,4,0.308754
0.8,0.858586,1.1,1,0.193078
0.8,0.858586,1.1,2,0.386437
0.8,0.858586,1.1,3,0.151494
0.8,0.858586,1.1,4,0.26899
0.8,0.868687,0.9,1,0.246945
0.8,0.868687,0.9,2,0.310886
0.8,0.868687,0.9,3,0.096967
0.8,0.868687,0.9,4,0.345201
0.8,0.868687,1,1,0.215375
0.8,0.868687,1,2,0.344759
0.8,0.868687,1,3,0.110356
0.8,0.868687,1,4,0.32951
0.8,0.868687,1.1,1,0.164271
0.8,0.868687,1.1,2,0.410449
0.8,0.868687,1.1,3,0.16788
0.8,0.868687,1.1,4,0.2574
0.8,0.878788,0.9,1,0.226794
0.8,0.878788,0.9,2,0.349447
0.8,0.878788,0.9,3,0.0814647
0.8,0.878788,0.9,4,0.342294
0.8,0.878788,1,1,0.255537
0.8,0.878788,1,2,0.298411
0.8,0.878788,1,3,0.160343
0.8,0.878788,1,4,0.285709
0.8,0.878788,1.1,1,0.204026
0.8,0.878788,1.1,2,0.353254
0.8,0.878788,1.1,3,0.166879
0.8,0.878788,1.1,4,0.275841
0.8,0.888889,0.9,1,0.218573
0.8,0.888889,0.9,2,0.338875
0.8,0.888889,0.9,3,0.10763
0.8,0.888889,0.9,4,0.334922
0.8,0.888889,1,1,0.223987
0.8,0.888889,1,2,0.330881
0.8,0.888889,1,3,0.144085
0.8,0.888889,1,4,0.301047
0.8,0.888889,1.1,1,0.247314
0.8,0.888889,1.1,2,0.310172
0.8,0.888889,1.1,3,0.196831
0.8,0.888889,1.1,4,0.245683
0.8,0.89899,0.9,1,0.202016
0.8,0.89899,0.9,2,0.359963
0.8,0.89899,0.9,3,0.120036
0.8,0.89899,0.9,4,0.317985
0.8,0.89899,1,1,0.235386
0.8,0.89899,1,2,0.315911
0.8,0.89899,1,3,0.156738
0.8,0.89899,1,4,0.291965
0.8,0.89899,1.1,1,0.232965
0.8,0.89899,1.1,2,0.310115
0.8,0.89899,1.1,3,0.205216
0.8,0.89899,1.1,4,0.251704
0.8,0.909091,0.9,1,0.177053
0.8,0.909091,0.9,2,0.383401
0.8,0.909091,0.9,3,0.119944
0.8,0.909091,0.9,4,0.319602
0.8,0.909091,1,1,0.203677
0.8,0.909091,1,2,0.343465
0.8,0.909091,1,3,0.206137
0.8,0.909091,1,4,0.24672
0.8,0.909091,1.1,1,0.211593
0.8,0.909091,1.1,2,0.349421
0.8,0.909091,1.1,3,0.131041
0.8,0.909091,1.1,4,0.307945
0.8,0.919192,0.9,1,0.215022
0.8,0.919192,0.9,2,0.320435
0.8,0.919192,0.9,3,0.123375
0.8,0.919192,0.9,4,0.341168
0.8,0.919192,1,1,0.229701
0.8,0.919192,1,2,0.312304
0.8,0.919192,1,3,0.198529
0.8,0.919192,1,4,0.259465
0.8,0.919192,1.1,1,0.245578
0.8,0.919192,1.1,2,0.300189
0.8,0.919192,1.1,3,0.21613
0.8,0.919192,1.1,4,0.238104
0.8,0.929293,0.9,1,0.248969
0.8,0.929293,0.9,2,0.306323
0.8,0.929293,0.9,3,0.136007
0.8,0.929293,0.9,4,0.3087
0.8,0.929293,1,1,0.256305
0.8,0.929293,1,2,0.271275
0.8,0.929293,1,3,0.168792
0.8,0.929293,1,4,0.303629
0.8,0.929293,1.1,1,0.230518
0.8,0.929293,1.1,2,0.310937
0.8,0.929293,1.1,3,0.232632
0.8,0.929293,1.1,4,0.225913
0.8,0.939394,0.9,1,0.194444
0.8,0.939394,0.9,2,0.360776
0.8,0.939394,0.9,3,0.163515
0.8,0.939394,0.9,4,0.281266
0.8,0.939394,1,1,0.26263
0.8,0.939394,1,2,0.273163
0.8,0.939394,1,3,0.21301
0.8,0.939394,1,4,0.251197
0.8,0.939394,1.1,1,0.231611
0.8,0.939394,1.1,2,0.296302
0.8,0.939394,1.1,3,0.212803
0.8,0.939394,1.1,4,0.259284
0.8,0.949495,0.9,1,0.243652
0.8,0.949495,0.9,2,0.297292
0.8,0.949495,0.9,3,0.134044
0.8,0.949495,0.9,4,0.325012
0.8,0.949495,1,1,0.253583
0.8,0.949495,1,2,0.279724
0.8,0.949495,1,3,0.182834
0.8,0.949495,1,4,0.28386
0.8,0.949495,1.1,1,0.235191
0.8,0.949495,1.1,2,0.297696
0.8,0.949495,1.1,3,0.202421
0.8,0.949495,1.1,4,0.264692
0.8,0.959596,0.9,1,0.27959
0.8,0.959596,0.9,2,0.272776
0.8,0.959596,0.9,3,0.192003
0.8,0.959596,0.9,4,0.25563
0.8,0.959596,1,1,0.28059
0.8,0.959596,1,2,0.246806
0.8,0.959596,1,3,0.205241
0.8,0.959596,1,4,0.267364
0.8,0.959596,1.1,1,0.23906
0.8,0.959596,1.1,2,0.290151
0.8,0.959596,1.1,3,0.197152
0.8,0.959596,1.1,4,0.273637
0.8,0.969697,0.9,1,0.25059
0.8,0.969697,0.9,2,0.298068
0.8,0.969697,0.9,3,0.175114
0.8,0.969697,0.9,4,0.276228
0.8,0.969697,1,1,0.249965
0.8,0.969697,1,2,0.297352
0.8,0.969697,1,3,0.213549
0.8,0.969697,1,4,0.239135
0.8,0.969697,1.1,1,0.239313
0.8,0.969697,1.1,2,0.29806
0.8,0.969697,1.1,3,0.233417
0.8,0.969697,1.1,4,0.229209
0.8,0.979798,0.9,1,0.227239
0.8,0.979798,0.9,2,0.318889
0.8,0.979798,0.9,3,0.201417
0.8,0.979798,0.9,4,0.252455
0.8,0.979798,1,1,0.283304
0.8,0.979798,1,2,0.257407
0.8,0.979798,1,3,0.226224
0.8,0.979798,1,4,0.233066
0.8,0.979798,1.1,1,0.266524
0.8,0.979798,1.1,2,0.275993
0.8,0.979798,1.1,3,0.205779
0.8,0.979798,1.1,4,0.251704
0.8,0.989899,0.9,1,0.243819
0.8,0.989899,0.9,2,0.304842
0.8,0.989899,0.9,3,0.21751
0.8,0.989899,0.9,4,0.233828
0.8,0.989899,1,1,0.251013
0.8,0.989899,1,2,0.282164
0.8,0.989899,1,3,0.236045
0.8,0.989899,1,4,0.230778
0.8,0.989899,1.1,1,0.277073
0.8,0.989899,1.1,2,0.257672
0.8,0.989899,1.1,3,0.244487
0.8,0.989899,1.1,4,0.220767
0.8,1,0.9,1,0.244185
0.8,1,0.9,2,0.302349
0.8,1,0.9,3,0.224786
0.8,1,0.9,4,0.22868
0.8,1,1,1,0.278689
0.8,1,1,2,0.255411
0.8,1,1,3,0.211585
0.8,1,1,4,0.254315
0.8,1,1.1,1,0.2733
0.8,1,1.1,2,0.253633
0.8,1,1.1,3,0.212584
0.8,1,1.1,4,0.260482
1,0,0.9,1,0.229986
1,0,0.9,2,0.280044
1,0,0.9,3,0.222233
1,0,0.9,4,0.267736
1,0,1,1,0.227506
1,0,1,2,0.262217
1,0,1,3,0.217152
1,0,1,4,0.293125
1,0,1.1,1,0.232305
1,0,1.1,2,0.277982
1,0,1.1,3,0.216645
1,0,1.1,4,0.273067
1,0.010101,0.9,1,0.183755
1,0.010101,0.9,2,0.23774
1,0.010101,0.9,3,0.26951
1,0.010101,0.9,4,0.308996
1,0.010101,1,1,0.220412
1,0.010101,1,2,0.273579
1,0.010101,1,3,0.225135
1,0.010101,1,4,0.280874
1,0.010101,1.1,1,0.230601
1,0.010101,1.1,2,0.263397
1,0.010101,1.1,3,0.20686
1,0.010101,1.1,4,0.299142
1,0.020202,0.9,1,0.226199
1,0.020202,0.9,2,0.279728
1,0.020202,0.9,3,0.213118
1,0.020202,0.9,4,0.280955
1,0.020202,1,1,0.267343
1,0.020202,1,2,0.276405
1,0.020202,1,3,0.173225
1,0.020202,1,4,0.283027
1,0.020202,1.1,1,0.265065
1,0.020202,1.1,2,0.291273
1,0.020202,1.1,3,0.176323
1,0.020202,1.1,4,0.267339
1,0.030303,0.9,1,0.217523
1,0.030303,0.9,2,0.288764
1,0.030303,0.9,3,0.221425
1,0.030303,0.9,4,0.272288
1,0.030303,1,1,0.211539
1,0.030303,1,2,0.280891
1,0.030303,1,3,0.231856
1,0.030303,1,4,0.275714
1,0.030303,1.1,1,0.23539
1,0.030303,1.1,2,0.31281
1,0.030303,1.1,3,0.200929
1,0.030303,1.1,4,0.25087
1,0.040404,0.9,1,0.239847
1,0.040404,0.9,2,0.320069
1,0.040404,0.9,3,0.192378
1,0.040404,0.9,4,0.247707
1,0.040404,1,1,0.252587
1,0.040404,1,2,0.349771
1,0.040404,1,3,0.18398
1,0.040404,1,4,0.213662
1,0.040404,1.1,1,0.253017
1,0.040404,1.1,2,0.308869
1,0.040404,1.1,3,0.194213
1,0.040404,1.1,4,0.2439
1,0.0505051,0.9,1,0.23292
1,0.0505051,0.9,2,0.299884
1,0.0505051,0.9,3,0.20911
1,0.0505051,0.9,4,0.258086
1,0.0505051,1,1,0.225929
1,0.0505051,1,2,0.319821
1,0.0505051,1,3,0.220573
1,0.0505051,1,4,0.233678
1,0.0505051,1.1,1,0.25625
1,0.0505051,1.1,2,0.323653
1,0.0505051,1.1,3,0.184161
1,0.0505051,1.1,4,0.235936
1,0.0606061,0.9,1,0.239947
1,0.0606061,0.9,2,0.348001
1,0.0606061,0.9,3,0.196765
1,0.0606061,0.9,4,0.215287
1,0.0606061,1,1,0.265409
1,0.0606061,1,2,0.270132
1,0.0606061,1,3,0.183506
1,0.0606061,1,4,0.280953
1,0.0606061,1.1,1,0.246727
1,0.0606061,1.1,2,0.337083
1,0.0606061,1.1,3,0.195439
1,0.0606061,1.1,4,0.220751
1,0.0707071,0.9,1,0.224387
1,0.0707071,0.9,2,0.341773
1,0.0707071,0.9,3,0.209451
1,0.0707071,0.9,4,0.224389
1,0.0707071,1,1,0.238075
1,0.0707071,1,2,0.343539
1,0.0707071,1,3,0.194454
1,0.0707071,1,4,0.223932
1,0.0707071,1.1,1,0.24608
1,0.0707071,1.1,2,0.283065
1,0.0707071,1.1,3,0.196726
1,0.0707071,1.1,4,0.274129
1,0.0808081,0.9,1,0.237235
1,0.0808081,0.9,2,0.34286
1,0.0808081,0.9,3,0.197251
1,0.0808081,0.9,4,0.222654
1,0.0808081,1,1,0.255745
1,0.0808081,1,2,0.329203
1,0.0808081,1,3,0.17393
1,0.0808081,1,4,0.241122
1,0.0808081,1.1,1,0.237127
1,0.0808081,1.1,2,0.32481
1,0.0808081,1.1,3,0.224359
1,0.0808081,1.1,4,0.213703
1,0.0909091,0.9,1,0.244657
1,0.0909091,0.9,2,0.332549
1,0.0909091,0.9,3,0.180697
1,0.0909091,0.9,4,0.242097
1,0.0909091,1,1,0.281223
1,0.0909091,1,2,0.310801
1,0.0909091,1,3,0.160899
1,0.0909091,1,4,0.247077
1,0.0909091,1.1,1,0.30829
1,0.0909091,1.1,2,0.329818
1,0.0909091,1.1,3,0.120351
1,0.0909091,1.1,4,0.241541
1,0.10101,0.9,1,0.240367
1,0.10101,0.9,2,0.356605
1,0.10101,0.9,3,0.182943
1,0.10101,0.9,4,0.220085
1,0.10101,1,1,0.299286
1,0.10101,1,2,0.277216
1,0.10101,1,3,0.13576
1,0.10101,1,4,0.287739
1,0.10101,1.1,1,0.275871
1,0.10101,1.1,2,0.32212
1,0.10101,1.1,3,0.166474
1,0.10101,1.1,4,0.235534
1,0.111111,0.9,1,0.234592
1,0.111111,0.9,2,0.350237
1,0.111111,0.9,3,0.180391
1,0.111111,0.9,4,0.23478
1,0.111111,1,1,0.253009
1,0.111111,1,2,0.296889
1,0.111111,1,3,0.175881
1,0.111111,1,4,0.274222
1,0.111111,1.1,1,0.295238
1,0.111111,1.1,2,0.315978
1,0.111111,1.1,3,0.139144
1,0.111111,1.1,4,0.249639
1,0.121212,0.9,1,0.223315
1,0.121212,0.9,2,0.346389
1,0.121212,0.9,3,0.204152
1,0.121212,0.9,4,0.226144
1,0.121212,1,1,0.310122
1,0.121212,1,2,0.327798
1,0.121212,1,3,0.116355
1,0.121212,1,4,0.245724
1,0.121212,1.1,1,0.290867
1,0.121212,1.1,2,0.348455
1,0.121212,1.1,3,0.166789
1,0.121212,1.1,4,0.193889
1,0.131313,0.9,1,0.219087
1,0.131313,0.9,2,0.365466
1,0.131313,0.9,3,0.203864
1,0.131313,0.9,4,0.211583
1,0.131313,1,1,0.303135
1,0.131313,1,2,0.306693
1,0.131313,1,3,0.138642
1,0.131313,1,4,0.251531
1,0.131313,1.1,1,0.292334
1,0.131313,1.1,2,0.364462
1,0.131313,1.1,3,0.144095
1,0.131313,1.1,4,0.199109
1,0.141414,0.9,1,0.225893
1,0.141414,0.9,2,0.37336
1,0.141414,0.9,3,0.179073
1,0.141414,0.9,4,0.221674
1,0.141414,1,1,0.271928
1,0.141414,1,2,0.355185
1,0.141414,1,3,0.160615
1,0.141414,1,4,0.212272
1,0.141414,1.1,1,0.279169
1,0.141414,1.1,2,0.390633
1,0.141414,1.1,3,0.145806
1,0.141414,1.1,4,0.184392
1,0.151515,0.9,1,0.265525
1,0.151515,0.9,2,0.358822
1,0.151515,0.9,3,0.150337
1,0.151515,0.9,4,0.225316
1,0.151515,1,1,0.296512
1,0.151515,1,2,0.373595
1,0.151515,1,3,0.122807
1,0.151515,1,4,0.207086
1,0.151515,1.1,1,0.326395
1,0.151515,1.1,2,0.321966
1,0.151515,1.1,3,0.120205
1,0.151515,1.1,4,0.231434
1,0.161616,0.9,1,0.286833
1,0.161616,0.9,2,0.35619
1,0.161616,0.9,3,0.117066
1,0.161616,0.9,4,0.239911
1,0.161616,1,1,0.292519
1,0.161616,1,2,0.401509
1,0.161616,1,3,0.115949
1,0.161616,1,4,0.190023
1,0.161616,1.1,1,0.330976
1,0.161616,1.1,2,0.379876
1,0.161616,1.1,3,0.0937276
1,0.161616,1.1,4,0.195419
1,0.171717,0.9,1,0.251611
1,0.171717,0.9,2,0.405995
1,0.171717,0.9,3,0.143464
1,0.171717,0.9,4,0.19893
1,0.171717,1,1,0.288408
1,0.171717,1,2,0.350684
1,0.171717,1,3,0.124049
1,0.171717,1,4,0.236859
1,0.171717,1.1,1,0.320719
1,0.171717,1.1,2,0.392091
1,0.171717,1.1,3,0.11097
1,0.171717,1.1,4,0.17622
1,0.181818,0.9,1,0.24531
1,0.181818,0.9,2,0.353392
1,0.181818,0.9,3,0.165459
1,0.181818,0.9,4,0.235839
1,0.181818,1,1,0.305951
1,0.181818,1,2,0.362477
1,0.181818,1,3,0.114114
1,0.181818,1,4,0.217458
1,0.181818,1.1,1,0.318354
1,0.181818,1.1,2,0.377177
1,0.181818,1.1,3,0.114716
1,0.181818,1.1,4,0.189753
1,0.191919,0.9,1,0.246872
1,0.191919,0.9,2,0.387035
1,0.191919,0.9,3,0.145103
1,0.191919,0.9,4,0.220989
1,0.191919,1,1,0.290936
1,0.191919,1,2,0.373701
1,0.191919,1,3,0.108936
1,0.191919,1,4,0.226427
1,0.191919,1.1,1,0.308587
1,0.191919,1.1,2,0.400517
1,0.191919,1.1,3,0.11678
1,0.191919,1.1,4,0.174116
1,0.20202,0.9,1,0.240397
1,0.20202,0.9,2,0.400933
1,0.20202,0.9,3,0.164732
1,0.20202,0.9,4,0.193939
1,0.20202,1,1,0.295865
1,0.20202,1,2,0.411126
1,0.20202,1,3,0.099448
1,0.20202,1,4,0.193561
1,0.20202,1.1,1,0.275903
1,0.20202,1.1,2,0.40197
1,0.20202,1.1,3,0.141446
1,0.20202,1.1,4,0.180681
1,0.212121,0.9,1,0.239804
1,0.212121,0.9,2,0.402193
1,0.212121,0.9,3,0.149767
1,0.212121,0.9,4,0.208236
1,0.212121,1,1,0.30421
1,0.212121,1,2,0.367538
1,0.212121,1,3,0.0959145
1,0.212121,1,4,0.232338
1,0.212121,1.1,1,0.306437
1,0.212121,1.1,2,0.402398
1,0.212121,1.1,3,0.118849
1,0.212121,1.1,4,0.172316
1,0.222222,0.9,1,0.246668
1,0.222222,0.9,2,0.430061
1,0.222222,0.9,3,0.125045
1,0.222222,0.9,4,0.198226
1,0.222222,1,1,0.308578
1,0.222222,1,2,0.426758
1,0.222222,1,3,0.0755365
1,0.222222,1,4,0.189127
1,0.222222,1.1,1,0.299978
1,0.222222,1.1,2,0.407525
1,0.222222,1.1,3,0.116912
1,0.222222,1.1,4,0.175585
1,0.232323,0.9,1,0.266397
1,0.232323,0.9,2,0.446767
1,0.232323,0.9,3,0.0908833
1,0.232323,0.9,4,0.195952
1,0.232323,1,1,0.281353
1,0.232323,1,2,0.38056
1,0.232323,1,3,0.119838
1,0.232323,1,4,0.218249
1,0.232323,1.1,1,0.297989
1,0.232323,1.1,2,0.423407
1,0.232323,1.1,3,0.126541
1,0.232323,1.1,4,0.152062
1,0.242424,0.9,1,0.233761
1,0.242424,0.9,2,0.485382
1,0.242424,0.9,3,0.0941302
1,0.242424,0.9,4,0.186726
1,0.242424,1,1,0.29764
1,0.242424,1,2,0.405674
1,0.242424,1,3,0.100013
1,0.242424,1,4,0.196672
1,0.242424,1.1,1,0.310458
1,0.242424,1.1,2,0.423517
1,0.242424,1.1,3,0.0934129
1,0.242424,1.1,4,0.172612
1,0.252525,0.9,1,0.258254
1,0.252525,0.9,2,0.435444
1,0.252525,0.9,3,0.0876011
1,0.252525,0.9,4,0.218701
1,0.252525,1,1,0.323755
1,0.252525,1,2,0.361369
1,0.252525,1,3,0.0740659
1,0.252525,1,4,0.24081
1,0.252525,1.1,1,0.320726
1,0.252525,1.1,2,0.384034
1,0.252525,1.1,3,0.0903157
1,0.252525,1.1,4,0.204925
1,0.262626,0.9,1,0.21706
1,0.262626,0.9,2,0.494505
1,0.262626,0.9,3,0.106905
1,0.262626,0.9,4,0.181531
1,0.262626,1,1,0.27361
1,0.262626,1,2,0.427139
1,0.262626,1,3,0.114744
1,0.262626,1,4,0.184507
1,0.262626,1.1,1,0.329427
1,0.262626,1.1,2,0.407048
1,0.262626,1.1,3,0.0842273
1,0.262626,1.1,4,0.179298
1,0.272727,0.9,1,0.216628
1,0.272727,0.9,2,0.505083
1,0.272727,0.9,3,0.0889829
1,0.272727,0.9,4,0.189307
1,0.272727,1,1,0.270803
1,0.272727,1,2,0.453876
1,0.272727,1,3,0.0963052
1,0.272727,1,4,0.179015
1,0.272727,1.1,1,0.312048
1,0.272727,1.1,2,0.402501
1,0.272727,1.1,3,0.0815399
1,0.272727,1.1,4,0.203912
1,0.282828,0.9,1,0.188206
1,0.282828,0.9,2,0.546031
1,0.282828,0.9,3,0.102983
1,0.282828,0.9,4,0.162779
1,0.282828,1,1,0.27962
1,0.282828,1,2,0.42963
1,0.282828,1,3,0.0927041
1,0.282828,1,4,0.198045
1,0.282828,1.1,1,0.296304
1,0.282828,1.1,2,0.418827
1,0.282828,1.1,3,0.10447
1,0.282828,1.1,4,0.180398
1,0.292929,0.9,1,0.174391
1,0.292929,0.9,2,0.601542
1,0.292929,0.9,3,0.0645987
1,0.292929,0.9,4,0.159469
1,0.292929,1,1,0.274971
1,0.292929,1,2,0.435802
1,0.292929,1,3,0.099218
1,0.292929,1,4,0.190009
1,0.292929,1.1,1,0.310228
1,0.292929,1.1,2,0.427983
1,0.292929,1.1,3,0.0856035
1,0.292929,1.1,4,0.176186
1,0.30303,0.9,1,0.177231
1,0.30303,0.9,2,0.583408
1,0.30303,0.9,3,0.0830016
1,0.30303,0.9,4,0.15636
1,0.30303,1,1,0.323431
1,0.30303,1,2,0.413785
1,0.30303,1,3,0.0323565
1,0.30303,1,4,0.230427
1,0.30303,1.1,1,0.289163
1,0.30303,1.1,2,0.441488
1,0.30303,1.1,3,0.109736
1,0.30303,1.1,4,0.159612
1,0.313131,0.9,1,0.166602
1,0.313131,0.9,2,0.642257
1,0.313131,0.9,3,0.0383005
1,0.313131,0.9,4,0.152841
1,0.313131,1,1,0.275832
1,0.313131,1,2,0.404103
1,0.313131,1,3,0.0964443
1,0.313131,1,4,0.223621
1,0.313131,1.1,1,0.288691
1,0.313131,1.1,2,0.478152
1,0.313131,1.1,3,0.0913104
1,0.313131,1.1,4,0.141846
1,0.323232,0.9,1,0.150949
1,0.323232,0.9,2,0.690514
1,0.323232,0.9,3,0.0312359
1,0.323232,0.9,4,0.127301
1,0.323232,1,1,0.302549
1,0.323232,1,2,0.416811
1,0.323232,1,3,0.0570612
1,0.323232,1,4,0.223578
1,0.323232,1.1,1,0.301295
1,0.323232,1.1,2,0.418909
1,0.323232,1.1,3,0.0982089
1,0.323232,1.1,4,0.181587
1,0.333333,0.9,1,0.0862588
1,0.333333,0.9,2,0.808318
1,0.333333,0.9,3,0.022214
1,0.333333,0.9,4,0.0832092
1,0.333333,1,1,0.275296
1,0.333333,1,2,0.442761
1,0.333333,1,3,0.0693829
1,0.333333,1,4,0.212559
1,0.333333,1.1,1,0.281959
1,0.333333,1.1,2,0.440681
1,0.333333,1.1,3,0.107959
1,0.333333,1.1,4,0.169401
1,0.343434,0.9,1,0.0719381
1,0.343434,0.9,2,0.832863
1,0.343434,0.9,3,0.0265891
1,0.343434,0.9,4,0.0686098
1,0.343434,1,1,0.261865
1,0.343434,1,2,0.462991
1,0.343434,1,3,0.0630768
1,0.343434,1,4,0.212067
1,0.343434,1.1,1,0.303696
1,0.343434,1.1,2,0.425123
1,0.343434,1.1,3,0.086883
1,0.343434,1.1,4,0.184298
1,0.353535,0.9,1,0.0418309
1,0.353535,0.9,2,0.885104
1,0.353535,0.9,3,0.0330241
1,0.353535,0.9,4,0.0400412
1,0.353535,1,1,0.243447
1,0.353535,1,2,0.493664
1,0.353535,1,3,0.0544802
1,0.353535,1,4,0.208409
1,0.353535,1.1,1,0.278574
1,0.353535,1.1,2,0.457173
1,0.353535,1.1,3,0.105089
1,0.353535,1.1,4,0.159163
1,0.363636,0.9,1,0.0300092
1,0.363636,0.9,2,0.920807
1,0.363636,0.9,3,0.0191765
1,0.363636,0.9,4,0.0300076
1,0.363636,1,1,0.247531
1,0.363636,1,2,0.491569
1,0.363636,1,3,0.0553175
1,0.363636,1,4,0.205582
1,0.363636,1.1,1,0.279007
1,0.363636,1.1,2,0.441932
1,0.363636,1.1,3,0.094472
1,0.363636,1.1,4,0.184588
1,0.373737,0.9,1,0.0530515
1,0.373737,0.9,2,0.876547
1,0.373737,0.9,3,0.0173673
1,0.373737,0.9,4,0.0530347
1,0.373737,1,1,0.243348
1,0.373737,1,2,0.50058
1,0.373737,1,3,0.0495485
1,0.373737,1,4,0.206524
1,0.373737,1.1,1,0.289345
1,0.373737,1.1,2,0.430053
1,0.373737,1.1,3,0.0974858
1,0.373737,1.1,4,0.183116
1,0.383838,0.9,1,0.0453184
1,0.383838,0.9,2,0.892957
1,0.383838,0.9,3,0.0164148
1,0.383838,0.9,4,0.0453096
1,0.383838,1,1,0.148959
1,0.383838,1,2,0.678241
1,0.383838,1,3,0.0506858
1,0.383838,1,4,0.122114
1,0.383838,1.1,1,0.277115
1,0.383838,1.1,2,0.458658
1,0.383838,1.1,3,0.0839833
1,0.383838,1.1,4,0.180244
1,0.393939,0.9,1,0.0401579
1,0.393939,0.9,2,0.909442
1,0.393939,0.9,3,0.0102427
1,0.393939,0.9,4,0.0401575
1,0.393939,1,1,0.136938
1,0.393939,1,2,0.706701
1,0.393939,1,3,0.034642
1,0.393939,1,4,0.121719
1,0.393939,1.1,1,0.274805
1,0.393939,1.1,2,0.45914
1,0.393939,1.1,3,0.0853268
1,0.393939,1.1,4,0.180729
1,0.40404,0.9,1,0.0259246
1,0.40404,0.9,2,0.92929
1,0.40404,0.9,3,0.0188485
1,0.40404,0.9,4,0.0259365
1,0.40404,1,1,0.177741
1,0.40404,1,2,0.613301
1,0.40404,1,3,0.0443965
1,0.40404,1,4,0.164561
1,0.40404,1.1,1,0.235741
1,0.40404,1.1,2,0.520439
1,0.40404,1.1,3,0.10256
1,0.40404,1.1,4,0.141261
1,0.414141,0.9,1,0.03002
1,0.414141,0.9,2,0.917401
1,0.414141,0.9,3,0.0133816
1,0.414141,0.9,4,0.039197
1,0.414141,1,1,0.109124
1,0.414141,1,2,0.761435
1,0.414141,1,3,0.0451017
1,0.414141,1,4,0.0843396
1,0.414141,1.1,1,0.287509
1,0.414141,1.1,2,0.426577
1,0.414141,1.1,3,0.081303
1,0.414141,1.1,4,0.204611
1,0.424242,0.9,1,0.0238864
1,0.424242,0.9,2,0.935476
1,0.424242,0.9,3,0.0166064
1,0.424242,0.9,4,0.0240312
1,0.424242,1,1,0.0662633
1,0.424242,1,2,0.849329
1,0.424242,1,3,0.0174781
1,0.424242,1,4,0.0669294
1,0.424242,1.1,1,0.227936
1,0.424242,1.1,2,0.513893
1,0.424242,1.1,3,0.0899789
1,0.424242,1.1,4,0.168192
1,0.434343,0.9,1,0.0503769
1,0.434343,0.9,2,0.894872
1,0.434343,0.9,3,0.0043662
1,0.434343,0.9,4,0.0503848
1,0.434343,1,1,0.0764834
1,0.434343,1,2,0.841054
1,0.434343,1,3,0.0139167
1,0.434343,1,4,0.0685455
1,0.434343,1.1,1,0.20111
1,0.434343,1.1,2,0.561603
1,0.434343,1.1,3,0.0916384
1,0.434343,1.1,4,0.145649
1,0.444444,0.9,1,0.0451631
1,0.444444,0.9,2,0.897657
1,0.444444,0.9,3,0.0121525
1,0.444444,0.9,4,0.045027
1,0.444444,1,1,0.0736847
1,0.444444,1,2,0.842272
1,0.444444,1,3,0.0136897
1,0.444444,1,4,0.0703532
1,0.444444,1.1,1,0.19828
1,0.444444,1.1,2,0.561501
1,0.444444,1.1,3,0.0701883
1,0.444444,1.1,4,0.170031
1,0.454545,0.9,1,0.0445018
1,0.454545,0.9,2,0.898728
1,0.454545,0.9,3,0.0121646
1,0.454545,0.9,4,0.0446057
1,0.454545,1,1,0.0585802
1,0.454545,1,2,0.861464
1,0.454545,1,3,0.0243689
1,0.454545,1,4,0.0555874
1,0.454545,1.1,1,0.175078
1,0.454545,1.1,2,0.632399
1,0.454545,1.1,3,0.0600373
1,0.454545,1.1,4,0.132485
1,0.464646,0.9,1,0.0334248
1,0.464646,0.9,2,0.908916
1,0.464646,0.9,3,0.0130622
1,0.464646,0.9,4,0.0445968
1,0.464646,1,1,0.0592091
1,0.464646,1,2,0.866667
1,0.464646,1,3,0.0149178
1,0.464646,1,4,0.0592064
1,0.464646,1.1,1,0.118858
1,0.464646,1.1,2,0.729464
1,0.464646,1.1,3,0.0534275
1,0.464646,1.1,4,0.0982512
1,0.474747,0.9,1,0.0425441
1,0.474747,0.9,2,0.906534
1,0.474747,0.9,3,0.0083738
1,0.474747,0.9,4,0.0425481
1,0.474747,1,1,0.0551541
1,0.474747,1,2,0.865371
1,0.474747,1,3,0.0259927
1,0.474747,1,4,0.053482
1,0.474747,1.1,1,0.11941
1,0.474747,1.1,2,0.726987
1,0.474747,1.1,3,0.0479438
1,0.474747,1.1,4,0.105659
1,0.484848,0.9,1,0.0265028
1,0.484848,0.9,2,0.919854
1,0.484848,0.9,3,0.0184385
1,0.484848,0.9,4,0.0352045
1,0.484848,1,1,0.0810426
1,0.484848,1,2,0.815942
1,0.484848,1,3,0.0219686
1,0.484848,1,4,0.0810467
1,0.484848,1.1,1,0.108509
1,0.484848,1.1,2,0.761279
1,0.484848,1.1,3,0.0431996
1,0.484848,1.1,4,0.087012
1,0.494949,0.9,1,0.0505643
1,0.494949,0.9,2,0.880982
1,0.494949,0.9,3,0.0037194
1,0.494949,0.9,4,0.0647342
1,0.494949,1,1,0.0460223
1,0.494949,1,2,0.892033
1,0.494949,1,3,0.0159204
1,0.494949,1,4,0.0460239
1,0.494949,1.1,1,0.0784599
1,0.494949,1.1,2,0.802532
1,0.494949,1.1,3,0.0455785
1,0.494949,1.1,4,0.0734298
1,0.505051,0.9,1,0.052023
1,0.505051,0.9,2,0.865464
1,0.505051,0.9,3,0.0210684
1,0.505051,0.9,4,0.0614451
1,0.505051,1,1,0.0631841
1,0.505051,1,2,0.858396
1,0.505051,1,3,0.0173132
1,0.505051,1,4,0.0611065
1,0.505051,1.1,1,0.0730596
1,0.505051,1.1,2,0.833108
1,0.505051,1.1,3,0.0297542
1,0.505051,1.1,4,0.0640782
1,0.515152,0.9,1,0.0286323
1,0.515152,0.9,2,0.899497
1,0.515152,0.9,3,0.0223736
1,0.515152,0.9,4,0.0494966
1,0.515152,1,1,0.0666887
1,0.515152,1,2,0.865389
1,0.515152,1,3,0.0026493
1,0.515152,1,4,0.0652725
1,0.515152,1.1,1,0.0944994
1,0.515152,1.1,2,0.798234
1,0.515152,1.1,3,0.0228618
1,0.515152,1.1,4,0.0844051
1,0.525253,0.9,1,0.0420049
1,0.525253,0.9,2,0.869756
1,0.525253,0.9,3,0.0299828
1,0.525253,0.9,4,0.0582562
1,0.525253,1,1,0.0518078
1,0.525253,1,2,0.879392
1,0.525253,1,3,0.0162559
1,0.525253,1,4,0.0525442
1,0.525253,1.1,1,0.0489594
1,0.525253,1.1,2,0.874971
1,0.525253,1.1,3,0.0271598
1,0.525253,1.1,4,0.0489093
1,0.535354,0.9,1,0.0715265
1,0.535354,0.9,2,0.819749
1,0.535354,0.9,3,0.012276
1,0.535354,0.9,4,0.096449
1,0.535354,1,1,0.0836382
1,0.535354,1,2,0.822019
1,0.535354,1,3,0.0099369
1,0.535354,1,4,0.0844061
1,0.535354,1.1,1,0.0736757
1,0.535354,1.1,2,0.808343
1,0.535354,1.1,3,0.0455716
1,0.535354,1.1,4,0.0724101
1,0.545455,0.9,1,0.0808095
1,0.545455,0.9,2,0.770378
1,0.545455,0.9,3,0.0218247
1,0.545455,0.9,4,0.126987
1,0.545455,1,1,0.0512845
1,0.545455,1,2,0.890649
1,0.545455,1,3,0.0076087
1,0.545455,1,4,0.0504582
1,0.545455,1.1,1,0.0671111
1,0.545455,1.1,2,0.847614
1,0.545455,1.1,3,0.0206787
1,0.545455,1.1,4,0.064596
1,0.555556,0.9,1,0.125838
1,0.555556,0.9,2,0.670903
1,0.555556,0.9,3,0.0410065
1,0.555556,0.9,4,0.162253
1,0.555556,1,1,0.0467454
1,0.555556,1,2,0.88732
1,0.555556,1,3,0.0125603
1,0.555556,1,4,0.0533741
1,0.555556,1.1,1,0.0560186
1,0.555556,1.1,2,0.877843
1,0.555556,1.1,3,0.0101145
1,0.555556,1.1,4,0.0560237
1,0.565657,0.9,1,0.110635
1,0.565657,0.9,2,0.695874
1,0.565657,0.9,3,0.0445354
1,0.565657,0.9,4,0.148956
1,0.565657,1,1,0.0667451
1,0.565657,1,2,0.842159
1,0.565657,1,3,0.0224554
1,0.565657,1,4,0.0686409
1,0.565657,1.1,1,0.0541027
1,0.565657,1.1,2,0.875575
1,0.565657,1.1,3,0.0177875
1,0.565657,1.1,4,0.0525352
1,0.575758,0.9,1,0.114967
1,0.575758,0.9,2,0.673939
1,0.575758,0.9,3,0.0498869
1,0.575758,0.9,4,0.161207
1,0.575758,1,1,0.105853
1,0.575758,1,2,0.762437
1,0.575758,1,3,0.0258546
1,0.575758,1,4,0.105856
1,0.575758,1.1,1,0.070309
1,0.575758,1.1,2,0.846963
1,0.575758,1.1,3,0.0147556
1,0.575758,1.1,4,0.0679719
1,0.585859,0.9,1,0.1272
1,0.585859,0.9,2,0.630171
1,0.585859,0.9,3,0.0385776
1,0.585859,0.9,4,0.204052
1,0.585859,1,1,0.11
1,0.585859,1,2,0.740309
1,0.585859,1,3,0.0356938
1,0.585859,1,4,0.113997
1,0.585859,1.1,1,0.0516525
1,0.585859,1.1,2,0.875344
1,0.585859,1.1,3,0.0213498
1,0.585859,1.1,4,0.0516536
1,0.59596,0.9,1,0.125336
1,0.59596,0.9,2,0.614097
1,0.59596,0.9,3,0.0558552
1,0.59596,0.9,4,0.204712
1,0.59596,1,1,0.141231
1,0.59596,1,2,0.691356
1,0.59596,1,3,0.0141808
1,0.59596,1,4,0.153232
1,0.59596,1.1,1,0.0486404
1,0.59596,1.1,2,0.877786
1,0.59596,1.1,3,0.0229513
1,0.59596,1.1,4,0.0506225
1,0.606061,0.9,1,0.12687
1,0.606061,0.9,2,0.606811
1,0.606061,0.9,3,0.0502057
1,0.606061,0.9,4,0.216113
1,0.606061,1,1,0.154846
1,0.606061,1,2,0.637097
1,0.606061,1,3,0.0355756
1,0.606061,1,4,0.172482
1,0.606061,1.1,1,0.0521742
1,0.606061,1.1,2,0.869077
1,0.606061,1.1,3,0.0280527
1,0.606061,1.1,4,0.0506962
1,0.616162,0.9,1,0.138697
1,0.616162,0.9,2,0.556612
1,0.616162,0.9,3,0.0735435
1,0.616162,0.9,4,0.231148
1,0.616162,1,1,0.173965
1,0.616162,1,2,0.595227
1,0.616162,1,3,0.0334253
1,0.616162,1,4,0.197383
1,0.616162,1.1,1,0.0814681
1,0.616162,1.1,2,0.814054
1,0.616162,1.1,3,0.0193774
1,0.616162,1.1,4,0.0851007
1,0.626263,0.9,1,0.179467
1,0.626263,0.9,2,0.494954
1,0.626263,0.9,3,0.0612418
1,0.626263,0.9,4,0.264337
1,0.626263,1,1,0.174437
1,0.626263,1,2,0.56808
1,0.626263,1,3,0.0633783
1,0.626263,1,4,0.194105
1,0.626263,1.1,1,0.106881
1,0.626263,1.1,2,0.756753
1,0.626263,1.1,3,0.0311633
1,0.626263,1.1,4,0.105203
1,0.636364,0.9,1,0.125305
1,0.636364,0.9,2,0.578007
1,0.636364,0.9,3,0.0516383
1,0.636364,0.9,4,0.245049
1,0.636364,1,1,0.187184
1,0.636364,1,2,0.553989
1,0.636364,1,3,0.0300913
1,0.636364,1,4,0.228736
1,0.636364,1.1,1,0.0675527
1,0.636364,1.1,2,0.833805
1,0.636364,1.1,3,0.0269149
1,0.636364,1.1,4,0.0717277
1,0.646465,0.9,1,0.17263
1,0.646465,0.9,2,0.456596
1,0.646465,0.9,3,0.079712
1,0.646465,0.9,4,0.291062
1,0.646465,1,1,0.257662
1,0.646465,1,2,0.403901
1,0.646465,1,3,0.0531434
1,0.646465,1,4,0.285294
1,0.646465,1.1,1,0.0947895
1,0.646465,1.1,2,0.767438
1,0.646465,1.1,3,0.0397508
1,0.646465,1.1,4,0.098022
1,0.656566,0.9,1,0.196671
1,0.656566,0.9,2,0.457846
1,0.656566,0.9,3,0.057583
1,0.656566,0.9,4,0.2879
1,0.656566,1,1,0.184699
1,0.656566,1,2,0.478202
1,0.656566,1,3,0.0669513
1,0.656566,1,4,0.270147
1,0.656566,1.1,1,0.0980486
1,0.656566,1.1,2,0.726685
1,0.656566,1.1,3,0.0674669
1,0.656566,1.1,4,0.107799
1,0.666667,0.9,1,0.171123
1,0.666667,0.9,2,0.501168
1,0.666667,0.9,3,0.0396837
1,0.666667,0.9,4,0.288025
1,0.666667,1,1,0.224697
1,0.666667,1,2,0.413886
1,0.666667,1,3,0.0661891
1,0.666667,1,4,0.295228
1,0.666667,1.1,1,0.0815882
1,0.666667,1.1,2,0.737578
1,0.666667,1.1,3,0.0614357
1,0.666667,1.1,4,0.119398
1,0.676768,0.9,1,0.161569
1,0.676768,0.9,2,0.502027
1,0.676768,0.9,3,0.0519195
1,0.676768,0.9,4,0.284485
1,0.676768,1,1,0.197626
1,0.676768,1,2,0.449949
1,0.676768,1,3,0.0856901
1,0.676768,1,4,0.266735
1,0.676768,1.1,1,0.143767
1,0.676768,1.1,2,0.620658
1,0.676768,1.1,3,0.0683742
1,0.676768,1.1,4,0.167201
1,0.686869,0.9,1,0.166252
1,0.686869,0.9,2,0.482804
1,0.686869,0.9,3,0.0682578
1,0.686869,0.9,4,0.282686
1,0.686869,1,1,0.213881
1,0.686869,1,2,0.413722
1,0.686869,1,3,0.0787634
1,0.686869,1,4,0.293633
1,0.686869,1.1,1,0.178666
1,0.686869,1.1,2,0.554279
1,0.686869,1.1,3,0.0672763
1,0.686869,1.1,4,0.199779
1,0.69697,0.9,1,0.17958
1,0.69697,0.9,2,0.463632
1,0.69697,0.9,3,0.0682762
1,0.69697,0.9,4,0.288512
1,0.69697,1,1,0.221381
1,0.69697,1,2,0.414488
1,0.69697,1,3,0.0556775
1,0.69697,1,4,0.308454
1,0.69697,1.1,1,0.15931
1,0.69697,1.1,2,0.561844
1,0.69697,1.1,3,0.0659393
1,0.69697,1.1,4,0.212907
1,0.707071,0.9,1,0.146053
1,0.707071,0.9,2,0.486567
1,0.707071,0.9,3,0.0930077
1,0.707071,0.9,4,0.274372
1,0.707071,1,1,0.208022
1,0.707071,1,2,0.411763
1,0.707071,1,3,0.0907168
1,0.707071,1,4,0.289498
1,0.707071,1.1,1,0.177093
1,0.707071,1.1,2,0.500412
1,0.707071,1.1,3,0.111239
1,0.707071,1.1,4,0.211256
1,0.717172,0.9,1,0.193581
1,0.717172,0.9,2,0.436552
1,0.717172,0.9,3,0.058791
1,0.717172,0.9,4,0.311076
1,0.717172,1,1,0.210079
1,0.717172,1,2,0.422803
1,0.717172,1,3,0.0774335
1,0.717172,1,4,0.289684
1,0.717172,1.1,1,0.191005
1,0.717172,1.1,2,0.45643
1,0.717172,1.1,3,0.116357
1,0.717172,1.1,4,0.236208
1,0.727273,0.9,1,0.16206
1,0.727273,0.9,2,0.477613
1,0.727273,0.9,3,0.0671613
1,0.727273,0.9,4,0.293166
1,0.727273,1,1,0.206915
1,0.727273,1,2,0.412811
1,0.727273,1,3,0.0964213
1,0.727273,1,4,0.283853
1,0.727273,1.1,1,0.216333
1,0.727273,1.1,2,0.420863
1,0.727273,1.1,3,0.0993467
1,0.727273,1.1,4,0.263457
1,0.737374,0.9,1,0.16122
1,0.737374,0.9,2,0.495443
1,0.737374,0.9,3,0.0521757
1,0.737374,0.9,4,0.291161
1,0.737374,1,1,0.161614
1,0.737374,1,2,0.453747
1,0.737374,1,3,0.104301
1,0.737374,1,4,0.280339
1,0.737374,1.1,1,0.185678
1,0.737374,1.1,2,0.456038
1,0.737374,1.1,3,0.117008
1,0.737374,1.1,4,0.241276
1,0.747475,0.9,1,0.148348
1,0.747475,0.9,2,0.500587
1,0.747475,0.9,3,0.0510856
1,0.747475,0.9,4,0.29998
1,0.747475,1,1,0.22845
1,0.747475,1,2,0.371271
1,0.747475,1,3,0.0952133
1,0.747475,1,4,0.305065
1,0.747475,1.1,1,0.177731
1,0.747475,1.1,2,0.452248
1,0.747475,1.1,3,0.122919
1,0.747475,1.1,4,0.247102
1,0.757576,0.9,1,0.135402
1,0.757576,0.9,2,0.498715
1,0.757576,0.9,3,0.0648427
1,0.757576,0.9,4,0.30104
1,0.757576,1,1,0.228086
1,0.757576,1,2,0.362996
1,0.757576,1,3,0.0988275
1,0.757576,1,4,0.31009
1,0.757576,1.1,1,0.196081
1,0.757576,1.1,2,0.438386
1,0.757576,1.1,3,0.094301
1,0.757576,1.1,4,0.271231
1,0.767677,0.9,1,0.156822
1,0.767677,0.9,2,0.491766
1,0.767677,0.9,3,0.0543341
1,0.767677,0.9,4,0.297078
1,0.767677,1,1,0.197454
1,0.767677,1,2,0.413008
1,0.767677,1,3,0.086822
1,0.767677,1,4,0.302716
1,0.767677,1.1,1,0.214983
1,0.767677,1.1,2,0.395643
1,0.767677,1.1,3,0.110282
1,0.767677,1.1,4,0.279092
1,0.777778,0.9,1,0.17328
1,0.777778,0.9,2,0.468916
1,0.777778,0.9,3,0.0535776
1,0.777778,0.9,4,0.304226
1,0.777778,1,1,0.198856
1,0.777778,1,2,0.402346
1,0.777778,1,3,0.0996193
1,0.777778,1,4,0.299178
1,0.777778,1.1,1,0.210188
1,0.777778,1.1,2,0.391471
1,0.777778,1.1,3,0.123491
1,0.777778,1.1,4,0.274849
1,0.787879,0.9,1,0.144804
1,0.787879,0.9,2,0.482454
1,0.787879,0.9,3,0.0897738
1,0.787879,0.9,4,0.282969
1,0.787879,1,1,0.204368
1,0.787879,1,2,0.398675
1,0.787879,1,3,0.0706464
1,0.787879,1,4,0.326311
1,0.787879,1.1,1,0.19219
1,0.787879,1.1,2,0.422369
1,0.787879,1.1,3,0.119909
1,0.787879,1.1,4,0.265532
1,0.79798,0.9,1,0.154081
1,0.79798,0.9,2,0.494328
1,0.79798,0.9,3,0.0498914
1,0.79798,0.9,4,0.301699
1,0.79798,1,1,0.22063
1,0.79798,1,2,0.376213
1,0.79798,1,3,0.100209
1,0.79798,1,4,0.302948
1,0.79798,1.1,1,0.225457
1,0.79798,1.1,2,0.368995
1,0.79798,1.1,3,0.144274
1,0.79798,1.1,4,0.261275
1,0.808081,0.9,1,0.196735
1,0.808081,0.9,2,0.437962
1,0.808081,0.9,3,0.043038
1,0.808081,0.9,4,0.322265
1,0.808081,1,1,0.203052
1,0.808081,1,2,0.398282
1,0.808081,1,3,0.125488
1,0.808081,1,4,0.273177
1,0.808081,1.1,1,0.218382
1,0.808081,1.1,2,0.370106
1,0.808081,1.1,3,0.14519
1,0.808081,1.1,4,0.266322
1,0.818182,0.9,1,0.174373
1,0.818182,0.9,2,0.463416
1,0.818182,0.9,3,0.0483159
1,0.818182,0.9,4,0.313896
1,0.818182,1,1,0.252421
1,0.818182,1,2,0.340622
1,0.818182,1,3,0.0890455
1,0.818182,1,4,0.317911
1,0.818182,1.1,1,0.23664
1,0.818182,1.1,2,0.349938
1,0.818182,1.1,3,0.120474
1,0.818182,1.1,4,0.292948
1,0.828283,0.9,1,0.20314
1,0.828283,0.9,2,0.435383
1,0.828283,0.9,3,0.0825281
1,0.828283,0.9,4,0.278949
1,0.828283,1,1,0.187247
1,0.828283,1,2,0.391239
1,0.828283,1,3,0.149751
1,0.828283,1,4,0.271762
1,0.828283,1.1,1,0.208712
1,0.828283,1.1,2,0.388648
1,0.828283,1.1,3,0.105764
1,0.828283,1.1,4,0.296876
1,0.838384,0.9,1,0.165998
1,0.838384,0.9,2,0.46435
1,0.838384,0.9,3,0.0769236
1,0.838384,0.9,4,0.292728
1,0.838384,1,1,0.217089
1,0.838384,1,2,0.353288
1,0.838384,1,3,0.156589
1,0.838384,1,4,0.273033
1,0.838384,1.1,1,0.211478
1,0.838384,1.1,2,0.375422
1,0.838384,1.1,3,0.160627
1,0.838384,1.1,4,0.252473
1,0.848485,0.9,1,0.190208
1,0.848485,0.9,2,0.450561
1,0.848485,0.9,3,0.0602159
1,0.848485,0.9,4,0.299016
1,0.848485,1,1,0.238646
1,0.848485,1,2,0.343585
1,0.848485,1,3,0.1385
1,0.848485,1,4,0.279269
1,0.848485,1.1,1,0.226504
1,0.848485,1.1,2,0.355874
1,0.848485,1.1,3,0.154733
1,0.848485,1.1,4,0.262889
1,0.858586,0.9,1,0.155619
1,0.858586,0.9,2,0.486187
1,0.858586,0.9,3,0.0722531
1,0.858586,0.9,4,0.285941
1,0.858586,1,1,0.2224
1,0.858586,1,2,0.364517
1,0.858586,1,3,0.124102
1,0.858586,1,4,0.288981
1,0.858586,1.1,1,0.240217
1,0.858586,1.1,2,0.322977
1,0.858586,1.1,3,0.1868
1,0.858586,1.1,4,0.250006
1,0.868687,0.9,1,0.183575
1,0.868687,0.9,2,0.45119
1,0.868687,0.9,3,0.0919428
1,0.868687,0.9,4,0.273293
1,0.868687,1,1,0.220303
1,0.868687,1,2,0.354921
1,0.868687,1,3,0.167096
1,0.868687,1,4,0.25768
1,0.868687,1.1,1,0.228725
1,0.868687,1.1,2,0.337709
1,0.868687,1.1,3,0.15769
1,0.868687,1.1,4,0.275876
1,0.878788,0.9,1,0.229995
1,0.878788,0.9,2,0.402526
1,0.878788,0.9,3,0.102737
1,0.878788,0.9,4,0.264742
1,0.878788,1,1,0.203739
1,0.878788,1,2,0.370503
1,0.878788,1,3,0.147058
1,0.878788,1,4,0.2787
1,0.878788,1.1,1,0.211732
1,0.878788,1.1,2,0.349217
1,0.878788,1.1,3,0.191156
1,0.878788,1.1,4,0.247896
1,0.888889,0.9,1,0.213525
1,0.888889,0.9,2,0.412911
1,0.888889,0.9,3,0.099188
1,0.888889,0.9,4,0.274376
1,0.888889,1,1,0.226952
1,0.888889,1,2,0.35474
1,0.888889,1,3,0.167406
1,0.888889,1,4,0.250902
1,0.888889,1.1,1,0.225159
1,0.888889,1.1,2,0.360731
1,0.888889,1.1,3,0.15816
1,0.888889,1.1,4,0.25595
1,0.89899,0.9,1,0.219072
1,0.89899,0.9,2,0.416479
1,0.89899,0.9,3,0.0969182
1,0.89899,0.9,4,0.267531
1,0.89899,1,1,0.206243
1,0.89899,1,2,0.361353
1,0.89899,1,3,0.160011
1,0.89899,1,4,0.272392
1,0.89899,1.1,1,0.282748
1,0.89899,1.1,2,0.255728
1,0.89899,1.1,3,0.226998
1,0.89899,1.1,4,0.234526
1,0.909091,0.9,1,0.208588
1,0.909091,0.9,2,0.423176
1,0.909091,0.9,3,0.115118
1,0.909091,0.9,4,0.253118
1,0.909091,1,1,0.267241
1,0.909091,1,2,0.291795
1,0.909091,1,3,0.151771
1,0.909091,1,4,0.289193
1,0.909091,1.1,1,0.252848
1,0.909091,1.1,2,0.283822
1,0.909091,1.1,3,0.241931
1,0.909091,1.1,4,0.221399
1,0.919192,0.9,1,0.228275
1,0.919192,0.9,2,0.399875
1,0.919192,0.9,3,0.0818131
1,0.919192,0.9,4,0.290037
1,0.919192,1,1,0.240987
1,0.919192,1,2,0.313891
1,0.919192,1,3,0.208279
1,0.919192,1,4,0.236843
1,0.919192,1.1,1,0.235307
1,0.919192,1.1,2,0.317515
1,0.919192,1.1,3,0.241559
1,0.919192,1.1,4,0.205618
1,0.929293,0.9,1,0.235127
1,0.929293,0.9,2,0.397252
1,0.929293,0.9,3,0.113691
1,0.929293,0.9,4,0.25393
1,0.929293,1,1,0.269369
1,0.929293,1,2,0.292076
1,0.929293,1,3,0.161039
1,0.929293,1,4,0.277515
1,0.929293,1.1,1,0.280915
1,0.929293,1.1,2,0.275052
1,0.929293,1.1,3,0.231704
1,0.929293,1.1,4,0.212328
1,0.939394,0.9,1,0.279982
1,0.939394,0.9,2,0.338781
1,0.939394,0.9,3,0.137311
1,0.939394,0.9,4,0.243925
1,0.939394,1,1,0.282724
1,0.939394,1,2,0.278388
1,0.939394,1,3,0.182628
1,0.939394,1,4,0.25626
1,0.939394,1.1,1,0.257481
1,0.939394,1.1,2,0.287079
1,0.939394,1.1,3,0.217518
1,0.939394,1.1,4,0.237923
1,0.949495,0.9,1,0.29059
1,0.949495,0.9,2,0.347539
1,0.949495,0.9,3,0.127829
1,0.949495,0.9,4,0.234043
1,0.949495,1,1,0.260167
1,0.949495,1,2,0.297094
1,0.949495,1,3,0.185355
1,0.949495,1,4,0.257383
1,0.949495,1.1,1,0.254618
1,0.949495,1.1,2,0.294934
1,0.949495,1.1,3,0.189079
1,0.949495,1.1,4,0.261369
1,0.959596,0.9,1,0.248006
1,0.959596,0.9,2,0.388002
1,0.959596,0.9,3,0.135567
1,0.959596,0.9,4,0.228425
1,0.959596,1,1,0.243432
1,0.959596,1,2,0.311839
1,0.959596,1,3,0.194692
1,0.959596,1,4,0.250037
1,0.959596,1.1,1,0.265843
1,0.959596,1.1,2,0.268863
1,0.959596,1.1,3,0.255439
1,0.959596,1.1,4,0.209855
1,0.969697,0.9,1,0.26521
1,0.969697,0.9,2,0.372886
1,0.969697,0.9,3,0.159128
1,0.969697,0.9,4,0.202776
1,0.969697,1,1,0.231576
1,0.969697,1,2,0.326224
1,0.969697,1,3,0.190343
1,0.969697,1,4,0.251856
1,0.969697,1.1,1,0.319815
1,0.969697,1.1,2,0.218191
1,0.969697,1.1,3,0.245957
1,0.969697,1.1,4,0.216036
1,0.979798,0.9,1,0.25674
1,0.979798,0.9,2,0.383583
1,0.979798,0.9,3,0.157328
1,0.979798,0.9,4,0.202348
1,0.979798,1,1,0.296478
1,0.979798,1,2,0.265414
1,0.979798,1,3,0.202847
1,0.979798,1,4,0.235261
1,0.979798,1.1,1,0.279677
1,0.979798,1.1,2,0.265999
1,0.979798,1.1,3,0.188832
1,0.979798,1.1,4,0.265492
1,0.989899,0.9,1,0.284978
1,0.989899,0.9,2,0.361738
1,0.989899,0.9,3,0.148267
1,0.989899,0.9,4,0.205018
1,0.989899,1,1,0.221307
1,0.989899,1,2,0.328723
1,0.989899,1,3,0.21377
1,0.989899,1,4,0.236199
1,0.989899,1.1,1,0.29655
1,0.989899,1.1,2,0.255619
1,0.989899,1.1,3,0.222143
1,0.989899,1.1,4,0.225687
1,1,0.9,1,0.338018
1,1,0.9,2,0.300138
1,1,0.9,3,0.189001
1,1,0.9,4,0.172843
1,1,1,1,0.285976
1,1,1,2,0.267193
1,1,1,3,0.222323
1,1,1,4,0.224507
1,1,1.1,1,0.262167
1,1,1.1,2,0.279573
1,1,1.1,3,0.239749
1,1,1.1,4,0.21851
